feature,train,serve,gap,gain,gain_at_risk
prev_hosei,0.8541747380742377,0.463,-0.3911747380742377,7.4693576575609475,2.9218240252792054
斤量体重比,1.0,0.0,-1.0,1.0697785283767978,1.0697785283767978
前PCI,0.8547600009891767,0.0,-0.8547600009891767,0.8893084071631315,0.7601452549864415
前走平均1Fタイム,0.9005073652452746,0.0,-0.9005073652452746,0.8283231101745395,0.7459110615150459
前走RPCI,0.8590546767452787,0.0,-0.8590546767452787,0.8278438495263015,0.711163130550384
prev_hosei9,0.8537048791143571,0.463,-0.3907048791143571,1.5497433314381555,0.6054922809678256
前走PCI3,0.8590546767452787,0.0,-0.8590546767452787,0.5367906931179117,0.4611325553562817
前走日付,0.9060859100014014,0.0,-0.9060859100014014,0.45774840190158494,0.4147593772886848
前走レースID(新),0.9055521667092562,0.0,-0.9055521667092562,0.362059292169663,0.327863576501458
休み明け～戦目,0.6956715273713452,0.0,-0.6956715273713452,0.45028878126048705,0.31325308421766457
前走確定着順,0.9060859100014014,0.885,-0.021085910001401365,12.3166936704,0.2597086942488842
父タイプ名,1.0,0.085,-0.915,0.23761496707934915,0.21741769487760448
前走トラックコード(JV),0.9060859100014014,0.0,-0.9060859100014014,0.2386893705193873,0.2162730754947207
指定条件,1.0,0.0,-1.0,0.19327720615038493,0.19327720615038493
前走競走種別,1.0,0.0,-1.0,0.19002584690710247,0.19002584690710247
間隔,0.9060859100014014,0.789,-0.11708591000140134,1.361553119385745,0.1594186859985266
限定,1.0,0.0,-1.0,0.11489523092890502,0.11489523092890502
前好走,1.0,0.0,-1.0,0.10472974389338517,0.10472974389338517
前走場所,1.0,0.844,-0.15600000000000003,0.460627894649018,0.07185795156524682
馬主(最新/仮想),1.0,0.947,-0.05300000000000005,1.2426885923131827,0.06586249539259874
trainer_fuku90,0.9963153165777782,0.965,-0.031315316577778196,1.948816313240168,0.06102779980105442
trnH_days_ago,0.7456702909003982,0.646,-0.09967029090039814,0.587697417632718,0.058575972576865774
コース区分,1.0,0.534,-0.46599999999999997,0.11916495883530133,0.055530870817250416
芝(内・外),1.0,0.15,-0.85,0.06271421257014773,0.053307080684625564
trnH_Time4,0.7456702909003982,0.646,-0.09967029090039814,0.5196665386949132,0.051795315082925
trnH_Lap4,0.7456702909003982,0.646,-0.09967029090039814,0.5034116266291639,0.050175183268771385
前走レースID(新/馬番無),0.9055521667092562,0.0,-0.9055521667092562,0.051579841657555595,0.04670823737151982
ブリンカー,1.0,0.0,-1.0,0.045922094860662815,0.045922094860662815
kako5_avg_pos,0.8901951975468416,0.887,-0.0031951975468416105,13.19314326234698,0.042154698986980994
性別限定,1.0,0.0,-1.0,0.03979526499514634,0.03979526499514634
trnH_Time1,0.7456702909003982,0.646,-0.09967029090039814,0.3900753440425684,0.038878923013795676
調教師コード,1.0,0.965,-0.03500000000000003,1.0808217060274725,0.03782875971096157
trnH_Lap3,0.7456702909003982,0.646,-0.09967029090039814,0.33158588159012375,0.033049261276552604
母父タイプ名,1.0,0.857,-0.14300000000000002,0.21250893550619782,0.03038877777738629
trnH_Time3,0.7456702909003982,0.646,-0.09967029090039814,0.28473873514134057,0.028379992562148834
trnH_Time2,0.7456702909003982,0.646,-0.09967029090039814,0.2769145372325003,0.027600152480512438
trnH_Lap2,0.7456702909003982,0.646,-0.09967029090039814,0.26980310747158964,0.026891354207524722
前走着差タイム,0.9004723319017748,0.885,-0.015472331901774772,1.556410411706376,0.024081298465298967
trainer_fuku30,0.9963153165777782,0.965,-0.031315316577778196,0.5556538322812221,0.01740047566554214
前距離,0.9060859100014014,0.888,-0.018085910001401362,0.8734735773050097,0.015797564507740502
前走上り3F,0.8797161062705563,0.868,-0.011716106270556303,1.2608232035630567,0.014771938641328015
前走馬場状態,1.0,0.888,-0.11199999999999999,0.11795482095959776,0.013210939947474949
前3角,0.8943353144345618,0.874,-0.020335314434561824,0.6443744402585017,0.013103556856251405
毛色,1.0,0.947,-0.05300000000000005,0.2219136872291605,0.011761425423145516
前走上り3F順,0.8802086338644663,0.868,-0.012208633864466356,0.7490532926006997,0.00914491739433493
前4角,0.9008989143785084,0.885,-0.015898914378508433,0.5416237146929016,0.008611229065272123
jockey_top3_rate,0.4772695424233182,0.461,-0.016269542423318184,0.4826983650769318,0.007853281528285471
kako5_best_pos,0.8901951975468416,0.887,-0.0031951975468416105,2.2747451029332666,0.00726825997258234
trnH_Lap1,0.7456702909003982,0.646,-0.09967029090039814,0.052617473423882635,0.0052443988826023505
jockey_win_rate,0.4772695424233182,0.461,-0.016269542423318184,0.31269579555902566,0.005087417511440798
前芝・ダ,1.0,0.888,-0.11199999999999999,0.031445170631067325,0.00352185911067954
kako5_pos_trend,0.8901951975468416,0.887,-0.0031951975468416105,1.059235752359311,0.0033844674774653983
kako5_std_pos,0.8901951975468416,0.887,-0.0031951975468416105,0.9833131447422553,0.0031418797478575634
kako5_expected_good_count,0.8901951975468416,0.887,-0.0031951975468416105,0.3947552541235508,0.001261321019578406
kako5_same_place_ratio,0.8901951975468416,0.887,-0.0031951975468416105,0.2739623165039911,0.0008753637216205972
kako5_same_dist_ratio,0.8901951975468416,0.887,-0.0031951975468416105,0.2166450280300001,0.0006922236620968882
kako5_same_td_ratio,0.8901951975468416,0.887,-0.0031951975468416105,0.2136741235102261,0.0006827310352634057
kako5_hidden_good_count,0.8901951975468416,0.887,-0.0031951975468416105,0.05443498702198732,0.00017393053699500877
重量種別,1.0,1.0,0.0,0.17003320851279818,-0.0
年齢限定,1.0,1.0,0.0,0.2895870881202268,-0.0
母馬,0.0,0.947,0.947,0.0,0.0
種牡馬,1.0,1.0,0.0,1.3252011334360074,-0.0
母父馬,1.0,1.0,0.0,0.9737318124233958,-0.0
前走Ave-3F,0.8547661833439121,0.868,0.013233816656087916,0.7201337572234289,0.0
前走馬体重,0.9040725231426145,1.0,0.09592747685738545,1.2527353580579412,0.0
前走斤量,0.7830117135014384,0.888,0.10498828649856162,0.3786054116110655,0.0
生産者,1.0,1.0,0.0,1.384443484985548,-0.0
騎手コード,1.0,1.0,0.0,0.9480743713073777,-0.0
馬場状態,1.0,1.0,0.0,0.09511249545143041,-0.0
天気,1.0,1.0,0.0,0.09005067186003607,-0.0
トラックコード(JV),1.0,1.0,0.0,0.2847846343720282,-0.0
前2角,0.4350234517322958,0.464,0.02897654826770424,0.12280291343978304,0.0
距離,1.0,1.0,0.0,0.4208268571451748,-0.0
前走走破タイム,0.0,0.0,0.0,0.0,-0.0
馬番,1.0,1.0,0.0,0.5886665899706094,-0.0
芝・ダ,1.0,1.0,0.0,0.08876201924289931,-0.0
場所,1.0,1.0,0.0,0.2745626190732984,-0.0
Ｒ,1.0,1.0,0.0,0.7558847769094542,-0.0
開催,0.0,1.0,1.0,0.0,0.0
枠番,1.0,1.0,0.0,0.44115026827505066,-0.0
前1角,0.3814409832416971,0.404,0.022559016758302908,0.08364354047635862,0.0
クラス名,1.0,1.0,0.0,0.5939214900938187,-0.0
前走馬体重増減,0.8157019445566427,1.0,0.1842980554433573,0.47933831455467857,0.0
前走出走頭数,0.9060859100014014,1.0,0.09391408999859863,0.7096374260136356,0.0
jockey_fuku30,0.99646987544616,1.0,0.0035301245538400527,1.3181050181213214,0.0
性別,1.0,1.0,0.0,0.1389364138982006,-0.0
馬齢斤量差,1.0,1.0,0.0,0.16263698286443168,-0.0
斤量,0.8519903060677751,1.0,0.14800969393222485,0.25684463711535854,0.0
kako5_race_count,1.0,1.0,0.0,0.05795439830105979,-0.0
kako5_pos_vs_ninki,0.0,0.886,0.886,0.0,0.0
kako5_avg_agari3f,0.7985459101662641,0.881,0.08245408983373592,1.2121926960414104,0.0
kako5_best_agari3f,0.7985459101662641,0.881,0.08245408983373592,0.7191637368215532,0.0
closing_power,0.38092784779866956,0.404,0.023072152201330465,0.224644202501358,0.0
prev_pos_rel,0.3814409832416971,0.404,0.022559016758302908,0.2843364720190234,0.0
horse_fuku30,0.5555484572964151,0.633,0.0774515427035849,0.6966677635941025,0.0
kako5_avg_ninki,0.0,0.886,0.886,0.0,0.0
horse_fuku10,0.7001990718224758,0.742,0.04180092817752423,1.2913603962302633,0.0
年齢,1.0,1.0,0.0,1.0352957923931225,-0.0
出走頭数,1.0,1.0,0.0,0.2575059442319943,-0.0
フルゲート頭数,1.0,1.0,0.0,0.10203062994460163,-0.0
調教師年齢,1.0,1.0,0.0,0.6245253570788164,-0.0
騎手年齢,1.0,1.0,0.0,0.6039399679617218,-0.0
jockey_fuku90,0.99646987544616,1.0,0.0035301245538400527,6.844432655065078,0.0
hist_same_place_best_pos,0.5955029551655635,0.624,0.02849704483443649,0.3468075613680398,0.0
hist_same_cond_best_pos,0.7556321251638324,0.777,0.021367874836167644,0.09809914020832866,0.0
hist_same_cond_top3_rate,0.7556321251638324,0.777,0.021367874836167644,5.250684252236731,0.0
kako5_upset_good_count,0.0,0.886,0.886,0.0,0.0
kako5_same_cond_best_pos,0.7391829399981865,0.772,0.0328170600018135,0.24688085148190564,0.0
hist_same_cond_count,0.7556321251638324,0.777,0.021367874836167644,0.5993677647127494,0.0
trnW_3F,0.10263739253006685,0.497,0.3943626074699331,0.06497273495452349,0.0
trnW_4F,0.1026394533149786,0.497,0.3943605466850214,0.03665447455176971,0.0
trnW_5F,0.08571216604980506,0.432,0.3462878339501949,0.08916801783360398,0.0
trnW_Lap2,0.1026353317451551,0.497,0.3943646682548449,0.04470841887500586,0.0
trnW_Lap1,0.10264769645462564,0.497,0.39435230354537437,0.10103963971299948,0.0
trnW_Lap3,0.1026394533149786,0.497,0.3943605466850214,0.060194419369541965,0.0
trnW_days_ago,0.10269715529250781,0.497,0.3943028447074922,0.07405746212914055,0.0
course_win_rate,0.4411419221353029,0.468,0.026858077864697127,0.22743209098883654,0.0
course_n_prev,1.0,1.0,0.0,0.1526756082871688,-0.0
jockey_n_prev,1.0,1.0,0.0,0.19963352562981193,-0.0
course_top3_rate,0.4411419221353029,0.468,0.026858077864697127,0.4134597630178292,0.0
