日付,場所,Ｒ,枠番,馬番,馬名,確定着順,レースID(新),単勝配当,複勝配当,枠連,馬連,馬単,３連複,３連単
260411,福島,12,4,8,ライツユーアップ,1,202604110301011208,700,270,2230,3370,7280,6980,43390
260411,福島,12,1,2,グランテレーズ,2,202604110301011202,(9.0),280,2230,3370,7280,6980,43390
260411,福島,12,5,10,セイプリーズ,3,202604110301011210,(6.5),210,,,,6980,43390
260411,福島,12,7,14,モルティフレーバー,4,202604110301011214,(73.5),,,,,,
260411,福島,12,2,3,ホウオウドルーリー,5,202604110301011203,(28.4),,,,,,
260411,福島,12,6,11,マーシーラン,6,202604110301011211,(4.7),,,,,,
260411,福島,12,8,16,ウインイザナミ,7,202604110301011216,(13.2),,,,,,
260411,福島,12,3,5,スウィートリワード,8,202604110301011205,(39.5),,,,,,
260411,福島,12,1,1,アートフォーム,9,202604110301011201,(17.2),,,,,,
260411,福島,12,5,9,プリュノワール,10,202604110301011209,(8.8),,,,,,
260411,福島,12,2,4,アーニャワクワク,11,202604110301011204,(103.5),,,,,,
260411,福島,12,4,7,ディクシーヴォーグ,12,202604110301011207,(32.7),,,,,,
260411,福島,12,3,6,ミニマルデザイン,13,202604110301011206,(82.9),,,,,,
260411,福島,12,6,12,レッドカメリア,14,202604110301011212,(25.6),,,,,,
260411,福島,12,8,15,ルシェロアズーリ,15,202604110301011215,(16.5),,,,,,
260411,福島,12,7,13,サンポーニャ,16,202604110301011213,(6.1),,,,,,
260411,福島,11,1,1,ラタフォレスト,1,202604110301011101,720,290,6030,6130,12160,14120,98200
260411,福島,11,8,15,タガノミスト,2,202604110301011115,(16.3),530,6030,6130,12160,14120,98200
260411,福島,11,6,11,スナークラファエロ,3,202604110301011111,(6.7),260,,,,14120,98200
260411,福島,11,6,10,レイナデアルシーラ,4,202604110301011110,(9.0),,,,,,
260411,福島,11,7,13,カンピオーネ,5,202604110301011113,(5.6),,,,,,
260411,福島,11,4,6,ホールシバン,6,202604110301011106,(27.3),,,,,,
260411,福島,11,5,9,マリアナトレンチ,7,202604110301011109,(44.4),,,,,,
260411,福島,11,2,3,コトホドサヨウニ,8,202604110301011103,(3.9),,,,,,
260411,福島,11,3,5,ミッキークレスト,9,202604110301011105,(6.9),,,,,,
260411,福島,11,5,8,ダイシンピスケス,10,202604110301011108,(99.6),,,,,,
260411,福島,11,2,2,イスラアネーロ,11,202604110301011102,(90.2),,,,,,
260411,福島,11,4,7,サンライズホーク,12,202604110301011107,(47.5),,,,,,
260411,福島,11,3,4,ペプチドソレイユ,13,202604110301011104,(21.4),,,,,,
260411,福島,11,8,14,レアンダー,14,202604110301011114,(20.5),,,,,,
260411,福島,11,7,12,ダンツエラン,15,202604110301011112,(39.2),,,,,,
260411,福島,10,8,16,アサクサグレース,1,202604110301011016,370,120,560,600,1090,1590,6730
260411,福島,10,2,4,ヴァンヴィーヴ,2,202604110301011004,(2.6),110,560,600,1090,1590,6730
260411,福島,10,4,8,ハニーローリエ,3,202604110301011008,(19.0),270,,,,1590,6730
260411,福島,10,6,12,バンブルビー,3,202604110301011012,(15.2),200,,,,960,3430
260411,福島,10,1,2,ホウオウブースター,5,202604110301011002,(8.8),,,,,,
260411,福島,10,5,9,マジカルフェアリー,6,202604110301011009,(17.0),,,,,,
260411,福島,10,6,11,アタリダイキチ,7,202604110301011011,(23.2),,,,,,
260411,福島,10,7,14,マルプリ,8,202604110301011014,(117.3),,,,,,
260411,福島,10,3,5,バシレイア,9,202604110301011005,(7.4),,,,,,
260411,福島,10,4,7,ゴキゲンサン,10,202604110301011007,(71.9),,,,,,
260411,福島,10,5,10,ブライティアダイヤ,11,202604110301011010,(127.9),,,,,,
260411,福島,10,2,3,ムチャスグラシアス,12,202604110301011003,(40.8),,,,,,
260411,福島,10,7,13,タマカヅラ,13,202604110301011013,(25.9),,,,,,
260411,福島,10,1,1,シュラフ,14,202604110301011001,(72.5),,,,,,
260411,福島,10,8,15,ラトルシェ,15,202604110301011015,(64.1),,,,,,
260411,福島,10,3,6,クリノハレルヤ,16,202604110301011006,(73.8),,,,,,
260411,福島,9,2,3,フォルテフィオーレ,1,202604110301010903,360,180,2160,3850,6550,20650,120290
260411,福島,9,5,9,コスモキャバリエ,2,202604110301010909,(21.4),420,2160,3850,6550,20650,120290
260411,福島,9,1,2,レッドシュテルン,3,202604110301010902,(18.0),450,,,,20650,120290
260411,福島,9,6,12,ロットブラータ,4,202604110301010912,(5.5),,,,,,
260411,福島,9,7,13,シアブリス,5,202604110301010913,(75.1),,,,,,
260411,福島,9,5,10,スペードギニー,6,202604110301010910,(39.2),,,,,,
260411,福島,9,6,11,サトノラポール,7,202604110301010911,(24.1),,,,,,
260411,福島,9,3,6,エナジーショット,8,202604110301010906,(57.5),,,,,,
260411,福島,9,7,14,ガンバルマン,9,202604110301010914,(7.3),,,,,,
260411,福島,9,3,5,ゼットエイト,10,202604110301010905,(38.3),,,,,,
260411,福島,9,8,16,レッドシュトラール,11,202604110301010916,(66.1),,,,,,
260411,福島,9,8,15,デイジー,12,202604110301010915,(4.4),,,,,,
260411,福島,9,4,7,ラトラース,13,202604110301010907,(8.2),,,,,,
260411,福島,9,4,8,フォートポータル,14,202604110301010908,(230.7),,,,,,
260411,福島,9,2,4,グレヴィレア,15,202604110301010904,(15.8),,,,,,
260411,福島,9,1,1,メイショウヒュウガ,16,202604110301010901,(129.7),,,,,,
260411,福島,8,6,12,ヒラボクカレラ,1,202604110301010812,390,170,1110,1270,2630,9160,36790
260411,福島,8,4,8,ケイアイマウンガ,2,202604110301010808,(5.2),230,1110,1270,2630,9160,36790
260411,福島,8,2,3,バルジール,3,202604110301010803,(23.2),560,,,,9160,36790
260411,福島,8,8,15,ナンヨークリスタル,4,202604110301010815,(14.5),,,,,,
260411,福島,8,1,2,ノーブルミステリー,5,202604110301010802,(76.4),,,,,,
260411,福島,8,3,6,グランデスフィーダ,6,202604110301010806,(4.9),,,,,,
260411,福島,8,8,16,シャーンゴッセ,7,202604110301010816,(4.1),,,,,,
260411,福島,8,4,7,グッドヴァイブス,8,202604110301010807,(18.8),,,,,,
260411,福島,8,7,14,レストプレドゥモア,9,202604110301010814,(37.1),,,,,,
260411,福島,8,1,1,オロパタジン,10,202604110301010801,(45.8),,,,,,
260411,福島,8,6,11,サイコウダネ,11,202604110301010811,(181.2),,,,,,
260411,福島,8,2,4,オコジュ,12,202604110301010804,(71.9),,,,,,
260411,福島,8,3,5,メイショウハボマイ,13,202604110301010805,(113.5),,,,,,
260411,福島,8,5,9,エコロレオナ,14,202604110301010809,(20.3),,,,,,
260411,福島,8,7,13,マカニ,15,202604110301010813,(24.7),,,,,,
260411,福島,8,5,10,リアンエターナル,16,202604110301010810,(49.6),,,,,,
260411,福島,7,2,2,ルージュマローネ,1,202604110301010702,2920,570,6040,7430,18500,12940,112820
260411,福島,7,6,10,ラストレガシー,2,202604110301010710,(5.8),200,6040,7430,18500,12940,112820
260411,福島,7,4,6,プロスペクトパーク,3,202604110301010706,(4.9),190,,,,12940,112820
260411,福島,7,4,7,ホウオウバローロ,4,202604110301010707,(3.3),,,,,,
260411,福島,7,8,14,チャチャピンク,5,202604110301010714,(5.6),,,,,,
260411,福島,7,6,11,ハイケンス,6,202604110301010711,(41.9),,,,,,
260411,福島,7,8,15,ワンダーウィルク,7,202604110301010715,(47.3),,,,,,
260411,福島,7,2,3,キングプロフィット,8,202604110301010703,(243.3),,,,,,
260411,福島,7,7,12,スコーピオンイメル,9,202604110301010712,(10.0),,,,,,
260411,福島,7,3,4,スラーヴァ,10,202604110301010704,(95.9),,,,,,
260411,福島,7,7,13,アイファーファイト,11,202604110301010713,(148.0),,,,,,
260411,福島,7,3,5,ナインオブレター,12,202604110301010705,(21.5),,,,,,
260411,福島,7,5,8,リトルスカーレット,13,202604110301010708,(22.9),,,,,,
260411,福島,7,1,1,プロスペクト,14,202604110301010701,(9.2),,,,,,
260411,福島,7,5,9,バーニングフレーム,15,202604110301010709,(164.3),,,,,,
260411,福島,6,6,11,アスクファイアモア,1,202604110301010611,1030,210,1020,1490,4500,4100,28940
260411,福島,6,2,2,フォーチュンローズ,2,202604110301010602,(3.1),140,1020,1490,4500,4100,28940
260411,福島,6,3,5,ジェラルリスト,3,202604110301010605,(7.6),210,,,,4100,28940
260411,福島,6,3,4,フレアオブセンス,4,202604110301010604,(2.5),,,,,,
260411,福島,6,8,15,アルタティール,5,202604110301010615,(110.8),,,,,,
260411,福島,6,4,6,テンバコウクウ,6,202604110301010606,(185.5),,,,,,
260411,福島,6,8,14,ロスニーニョス,7,202604110301010614,(87.5),,,,,,
260411,福島,6,2,3,グロートカイザー,8,202604110301010603,(17.7),,,,,,
260411,福島,6,7,12,ローレルエース,9,202604110301010612,(58.8),,,,,,
260411,福島,6,6,10,グランドフィナーレ,10,202604110301010610,(34.5),,,,,,
260411,福島,6,5,9,バチラ,11,202604110301010609,(23.7),,,,,,
260411,福島,6,5,8,スノーエルヴァ,12,202604110301010608,(20.7),,,,,,
260411,福島,6,7,13,ブルージェネシス,13,202604110301010613,(82.2),,,,,,
260411,福島,6,1,1,メイショウシュハリ,14,202604110301010601,(37.7),,,,,,
260411,福島,6,4,7,マイネルパーロル,15,202604110301010607,(16.4),,,,,,
260411,福島,5,1,1,メイショウハンター,1,202604110301010501,860,160,270,520,1580,4150,23910
260411,福島,5,2,3,アラムシャピラス,2,202604110301010503,(1.4),110,270,520,1580,4150,23910
260411,福島,5,4,8,ブランニューホーム,3,202604110301010508,(62.5),470,,,,4150,23910
260411,福島,5,2,4,オートカリテ,4,202604110301010504,(43.7),,,,,,
260411,福島,5,3,6,マイネルリーヒム,5,202604110301010506,(11.3),,,,,,
260411,福島,5,6,12,ルシアージュ,6,202604110301010512,(28.8),,,,,,
260411,福島,5,6,11,フライングビーナス,7,202604110301010511,(25.1),,,,,,
260411,福島,5,3,5,サンタカタリナ,8,202604110301010505,(92.1),,,,,,
260411,福島,5,7,13,ウインスターリング,9,202604110301010513,(16.5),,,,,,
260411,福島,5,1,2,オービタルピリオド,10,202604110301010502,(10.5),,,,,,
260411,福島,5,5,10,ブーケ,11,202604110301010510,(41.4),,,,,,
260411,福島,5,5,9,オグナ,12,202604110301010509,(144.9),,,,,,
260411,福島,5,7,14,クライングナウ,13,202604110301010514,(65.3),,,,,,
260411,福島,5,4,7,ワイルドカイザー,14,202604110301010507,(148.7),,,,,,
260411,福島,5,8,15,ナカラギ,15,202604110301010515,(277.2),,,,,,
260411,福島,5,8,16,ダイビングキャッチ,16,202604110301010516,(314.4),,,,,,
260411,福島,4,7,13,ベルゼビュート,1,202604110301010413,2150,690,4340,20390,34470,26500,242230
260411,福島,4,2,4,シェイプオブユー,2,202604110301010404,(22.2),480,4340,20390,34470,26500,242230
260411,福島,4,3,5,メイショウテンジン,3,202604110301010405,(3.6),160,,,,26500,242230
260411,福島,4,8,16,セイウンヤオヨロズ,4,202604110301010416,(26.4),,,,,,
260411,福島,4,1,2,シルバーアックス,5,202604110301010402,(40.3),,,,,,
260411,福島,4,8,15,クロカミジョウ,6,202604110301010415,(3.2),,,,,,
260411,福島,4,2,3,エコロアビス,7,202604110301010403,(7.0),,,,,,
260411,福島,4,4,7,ヒューザー,8,202604110301010407,(125.9),,,,,,
260411,福島,4,3,6,モズタイシソウシ,9,202604110301010406,(4.5),,,,,,
260411,福島,4,7,14,スマートイデアル,10,202604110301010414,(66.8),,,,,,
260411,福島,4,6,11,ブラックゲイル,11,202604110301010411,(133.3),,,,,,
260411,福島,4,1,1,ウィゾマニア,12,202604110301010401,(161.8),,,,,,
260411,福島,4,5,10,ジュニアスウィート,13,202604110301010410,(74.8),,,,,,
260411,福島,4,5,9,ディースカウ,14,202604110301010409,(12.3),,,,,,
260411,福島,4,6,12,アッチョンブリケ,15,202604110301010412,(77.0),,,,,,
260411,福島,4,4,8,マクタン,16,202604110301010408,(209.4),,,,,,
260411,福島,3,3,5,サフランルージュ,1,202604110301010305,11320,2860,2350,41080,145010,84920,1276090
260411,福島,3,4,8,クシマトゥルー,2,202604110301010308,(9.0),360,2350,41080,145010,84920,1276090
260411,福島,3,1,2,エコロディアン,3,202604110301010302,(5.7),240,,,,84920,1276090
260411,福島,3,5,10,ファストフォワード,4,202604110301010310,(6.8),,,,,,
260411,福島,3,4,7,ピアス,5,202604110301010307,(3.6),,,,,,
260411,福島,3,2,4,ゴールドアベニュー,6,202604110301010304,(88.0),,,,,,
260411,福島,3,5,9,スワトウ,7,202604110301010309,(12.9),,,,,,
260411,福島,3,8,16,オーマイラッキーン,8,202604110301010316,(104.6),,,,,,
260411,福島,3,6,11,ハヤブサブロー,9,202604110301010311,(4.3),,,,,,
260411,福島,3,6,12,ヴィーラー,10,202604110301010312,(30.2),,,,,,
260411,福島,3,1,1,レーザーキック,11,202604110301010301,(18.2),,,,,,
260411,福島,3,7,13,ノクスカンパーナ,12,202604110301010313,(67.7),,,,,,
260411,福島,3,8,15,ディアデムドール,13,202604110301010315,(18.0),,,,,,
260411,福島,3,3,6,ヴェロシオン,14,202604110301010306,(29.2),,,,,,
260411,福島,3,7,14,ノヴェルピアーチェ,15,202604110301010314,(150.0),,,,,,
260411,福島,3,2,3,グレープレモネード,16,202604110301010303,(164.4),,,,,,
260411,福島,2,3,6,デンプシー,1,202604110301010206,220,110,1330,1780,2360,770,5560
260411,福島,2,2,4,ブルーエ,2,202604110301010204,(23.8),220,1330,1780,2360,770,5560
260411,福島,2,1,2,ダノンルミエール,3,202604110301010202,(2.3),110,,,,770,5560
260411,福島,2,2,3,エクスペクタント,4,202604110301010203,(38.5),,,,,,
260411,福島,2,1,1,ソワンドヴィクター,5,202604110301010201,(107.0),,,,,,
260411,福島,2,8,16,アーリマックス,6,202604110301010216,(37.6),,,,,,
260411,福島,2,7,13,セレブトーチ,7,202604110301010213,(18.5),,,,,,
260411,福島,2,4,7,チェリーブルーム,8,202604110301010207,(75.4),,,,,,
260411,福島,2,4,8,ティスマイル,9,202604110301010208,(218.2),,,,,,
260411,福島,2,6,11,サンタクローチェ,10,202604110301010211,(20.4),,,,,,
260411,福島,2,5,10,サプーズ,11,202604110301010210,(14.1),,,,,,
260411,福島,2,3,5,アイリーノリチャン,12,202604110301010205,(24.8),,,,,,
260411,福島,2,7,14,グロリアスニケ,13,202604110301010214,(59.0),,,,,,
260411,福島,2,5,9,カゼノオモイデ,14,202604110301010209,(162.2),,,,,,
260411,福島,2,8,15,チョコブラウニー,15,202604110301010215,(115.3),,,,,,
260411,福島,2,6,12,スリジェダムール,16,202604110301010212,(184.8),,,,,,
260411,福島,1,6,11,シューティングガイ,1,202604110301010111,550,150,460,480,1300,1390,7830
260411,福島,1,8,14,ウインビギニング,2,202604110301010114,(1.7),110,460,480,1300,1390,7830
260411,福島,1,3,4,ベストブラザーズ,3,202604110301010104,(7.7),190,,,,1390,7830
260411,福島,1,4,6,シンエンドーツダ,4,202604110301010106,(10.8),,,,,,
260411,福島,1,2,3,レジェルテ,5,202604110301010103,(28.4),,,,,,
260411,福島,1,1,1,セルシャーム,6,202604110301010101,(15.2),,,,,,
260411,福島,1,2,2,ロケットパンチ,7,202604110301010102,(16.0),,,,,,
260411,福島,1,3,5,グレートアゲイン,8,202604110301010105,(196.7),,,,,,
260411,福島,1,7,12,クワッドマリニン,9,202604110301010112,(12.0),,,,,,
260411,福島,1,7,13,カミノトップワン,10,202604110301010113,(132.6),,,,,,
260411,福島,1,6,10,ライヴマティーニ,11,202604110301010110,(135.5),,,,,,
260411,福島,1,8,15,ジャストグレース,12,202604110301010115,(117.4),,,,,,
260411,福島,1,5,8,ウォーターサオラ,13,202604110301010108,(123.0),,,,,,
260411,福島,1,5,9,パシオネ,14,202604110301010109,(245.9),,,,,,
260411,福島,1,4,7,ディーズベンチャー,15,202604110301010107,(250.7),,,,,,
260411,中山,12,3,6,プレゼンティーア,1,202604110603051206,1320,420,3640,14860,24920,225240,982950
260411,中山,12,8,16,ルーフオブヘヴン,2,202604110603051216,(24.4),580,3640,14860,24920,225240,982950
260411,中山,12,8,15,オカメノコイ,3,202604110603051215,(90.6),1750,,,,225240,982950
260411,中山,12,2,3,アルジェンタージョ,4,202604110603051203,(45.5),,,,,,
260411,中山,12,3,5,クインズポラリス,5,202604110603051205,(7.8),,,,,,
260411,中山,12,6,11,クインズシフォン,6,202604110603051211,(14.2),,,,,,
260411,中山,12,4,8,シアター,7,202604110603051208,(33.4),,,,,,
260411,中山,12,2,4,アスタールフナ,8,202604110603051204,(2.8),,,,,,
260411,中山,12,5,9,モリノレッドスター,9,202604110603051209,(3.4),,,,,,
260411,中山,12,6,12,バロン,10,202604110603051212,(78.7),,,,,,
260411,中山,12,1,2,プレアデスグループ,11,202604110603051202,(14.9),,,,,,
260411,中山,12,7,14,ベルブリエ,12,202604110603051214,(68.3),,,,,,
260411,中山,12,4,7,ボルセーナ,13,202604110603051207,(53.5),,,,,,
260411,中山,12,5,10,ベニシア,14,202604110603051210,(135.7),,,,,,
260411,中山,12,7,13,エリカカリーナ,15,202604110603051213,(9.4),,,,,,
260411,中山,12,1,1,ヒナアラレ,16,202604110603051201,(277.7),,,,,,
260411,中山,11,2,3,レザベーション,1,202604110603051103,4350,450,2000,2000,10200,3060,59140
260411,中山,11,4,7,ロデオドライブ,2,202604110603051107,(1.7),110,2000,2000,10200,3060,59140
260411,中山,11,3,5,ジーネキング,3,202604110603051105,(11.8),270,,,,3060,59140
260411,中山,11,8,14,ディールメーカー,4,202604110603051114,(7.8),,,,,,
260411,中山,11,7,12,アルデトップガン,5,202604110603051112,(48.7),,,,,,
260411,中山,11,6,11,ゴーラッキー,6,202604110603051111,(3.7),,,,,,
260411,中山,11,3,4,ヒズマスターピース,7,202604110603051104,(13.3),,,,,,
260411,中山,11,5,8,スマイルカーブ,8,202604110603051108,(114.5),,,,,,
260411,中山,11,6,10,ジーティーシンドウ,9,202604110603051110,(60.1),,,,,,
260411,中山,11,8,15,ミリオンクラウン,10,202604110603051115,(437.6),,,,,,
260411,中山,11,7,13,ガリレア,11,202604110603051113,(161.6),,,,,,
260411,中山,11,5,9,ブルズアイプリンス,12,202604110603051109,(369.7),,,,,,
260411,中山,11,4,6,シュペルリング,13,202604110603051106,(53.2),,,,,,
260411,中山,11,2,2,マダックス,14,202604110603051102,(217.9),,,,,,
260411,中山,11,1,1,ハノハノ,15,202604110603051101,(69.1),,,,,,
260411,中山,10,4,5,スリーピース,1,202604110603051005,930,260,930,1340,3830,8120,55220
260411,中山,10,2,2,ワンダラー,2,202604110603051002,(2.8),150,930,1340,3830,8120,55220
260411,中山,10,5,6,キタノソワレ,3,202604110603051006,(29.2),440,,,,8120,55220
260411,中山,10,8,13,ロサンゼルス,4,202604110603051013,(3.8),,,,,,
260411,中山,10,7,11,エンヤラヴフェイス,5,202604110603051011,(8.6),,,,,,
260411,中山,10,4,4,スタンリーテソーロ,6,202604110603051004,(12.5),,,,,,
260411,中山,10,3,3,ジャーヴィス,7,202604110603051003,(73.2),,,,,,
260411,中山,10,1,1,スプランドゥール,8,202604110603051001,(19.5),,,,,,
260411,中山,10,5,7,ショウナンハクウン,9,202604110603051007,(9.8),,,,,,
260411,中山,10,6,8,ナスノカンゲツ,10,202604110603051008,(35.7),,,,,,
260411,中山,10,6,9,アイアムユウシュン,11,202604110603051009,(38.5),,,,,,
260411,中山,10,8,12,コパノハンプトン,12,202604110603051012,(120.0),,,,,,
260411,中山,10,7,10,ノットファウンド,13,202604110603051010,(13.6),,,,,,
260411,中山,9,6,6,チャリングクロス,1,202604110603050906,330,150,,270,600,320,1470
260411,中山,9,5,5,コッツォリーノ,2,202604110603050905,(1.9),110,,270,600,320,1470
260411,中山,9,3,3,ソングオブザバード,3,202604110603050903,(4.7),,,,,320,1470
260411,中山,9,1,1,ワッフル,4,202604110603050901,(90.8),,,,,,
260411,中山,9,7,7,グランセレスト,5,202604110603050907,(9.8),,,,,,
260411,中山,9,4,4,グランアルト,6,202604110603050904,(10.2),,,,,,
260411,中山,9,2,2,キタノファーンヒル,7,202604110603050902,(133.6),,,,,,
260411,中山,8,4,7,マリンバンカー,1,202604110603050807,390,150,370,450,1170,10240,47970
260411,中山,8,7,14,ルシャルムール,2,202604110603050814,(2.3),130,370,450,1170,10240,47970
260411,中山,8,1,1,ミヤジテン,3,202604110603050801,(180.2),1820,,,,10240,47970
260411,中山,8,2,4,ランスノーブル,4,202604110603050804,(7.0),,,,,,
260411,中山,8,1,2,カルフ,5,202604110603050802,(118.9),,,,,,
260411,中山,8,3,6,ユーウェイン,6,202604110603050806,(181.9),,,,,,
260411,中山,8,5,10,ショウナンタハティ,7,202604110603050810,(8.6),,,,,,
260411,中山,8,4,8,タケルゴールド,8,202604110603050808,(19.2),,,,,,
260411,中山,8,8,15,ムーランブルー,9,202604110603050815,(22.6),,,,,,
260411,中山,8,8,16,ディースプレマシー,10,202604110603050816,(28.6),,,,,,
260411,中山,8,6,12,ウインイメル,11,202604110603050812,(28.4),,,,,,
260411,中山,8,6,11,ブリスフル,12,202604110603050811,(287.1),,,,,,
260411,中山,8,7,13,サンダーユニバンス,13,202604110603050813,(176.1),,,,,,
260411,中山,8,2,3,グランドフォレスト,14,202604110603050803,(285.7),,,,,,
260411,中山,8,5,9,カフェロワドール,15,202604110603050809,(8.9),,,,,,
260411,中山,8,3,5,ウーバーストロング,16,202604110603050805,(192.2),,,,,,
260411,中山,7,5,9,タカスタカスタカス,1,202604110603050709,130,110,780,1230,1330,18160,40080
260411,中山,7,1,2,ビップムーラン,2,202604110603050702,(37.7),470,780,1230,1330,18160,40080
260411,中山,7,4,8,ラテラルパーム,3,202604110603050708,(65.4),1000,,,,18160,40080
260411,中山,7,5,10,サトノエスケープ,4,202604110603050710,(15.4),,,,,,
260411,中山,7,2,4,ベアハンドキャッチ,5,202604110603050704,(203.2),,,,,,
260411,中山,7,1,1,ルクスポップスター,6,202604110603050701,(57.7),,,,,,
260411,中山,7,7,14,ミルトハーバー,7,202604110603050714,(13.9),,,,,,
260411,中山,7,8,16,ベアアッコチャン,8,202604110603050716,(20.4),,,,,,
260411,中山,7,2,3,ゴーゴーパンチ,9,202604110603050703,(127.9),,,,,,
260411,中山,7,6,12,ハニーオーケストラ,10,202604110603050712,(131.6),,,,,,
260411,中山,7,3,5,リゾートライン,11,202604110603050705,(6.1),,,,,,
260411,中山,7,8,15,トワイライトサイト,12,202604110603050715,(47.9),,,,,,
260411,中山,7,6,11,レディサン,13,202604110603050711,(37.8),,,,,,
260411,中山,7,3,6,マルターズドン,14,202604110603050706,(23.7),,,,,,
260411,中山,7,4,7,シュテルン,15,202604110603050707,(320.4),,,,,,
260411,中山,7,7,13,マーシャルアン,16,202604110603050713,(168.8),,,,,,
260411,中山,6,8,17,ピエスユニーク,1,202604110603050617,290,150,450,530,890,55330,173520
260411,中山,6,7,13,サトノスターライト,2,202604110603050613,(4.0),150,450,530,890,55330,173520
260411,中山,6,7,14,アマイクチヅケ,3,202604110603050614,(337.7),4660,,,,55330,173520
260411,中山,6,4,7,ゴコウコイコイ,4,202604110603050607,(38.1),,,,,,
260411,中山,6,2,4,ダイユウヴェンティ,5,202604110603050604,(56.3),,,,,,
260411,中山,6,6,11,アニゴザントス,6,202604110603050611,(39.2),,,,,,
260411,中山,6,1,1,ダンツアラーム,7,202604110603050601,(22.0),,,,,,
260411,中山,6,6,12,グリーンガーネット,8,202604110603050612,(37.8),,,,,,
260411,中山,6,5,9,アンヴデット,9,202604110603050609,(6.3),,,,,,
260411,中山,6,8,18,ミライヘノティアラ,10,202604110603050618,(12.9),,,,,,
260411,中山,6,4,8,インテンスゲイズ,11,202604110603050608,(45.2),,,,,,
260411,中山,6,1,2,エバーシャンティ,12,202604110603050602,(4.4),,,,,,
260411,中山,6,5,10,ピカソジャスパー,13,202604110603050610,(201.4),,,,,,
260411,中山,6,3,5,スーザンバローズ,14,202604110603050605,(212.5),,,,,,
260411,中山,6,8,16,ペルシアーノ,15,202604110603050616,(91.1),,,,,,
260411,中山,6,7,15,サファイアプレミア,16,202604110603050615,(293.3),,,,,,
260411,中山,6,3,6,ケンブリッジサクラ,17,202604110603050606,(295.8),,,,,,
260411,中山,6,2,3,ミウ,18,202604110603050603,(72.3),,,,,,
260411,中山,5,1,2,シヴィータス,1,202604110603050502,250,120,380,500,940,6040,18740
260411,中山,5,3,6,アイムイン,2,202604110603050506,(3.9),140,380,500,940,6040,18740
260411,中山,5,8,16,ウィズアツインクル,3,202604110603050516,(52.4),740,,,,6040,18740
260411,中山,5,4,7,ベアサナエチャン,4,202604110603050507,(11.2),,,,,,
260411,中山,5,2,4,ジュラトリー,5,202604110603050504,(13.9),,,,,,
260411,中山,5,2,3,マンサニージャ,6,202604110603050503,(15.3),,,,,,
260411,中山,5,5,9,テンユウ,7,202604110603050509,(8.7),,,,,,
260411,中山,5,4,8,シーサンタナ,8,202604110603050508,(367.6),,,,,,
260411,中山,5,3,5,シェリアドレ,9,202604110603050505,(5.6),,,,,,
260411,中山,5,6,11,ダイユウルミナス,10,202604110603050511,(26.6),,,,,,
260411,中山,5,1,1,ハッピースーニャ,11,202604110603050501,(46.5),,,,,,
260411,中山,5,6,12,ルミナスレイナ,12,202604110603050512,(306.2),,,,,,
260411,中山,5,7,13,コウユーダイダイ,13,202604110603050513,(147.2),,,,,,
260411,中山,5,8,15,ルミノヴァンクール,14,202604110603050515,(272.6),,,,,,
260411,中山,5,5,10,スパークルレイ,15,202604110603050510,(305.8),,,,,,
260411,中山,5,7,14,バナナボール,0,202604110603050514,,,,,,,
260411,中山,4,2,2,メイショウソムリエ,1,202604110603050402,350,130,440,470,940,1060,3740
260411,中山,4,6,10,コレクテイニア,2,202604110603050410,(3.2),130,440,470,940,1060,3740
260411,中山,4,8,13,コンテナワールド,3,202604110603050413,(6.6),200,,,,1060,3740
260411,中山,4,7,12,トゥラッタッタ,4,202604110603050412,(5.8),,,,,,
260411,中山,4,3,3,シャンドゥレール,5,202604110603050403,(40.2),,,,,,
260411,中山,4,8,14,ヒットアンドロール,6,202604110603050414,(39.1),,,,,,
260411,中山,4,4,6,ヴラディア,7,202604110603050406,(22.4),,,,,,
260411,中山,4,5,7,ウイングランブルー,8,202604110603050407,(26.0),,,,,,
260411,中山,4,3,4,グラニットピーク,9,202604110603050404,(29.9),,,,,,
260411,中山,4,4,5,シゲルタヌキ,10,202604110603050405,(105.2),,,,,,
260411,中山,4,1,1,パープルアドミラル,11,202604110603050401,(61.8),,,,,,
260411,中山,4,5,8,ソルアマゾン,12,202604110603050408,(110.9),,,,,,
260411,中山,4,6,9,メイショウウネビ,13,202604110603050409,(65.9),,,,,,
260411,中山,4,7,11,ウィズユアドリーム,14,202604110603050411,(7.7),,,,,,
260411,中山,3,7,10,アチーヴァー,1,202604110603050310,390,330,920,1410,2490,5920,21980
260411,中山,3,4,4,サルサブラヴァ,2,202604110603050304,(7.4),420,920,1410,2490,5920,21980
260411,中山,3,8,13,グスク,3,202604110603050313,(18.2),880,,,,5920,21980
260411,中山,3,1,1,アイデアユー,4,202604110603050301,(1.7),,,,,,
260411,中山,3,3,3,ユイノスレチガイ,5,202604110603050303,(26.4),,,,,,
260411,中山,3,2,2,ディープマウンテン,6,202604110603050302,(67.7),,,,,,
260411,中山,3,6,8,カンフーヒーロー,7,202604110603050308,(233.5),,,,,,
260411,中山,3,5,7,ロイヤルタイム,8,202604110603050307,(13.6),,,,,,
260411,中山,3,6,9,シンデレラカラー,9,202604110603050309,(56.4),,,,,,
260411,中山,3,5,6,パワポケウォーズ,10,202604110603050306,(190.1),,,,,,
260411,中山,3,4,5,ネオシューマン,11,202604110603050305,(23.0),,,,,,
260411,中山,3,7,11,レイランディ,12,202604110603050311,(22.8),,,,,,
260411,中山,3,8,12,シャインプレマ,13,202604110603050312,(211.6),,,,,,
260411,中山,2,5,9,ラベンダーヘイズ,1,202604110603050209,1540,400,1360,2140,5560,3750,32910
260411,中山,2,3,5,フェイスリフト,2,202604110603050205,(2.4),110,1360,2140,5560,3750,32910
260411,中山,2,8,15,スカット,3,202604110603050215,(7.6),190,,,,3750,32910
260411,中山,2,2,4,ラストシャイニー,4,202604110603050204,(25.3),,,,,,
260411,中山,2,1,2,アジュアカレンツ,5,202604110603050202,(9.5),,,,,,
260411,中山,2,7,14,マジンタクシー,6,202604110603050214,(7.9),,,,,,
260411,中山,2,4,8,クアラトレンガヌ,7,202604110603050208,(70.3),,,,,,
260411,中山,2,3,6,アミナス,8,202604110603050206,(11.2),,,,,,
260411,中山,2,4,7,テルケンレンタッチ,9,202604110603050207,(264.0),,,,,,
260411,中山,2,6,12,マイネルテオドロス,10,202604110603050212,(4.5),,,,,,
260411,中山,2,2,3,ディグニダドレアル,11,202604110603050203,(119.2),,,,,,
260411,中山,2,1,1,バディーズライズ,12,202604110603050201,(169.2),,,,,,
260411,中山,2,6,11,ルスト,13,202604110603050211,(178.8),,,,,,
260411,中山,2,7,13,イントゥゴールデン,14,202604110603050213,(341.1),,,,,,
260411,中山,2,8,16,ハイバーニアン,15,202604110603050216,(195.4),,,,,,
260411,中山,2,5,10,エフティヴェント,16,202604110603050210,(48.1),,,,,,
260411,中山,1,1,2,アスコットヴェール,1,202604110603050102,170,110,220,530,700,910,2570
260411,中山,1,8,15,ビーチイン,2,202604110603050115,(5.0),130,220,530,700,910,2570
260411,中山,1,3,5,コウソクユノ,3,202604110603050105,(10.2),160,,,,910,2570
260411,中山,1,7,13,ライヴマルガリータ,4,202604110603050113,(19.9),,,,,,
260411,中山,1,1,1,アスパラゴ,5,202604110603050101,(33.2),,,,,,
260411,中山,1,7,14,グラスベリー,6,202604110603050114,(255.8),,,,,,
260411,中山,1,4,7,バオシェテンシ,7,202604110603050107,(235.4),,,,,,
260411,中山,1,3,6,ロット,8,202604110603050106,(75.4),,,,,,
260411,中山,1,5,9,マイトリックスター,9,202604110603050109,(107.6),,,,,,
260411,中山,1,6,12,カスターニエ,10,202604110603050112,(125.3),,,,,,
260411,中山,1,6,11,キタノローズ,11,202604110603050111,(34.6),,,,,,
260411,中山,1,5,10,ジーティーフクフク,12,202604110603050110,(38.8),,,,,,
260411,中山,1,2,3,メイショウオタモイ,13,202604110603050103,(272.2),,,,,,
260411,中山,1,2,4,パレホ,14,202604110603050104,(173.6),,,,,,
260411,中山,1,8,16,モーリア,15,202604110603050116,(5.6),,,,,,
260411,中山,1,4,8,ジェムシリカ,16,202604110603050108,(39.7),,,,,,
260411,阪神,12,1,1,ゼンノツキヨミ,1,202604110902051201,1710,440,6870,23800,42070,30390,259850
260411,阪神,12,6,11,クリノオリーブ,2,202604110902051211,(23.9),560,6870,23800,42070,30390,259850
260411,阪神,12,4,7,タイセイディアマン,3,202604110902051207,(7.4),250,,,,30390,259850
260411,阪神,12,3,6,ドンパッショーネ,4,202604110902051206,(2.8),,,,,,
260411,阪神,12,2,4,セールヴォラン,5,202604110902051204,(26.9),,,,,,
260411,阪神,12,6,12,フェンダー,6,202604110902051212,(10.5),,,,,,
260411,阪神,12,2,3,メモリーグラス,7,202604110902051203,(204.4),,,,,,
260411,阪神,12,8,15,ズバットマサムネ,8,202604110902051215,(46.2),,,,,,
260411,阪神,12,7,13,キタノライブリー,9,202604110902051213,(49.4),,,,,,
260411,阪神,12,5,9,カワキタマナレア,10,202604110902051209,(37.6),,,,,,
260411,阪神,12,3,5,ヨシノヤッタルデー,11,202604110902051205,(189.1),,,,,,
260411,阪神,12,1,2,ゲクウ,12,202604110902051202,(305.6),,,,,,
260411,阪神,12,7,14,ビーマックス,13,202604110902051214,(27.1),,,,,,
260411,阪神,12,5,10,レイユール,14,202604110902051210,(129.8),,,,,,
260411,阪神,12,4,8,ジャスパーソレイユ,15,202604110902051208,(5.1),,,,,,
260411,阪神,12,8,16,ミッキーマカパ,16,202604110902051216,(4.6),,,,,,
260411,阪神,11,1,1,エンブロイダリー,1,202604110902051101,280,140,1120,1160,1690,3820,15310
260411,阪神,11,5,5,カムニャック,2,202604110902051105,(7.8),220,1120,1160,1690,3820,15310
260411,阪神,11,3,3,ルージュソリテール,3,202604110902051103,(11.3),270,,,,3820,15310
260411,阪神,11,7,7,クランフォード,4,202604110902051107,(35.2),,,,,,
260411,阪神,11,8,10,ビップデイジー,5,202604110902051110,(73.4),,,,,,
260411,阪神,11,7,8,カナテープ,6,202604110902051108,(33.9),,,,,,
260411,阪神,11,8,9,エポックヴィーナス,7,202604110902051109,(241.3),,,,,,
260411,阪神,11,4,4,ラヴァンダ,8,202604110902051104,(4.2),,,,,,
260411,阪神,11,2,2,カピリナ,9,202604110902051102,(14.1),,,,,,
260411,阪神,11,6,6,アスコリピチェーノ,10,202604110902051106,(3.3),,,,,,
260411,阪神,10,7,10,ウィクトルウェルス,1,202604110902051010,180,110,520,1080,1690,910,4750
260411,阪神,10,5,7,ウエストナウ,2,202604110902051007,(9.3),170,520,1080,1690,910,4750
260411,阪神,10,1,1,アマキヒ,3,202604110902051001,(3.4),110,,,,910,4750
260411,阪神,10,8,12,ドクタードリトル,4,202604110902051012,(39.0),,,,,,
260411,阪神,10,7,11,グランドカリナン,5,202604110902051011,(230.8),,,,,,
260411,阪神,10,3,3,ボーンディスウェイ,6,202604110902051003,(19.3),,,,,,
260411,阪神,10,4,5,カネフラ,7,202604110902051005,(50.5),,,,,,
260411,阪神,10,6,9,ザイツィンガー,8,202604110902051009,(148.2),,,,,,
260411,阪神,10,2,2,マイネルクリソーラ,9,202604110902051002,(18.7),,,,,,
260411,阪神,10,4,4,マイネルメモリー,10,202604110902051004,(51.9),,,,,,
260411,阪神,10,5,6,サンライズソレイユ,11,202604110902051006,(8.8),,,,,,
260411,阪神,10,6,8,トータルクラリティ,12,202604110902051008,(180.0),,,,,,
260411,阪神,10,8,13,ミクソロジー,13,202604110902051013,(109.8),,,,,,
260411,阪神,9,1,1,ファームツエンティ,1,202604110902050901,410,100,,290,750,190,1740
260411,阪神,9,4,4,アロンズロッド,2,202604110902050904,(1.7),100,,290,750,190,1740
260411,阪神,9,2,2,アルマデオロ,3,202604110902050902,(3.2),100,,,,190,1740
260411,阪神,9,7,7,サトノスカイターフ,4,202604110902050907,(40.6),,,,,,
260411,阪神,9,3,3,アルベリック,5,202604110902050903,(108.4),,,,,,
260411,阪神,9,5,5,パンデアスカル,6,202604110902050905,(15.0),,,,,,
260411,阪神,9,8,8,リッチブラック,7,202604110902050908,(75.9),,,,,,
260411,阪神,9,6,6,プレイリードリーム,8,202604110902050906,(139.5),,,,,,
260411,阪神,8,5,9,モズケイスター,1,202604110902050809,210,110,350,650,1290,2020,8700
260411,阪神,8,2,4,モーニングコート,2,202604110902050804,(6.1),180,350,650,1290,2020,8700
260411,阪神,8,4,8,ザングウィル,3,202604110902050808,(10.5),220,,,,2020,8700
260411,阪神,8,2,3,パヴィーア,4,202604110902050803,(7.4),,,,,,
260411,阪神,8,3,6,エンダードラゴン,5,202604110902050806,(7.8),,,,,,
260411,阪神,8,5,10,ハイクライテリア,6,202604110902050810,(182.1),,,,,,
260411,阪神,8,4,7,アメリカンビヨンド,7,202604110902050807,(13.9),,,,,,
260411,阪神,8,6,11,ダディーズグーグー,8,202604110902050811,(10.4),,,,,,
260411,阪神,8,1,2,ワイドデコラシオン,9,202604110902050802,(59.0),,,,,,
260411,阪神,8,6,12,リュキア,10,202604110902050812,(147.6),,,,,,
260411,阪神,8,1,1,ゴッドカインド,11,202604110902050801,(199.7),,,,,,
260411,阪神,8,8,15,ポルトドール,12,202604110902050815,(25.8),,,,,,
260411,阪神,8,7,14,リュクスドレフォン,13,202604110902050814,(203.7),,,,,,
260411,阪神,8,7,13,スターペスショウマ,14,202604110902050813,(431.2),,,,,,
260411,阪神,8,3,5,ケイアイブイスリー,15,202604110902050805,(116.7),,,,,,
260411,阪神,8,8,16,プロクレイア,16,202604110902050816,(175.5),,,,,,
260411,阪神,7,3,3,エアニゲラ,1,202604110902050703,330,140,450,390,780,810,3110
260411,阪神,7,5,5,ハギノコラソン,2,202604110902050705,(2.6),110,450,390,780,810,3110
260411,阪神,7,7,8,デルマサクラサク,3,202604110902050708,(7.8),180,,,,810,3110
260411,阪神,7,8,11,アリストクラシア,4,202604110902050711,(4.6),,,,,,
260411,阪神,7,7,9,ヴィーナスバブル,5,202604110902050709,(38.6),,,,,,
260411,阪神,7,1,1,シゲルオトヒメ,6,202604110902050701,(33.1),,,,,,
260411,阪神,7,6,6,ウィンターガーデン,7,202604110902050706,(20.4),,,,,,
260411,阪神,7,4,4,コンテナライン,8,202604110902050704,(67.8),,,,,,
260411,阪神,7,2,2,アフェシス,9,202604110902050702,(100.0),,,,,,
260411,阪神,7,6,7,ピコラ,10,202604110902050707,(77.7),,,,,,
260411,阪神,7,8,10,ナムラルッコラ,11,202604110902050710,(10.9),,,,,,
260411,阪神,6,8,14,デアヴェローチェ,1,202604110902050614,320,140,490,650,1120,3000,11420
260411,阪神,6,2,3,デルマリシリ,2,202604110902050603,(3.2),150,490,650,1120,3000,11420
260411,阪神,6,6,10,グッドピース,3,202604110902050610,(19.7),330,,,,3000,11420
260411,阪神,6,2,2,マーゴットミスト,4,202604110902050602,(14.0),,,,,,
260411,阪神,6,4,7,メイクワンズデイ,5,202604110902050607,(4.2),,,,,,
260411,阪神,6,4,6,ミトノリン,6,202604110902050606,(31.1),,,,,,
260411,阪神,6,1,1,テルヴィセクス,7,202604110902050601,(23.0),,,,,,
260411,阪神,6,7,12,ネメス,8,202604110902050612,(8.4),,,,,,
260411,阪神,6,3,4,ヒナノムサシ,9,202604110902050604,(123.1),,,,,,
260411,阪神,6,7,13,サヨノパララックス,10,202604110902050613,(107.9),,,,,,
260411,阪神,6,6,11,スローモーション,11,202604110902050611,(217.5),,,,,,
260411,阪神,6,5,8,ドルチェミスト,12,202604110902050608,(104.6),,,,,,
260411,阪神,6,8,15,ミスターバッドガイ,13,202604110902050615,(34.0),,,,,,
260411,阪神,6,5,9,エスティヴァリス,14,202604110902050609,(56.6),,,,,,
260411,阪神,6,3,5,ゴールドヴィーナス,15,202604110902050605,(121.5),,,,,,
260411,阪神,5,5,5,チュウワカーネギー,1,202604110902050505,520,200,450,790,1560,5610,20300
260411,阪神,5,4,4,タガノエルー,2,202604110902050504,(2.4),130,450,790,1560,5610,20300
260411,阪神,5,1,1,アスクドゥチャンプ,3,202604110902050501,(26.3),500,,,,5610,20300
260411,阪神,5,8,12,メイショウペイト,4,202604110902050512,(63.2),,,,,,
260411,阪神,5,8,11,キタノシャカール,5,202604110902050511,(25.2),,,,,,
260411,阪神,5,5,6,ヴィエントデコラ,6,202604110902050506,(9.3),,,,,,
260411,阪神,5,6,7,サイモンゼスト,7,202604110902050507,(102.6),,,,,,
260411,阪神,5,3,3,テスタヴェローチェ,8,202604110902050503,(7.5),,,,,,
260411,阪神,5,7,9,ワンダフルデイズ,9,202604110902050509,(15.2),,,,,,
260411,阪神,5,2,2,ジュンプリメーロ,10,202604110902050502,(38.5),,,,,,
260411,阪神,5,6,8,キリオス,11,202604110902050508,(5.1),,,,,,
260411,阪神,5,7,10,クラッチスラッガー,12,202604110902050510,(33.1),,,,,,
260411,阪神,4,3,6,オリオンブレード,1,202604110902050406,200,120,5430,2620,3220,5850,28190
260411,阪神,4,7,14,パンチャマハブータ,2,202604110902050414,(34.1),440,5430,2620,3220,5850,28190
260411,阪神,4,2,3,エアアルチーナ,3,202604110902050403,(10.4),210,,,,5850,28190
260411,阪神,4,3,5,コスモフィレンツェ,4,202604110902050405,(2.9),,,,,,
260411,阪神,4,8,16,コワンニシタガウ,5,202604110902050416,(7.5),,,,,,
260411,阪神,4,1,1,シャリキモン,6,202604110902050401,(78.7),,,,,,
260411,阪神,4,4,7,アリュウ,7,202604110902050407,(160.9),,,,,,
260411,阪神,4,5,9,グリッタードール,8,202604110902050409,(219.4),,,,,,
260411,阪神,4,1,2,ベルアズーロ,9,202604110902050402,(113.1),,,,,,
260411,阪神,4,8,15,アルダ,10,202604110902050415,(104.5),,,,,,
260411,阪神,4,6,11,プロスト,11,202604110902050411,(105.4),,,,,,
260411,阪神,4,2,4,ダンツカレン,12,202604110902050404,(203.1),,,,,,
260411,阪神,4,6,12,コティノス,13,202604110902050412,(11.9),,,,,,
260411,阪神,4,5,10,イズントイット,14,202604110902050410,(171.2),,,,,,
260411,阪神,4,7,13,メイショウバルキア,15,202604110902050413,(183.5),,,,,,
260411,阪神,4,4,8,サトノアグード,0,202604110902050408,,,,,,,
260411,阪神,3,3,3,ジュンドラドラ,1,202604110902050303,110,100,2600,3320,4170,12860,41520
260411,阪神,3,6,8,ケンフィールド,2,202604110902050308,(105.6),730,2600,3320,4170,12860,41520
260411,阪神,3,4,4,メイショウヒタカミ,3,202604110902050304,(38.1),330,,,,12860,41520
260411,阪神,3,1,1,ハオカノア,4,202604110902050301,(18.8),,,,,,
260411,阪神,3,5,6,トコトコクマチ,5,202604110902050306,(258.1),,,,,,
260411,阪神,3,7,11,ジャスティンレビン,6,202604110902050311,(8.5),,,,,,
260411,阪神,3,8,13,ディープシャロー,7,202604110902050313,(20.1),,,,,,
260411,阪神,3,7,10,パイザナンバー,8,202604110902050310,(128.4),,,,,,
260411,阪神,3,6,9,オセアスターライト,9,202604110902050309,(174.6),,,,,,
260411,阪神,3,8,12,サンライズレマ,10,202604110902050312,(76.0),,,,,,
260411,阪神,3,2,2,ブラストオフ,11,202604110902050302,(16.8),,,,,,
260411,阪神,3,4,5,ウインマデイラ,12,202604110902050305,(106.6),,,,,,
260411,阪神,3,5,7,メイショウトッド,13,202604110902050307,(173.8),,,,,,
260411,阪神,2,3,5,ゼロヴィジビリティ,1,202604110902050205,230,140,780,870,1260,840,3100
260411,阪神,2,1,1,オウケンブラッド,2,202604110902050201,(5.0),130,780,870,1260,840,3100
260411,阪神,2,4,8,ペプチドレオン,3,202604110902050208,(4.5),120,,,,840,3100
260411,阪神,2,7,14,パピプペピンク,4,202604110902050214,(218.1),,,,,,
260411,阪神,2,7,13,ライフイズカラフル,5,202604110902050213,(9.7),,,,,,
260411,阪神,2,1,2,オアシスアラン,6,202604110902050202,(156.1),,,,,,
260411,阪神,2,2,4,ゴールデンボブ,7,202604110902050204,(110.7),,,,,,
260411,阪神,2,5,10,メイショウライゴー,8,202604110902050210,(8.0),,,,,,
260411,阪神,2,2,3,ラジャブルック,9,202604110902050203,(22.8),,,,,,
260411,阪神,2,6,11,マカラス,10,202604110902050211,(42.0),,,,,,
260411,阪神,2,8,15,テリオスリコ,11,202604110902050215,(272.5),,,,,,
260411,阪神,2,5,9,レッドピアレス,12,202604110902050209,(20.4),,,,,,
260411,阪神,2,3,6,ペントハウス,13,202604110902050206,(89.9),,,,,,
260411,阪神,2,4,7,ペスキエーラ,14,202604110902050207,(98.9),,,,,,
260411,阪神,2,8,16,シュネープリンセス,15,202604110902050216,(49.0),,,,,,
260411,阪神,2,6,12,スージーハルワ,16,202604110902050212,(544.6),,,,,,
260411,阪神,1,4,7,イルカンダ,1,202604110902050107,320,140,710,780,1150,1160,5930
260411,阪神,1,6,11,レステダンルヴァン,2,202604110902050111,(4.9),130,710,780,1150,1160,5930
260411,阪神,1,1,2,ミルボナー,3,202604110902050102,(3.1),110,,,,1160,5930
260411,阪神,1,3,5,マクノス,4,202604110902050105,(158.7),,,,,,
260411,阪神,1,8,15,プルーフリーディン,5,202604110902050115,(4.6),,,,,,
260411,阪神,1,5,9,スマートコーラル,6,202604110902050109,(226.2),,,,,,
260411,阪神,1,6,12,ミリオンアップ,7,202604110902050112,(67.3),,,,,,
260411,阪神,1,1,1,ジェイパック,8,202604110902050101,(150.9),,,,,,
260411,阪神,1,4,8,リトゥリア,9,202604110902050108,(76.0),,,,,,
260411,阪神,1,5,10,タントレーベル,10,202604110902050110,(39.6),,,,,,
260411,阪神,1,7,13,メイショウゼルク,11,202604110902050113,(248.6),,,,,,
260411,阪神,1,7,14,ワンインザスカイ,12,202604110902050114,(90.6),,,,,,
260411,阪神,1,2,4,ヒルノジェノヴァ,13,202604110902050104,(17.9),,,,,,
260411,阪神,1,3,6,トゥスコラーナ,14,202604110902050106,(95.9),,,,,,
260411,阪神,1,2,3,ハバタクジユウニ,15,202604110902050103,(52.6),,,,,,
260411,阪神,1,8,16,トライアンドエラー,16,202604110902050116,(29.3),,,,,,
