feature_name,raw_value,normalized_value,count,known_before,known_after,normalization_rule,expected_drift_column,unknown_rate_before_col,unknown_rate_after_col
場所,中京,中京,513,True,True,恒等(規則なし),False,0.0,0.0
場所,中山,中山,810,True,True,恒等(規則なし),False,0.0,0.0
場所,京都,京都,804,True,True,恒等(規則なし),False,0.0,0.0
場所,函館,函館,141,True,True,恒等(規則なし),False,0.0,0.0
場所,小倉,小倉,482,True,True,恒等(規則なし),False,0.0,0.0
場所,新潟,新潟,462,True,True,恒等(規則なし),False,0.0,0.0
場所,札幌,札幌,290,True,True,恒等(規則なし),False,0.0,0.0
場所,東京,東京,538,True,True,恒等(規則なし),False,0.0,0.0
場所,福島,福島,428,True,True,恒等(規則なし),False,0.0,0.0
場所,阪神,阪神,456,True,True,恒等(規則なし),False,0.0,0.0
芝・ダ,ダート,ダ,2536,False,True,NORMALIZERS(変化あり),False,0.5241673436230707,0.009138911454102356
芝・ダ,芝,芝,2343,True,True,恒等(規則なし),False,0.5241673436230707,0.009138911454102356
芝・ダ,障害,障害,45,False,False,未対応(未知のまま),False,0.5241673436230707,0.009138911454102356
コース区分,A,A,1500,True,True,恒等(規則なし),False,0.0,0.0
コース区分,B,B,511,True,True,恒等(規則なし),False,0.0,0.0
コース区分,C,C,228,True,True,恒等(規則なし),False,0.0,0.0
コース区分,D,D,149,True,True,恒等(規則なし),False,0.0,0.0
馬場状態,不(暫定),不,226,False,True,NORMALIZERS(変化あり),False,0.7278635255889521,0.0
馬場状態,稍,稍,293,True,True,恒等(規則なし),False,0.7278635255889521,0.0
馬場状態,稍(暫定),稍,814,False,True,NORMALIZERS(変化あり),False,0.7278635255889521,0.0
馬場状態,良,良,1047,True,True,恒等(規則なし),False,0.7278635255889521,0.0
馬場状態,良(暫定),良,2209,False,True,NORMALIZERS(変化あり),False,0.7278635255889521,0.0
馬場状態,重(暫定),重,335,False,True,NORMALIZERS(変化あり),False,0.7278635255889521,0.0
天気,小雨(暫定),小雨,154,False,True,NORMALIZERS(変化あり),False,1.0,0.0
天気,晴, 晴 ,964,False,True,NORMALIZERS(変化あり),False,1.0,0.0
天気,晴(暫定), 晴 ,1437,False,True,NORMALIZERS(変化あり),False,1.0,0.0
天気,曇, 曇 ,376,False,True,NORMALIZERS(変化あり),False,1.0,0.0
天気,曇(暫定), 曇 ,1436,False,True,NORMALIZERS(変化あり),False,1.0,0.0
天気,雨(暫定), 雨 ,557,False,True,NORMALIZERS(変化あり),False,1.0,0.0
クラス名,1勝,1勝,1293,True,True,恒等(規則なし),False,0.0,0.0
クラス名,2勝,2勝,623,True,True,恒等(規則なし),False,0.0,0.0
クラス名,3勝,3勝,314,True,True,恒等(規則なし),False,0.0,0.0
クラス名,OP(L),OP(L),108,True,True,恒等(規則なし),False,0.0,0.0
クラス名,新馬,新馬,266,True,True,恒等(規則なし),False,0.0,0.0
クラス名,未勝利,未勝利,1963,True,True,恒等(規則なし),False,0.0,0.0
クラス名,Ｇ１,Ｇ１,33,True,True,恒等(規則なし),False,0.0,0.0
クラス名,Ｇ２,Ｇ２,83,True,True,恒等(規則なし),False,0.0,0.0
クラス名,Ｇ３,Ｇ３,75,True,True,恒等(規則なし),False,0.0,0.0
クラス名,ＪＧ２,ＪＧ２,10,True,True,恒等(規則なし),False,0.0,0.0
クラス名,ｵｰﾌﾟﾝ,ｵｰﾌﾟﾝ,156,True,True,恒等(規則なし),False,0.0,0.0
種牡馬,"""Adios Charlie""","""Adios Charlie""",1,False,False,未対応(未知のまま),True,0.3706336311941511,0.3706336311941511
種牡馬,"""American Pharoah""","""American Pharoah""",7,False,False,未対応(未知のまま),True,0.3706336311941511,0.3706336311941511
種牡馬,"""Beau Liam""","""Beau Liam""",2,False,False,未対応(未知のまま),True,0.3706336311941511,0.3706336311941511
種牡馬,"""Bolt d'Oro""","""Bolt d'Oro""",2,False,False,未対応(未知のまま),True,0.3706336311941511,0.3706336311941511
種牡馬,"""Cairo Prince""","""Cairo Prince""",2,False,False,未対応(未知のまま),True,0.3706336311941511,0.3706336311941511
種牡馬,"""City Zip""","""City Zip""",1,False,False,未対応(未知のまま),True,0.3706336311941511,0.3706336311941511
種牡馬,"""City of Light""","""City of Light""",3,False,False,未対応(未知のまま),True,0.3706336311941511,0.3706336311941511
種牡馬,"""Cloud Computing""","""Cloud Computing""",1,False,False,未対応(未知のまま),True,0.3706336311941511,0.3706336311941511
種牡馬,"""Dandy Man""","""Dandy Man""",4,False,False,未対応(未知のまま),True,0.3706336311941511,0.3706336311941511
種牡馬,"""Dark Angel""","""Dark Angel""",1,False,False,未対応(未知のまま),True,0.3706336311941511,0.3706336311941511
種牡馬,"""Dawn Approach""","""Dawn Approach""",2,False,False,未対応(未知のまま),True,0.3706336311941511,0.3706336311941511
種牡馬,"""Drain the Clock""","""Drain the Clock""",1,False,False,未対応(未知のまま),True,0.3706336311941511,0.3706336311941511
種牡馬,"""Essential Quality""","""Essential Quality""",2,False,False,未対応(未知のまま),True,0.3706336311941511,0.3706336311941511
種牡馬,"""Global Campaign""","""Global Campaign""",2,False,False,未対応(未知のまま),True,0.3706336311941511,0.3706336311941511
種牡馬,"""Golden Horn""","""Golden Horn""",3,False,False,未対応(未知のまま),True,0.3706336311941511,0.3706336311941511
種牡馬,"""Good Magic""","""Good Magic""",2,False,False,未対応(未知のまま),True,0.3706336311941511,0.3706336311941511
種牡馬,"""Gun Runner""","""Gun Runner""",11,False,False,未対応(未知のまま),True,0.3706336311941511,0.3706336311941511
種牡馬,"""Harry Angel""","""Harry Angel""",1,False,False,未対応(未知のまま),True,0.3706336311941511,0.3706336311941511
種牡馬,"""Hat Trick""","""Hat Trick""",1,False,False,未対応(未知のまま),True,0.3706336311941511,0.3706336311941511
種牡馬,"""Into Mischief""","""Into Mischief""",7,False,False,未対応(未知のまま),True,0.3706336311941511,0.3706336311941511
種牡馬,"""Jack Christopher""","""Jack Christopher""",1,False,False,未対応(未知のまま),True,0.3706336311941511,0.3706336311941511
種牡馬,"""Knicks Go""","""Knicks Go""",2,False,False,未対応(未知のまま),True,0.3706336311941511,0.3706336311941511
種牡馬,"""Le Havre""","""Le Havre""",1,False,False,未対応(未知のまま),True,0.3706336311941511,0.3706336311941511
種牡馬,"""Liam's Map""","""Liam's Map""",1,False,False,未対応(未知のまま),True,0.3706336311941511,0.3706336311941511
種牡馬,"""Life Is Good""","""Life Is Good""",2,False,False,未対応(未知のまま),True,0.3706336311941511,0.3706336311941511
種牡馬,"""Maclean's Music""","""Maclean's Music""",2,False,False,未対応(未知のまま),True,0.3706336311941511,0.3706336311941511
種牡馬,"""Magna Grecia""","""Magna Grecia""",2,False,False,未対応(未知のまま),True,0.3706336311941511,0.3706336311941511
種牡馬,"""Medaglia d'Oro""","""Medaglia d'Oro""",1,False,False,未対応(未知のまま),True,0.3706336311941511,0.3706336311941511
種牡馬,"""Mo Town""","""Mo Town""",1,False,False,未対応(未知のまま),True,0.3706336311941511,0.3706336311941511
種牡馬,"""Mor Spirit""","""Mor Spirit""",2,False,False,未対応(未知のまま),True,0.3706336311941511,0.3706336311941511
種牡馬,"""Night of Thunder""","""Night of Thunder""",1,False,False,未対応(未知のまま),True,0.3706336311941511,0.3706336311941511
種牡馬,"""Omaha Beach""","""Omaha Beach""",4,False,False,未対応(未知のまま),True,0.3706336311941511,0.3706336311941511
種牡馬,"""Palace Malice""","""Palace Malice""",3,False,False,未対応(未知のまま),True,0.3706336311941511,0.3706336311941511
種牡馬,"""Practical Joke""","""Practical Joke""",4,False,False,未対応(未知のまま),True,0.3706336311941511,0.3706336311941511
種牡馬,"""Quality Road""","""Quality Road""",5,False,False,未対応(未知のまま),True,0.3706336311941511,0.3706336311941511
種牡馬,"""Saxon Warrior""","""Saxon Warrior""",8,False,False,未対応(未知のまま),True,0.3706336311941511,0.3706336311941511
種牡馬,"""St Mark's Basilica""","""St Mark's Basilica""",5,False,False,未対応(未知のまま),True,0.3706336311941511,0.3706336311941511
種牡馬,"""Street Boss""","""Street Boss""",3,False,False,未対応(未知のまま),True,0.3706336311941511,0.3706336311941511
種牡馬,"""Study of Man""","""Study of Man""",1,False,False,未対応(未知のまま),True,0.3706336311941511,0.3706336311941511
種牡馬,"""Tiz the Law""","""Tiz the Law""",2,False,False,未対応(未知のまま),True,0.3706336311941511,0.3706336311941511
種牡馬,"""Tom's d'Etat""","""Tom's d'Etat""",1,False,False,未対応(未知のまま),True,0.3706336311941511,0.3706336311941511
種牡馬,"""Twirling Candy""","""Twirling Candy""",2,False,False,未対応(未知のまま),True,0.3706336311941511,0.3706336311941511
種牡馬,"""Uncle Mo""","""Uncle Mo""",1,False,False,未対応(未知のまま),True,0.3706336311941511,0.3706336311941511
種牡馬,"""Vino Rosso""","""Vino Rosso""",1,False,False,未対応(未知のまま),True,0.3706336311941511,0.3706336311941511
種牡馬,"""War Front""","""War Front""",1,False,False,未対応(未知のまま),True,0.3706336311941511,0.3706336311941511
種牡馬,"""Wootton Bassett""","""Wootton Bassett""",1,False,False,未対応(未知のまま),True,0.3706336311941511,0.3706336311941511
種牡馬,Almanzor,Almanzor,1,True,True,恒等(規則なし),True,0.3706336311941511,0.3706336311941511
種牡馬,Authentic,Authentic,1,False,False,未対応(未知のまま),True,0.3706336311941511,0.3706336311941511
種牡馬,Blame,Blame,3,True,True,恒等(規則なし),True,0.3706336311941511,0.3706336311941511
種牡馬,Caravaggio,Caravaggio,1,True,True,恒等(規則なし),True,0.3706336311941511,0.3706336311941511
種牡馬,Charlatan,Charlatan,2,False,False,未対応(未知のまま),True,0.3706336311941511,0.3706336311941511
種牡馬,Collected,Collected,1,True,True,恒等(規則なし),True,0.3706336311941511,0.3706336311941511
種牡馬,Complexity,Complexity,2,False,False,未対応(未知のまま),True,0.3706336311941511,0.3706336311941511
種牡馬,Constitution,Constitution,3,True,True,恒等(規則なし),True,0.3706336311941511,0.3706336311941511
種牡馬,Dabirsim,Dabirsim,1,False,False,未対応(未知のまま),True,0.3706336311941511,0.3706336311941511
種牡馬,Exceedance,Exceedance,2,False,False,未対応(未知のまま),True,0.3706336311941511,0.3706336311941511
種牡馬,Flightline,Flightline,1,False,False,未対応(未知のまま),True,0.3706336311941511,0.3706336311941511
種牡馬,Frankel,Frankel,10,True,True,恒等(規則なし),True,0.3706336311941511,0.3706336311941511
種牡馬,Frosted,Frosted,3,True,True,恒等(規則なし),True,0.3706336311941511,0.3706336311941511
種牡馬,Ghaiyyath,Ghaiyyath,1,False,False,未対応(未知のまま),True,0.3706336311941511,0.3706336311941511
種牡馬,Iffraaj,Iffraaj,2,True,True,恒等(規則なし),True,0.3706336311941511,0.3706336311941511
種牡馬,Improbable,Improbable,2,False,False,未対応(未知のまま),True,0.3706336311941511,0.3706336311941511
種牡馬,Justify,Justify,3,True,True,恒等(規則なし),True,0.3706336311941511,0.3706336311941511
種牡馬,Kingman,Kingman,5,True,True,恒等(規則なし),True,0.3706336311941511,0.3706336311941511
種牡馬,Masar,Masar,1,False,False,未対応(未知のまま),True,0.3706336311941511,0.3706336311941511
種牡馬,Maxfield,Maxfield,1,False,False,未対応(未知のまま),True,0.3706336311941511,0.3706336311941511
種牡馬,McKinzie,McKinzie,2,False,False,未対応(未知のまま),True,0.3706336311941511,0.3706336311941511
種牡馬,Mendelssohn,Mendelssohn,1,True,True,恒等(規則なし),True,0.3706336311941511,0.3706336311941511
種牡馬,Mitole,Mitole,3,False,False,未対応(未知のまま),True,0.3706336311941511,0.3706336311941511
種牡馬,Modernist,Modernist,1,False,False,未対応(未知のまま),True,0.3706336311941511,0.3706336311941511
種牡馬,Nathaniel,Nathaniel,1,True,True,恒等(規則なし),True,0.3706336311941511,0.3706336311941511
種牡馬,Nyquist,Nyquist,1,True,True,恒等(規則なし),True,0.3706336311941511,0.3706336311941511
種牡馬,Siyouni,Siyouni,2,True,True,恒等(規則なし),True,0.3706336311941511,0.3706336311941511
種牡馬,Sottsass,Sottsass,2,False,False,未対応(未知のまま),True,0.3706336311941511,0.3706336311941511
種牡馬,Speightstown,Speightstown,6,True,True,恒等(規則なし),True,0.3706336311941511,0.3706336311941511
種牡馬,Vekoma,Vekoma,1,False,False,未対応(未知のまま),True,0.3706336311941511,0.3706336311941511
種牡馬,Volatile,Volatile,2,False,False,未対応(未知のまま),True,0.3706336311941511,0.3706336311941511
種牡馬,Yaupon,Yaupon,1,False,False,未対応(未知のまま),True,0.3706336311941511,0.3706336311941511
種牡馬,Zarak,Zarak,1,False,False,未対応(未知のまま),True,0.3706336311941511,0.3706336311941511
種牡馬,アイファーソング,アイファーソング,1,True,True,恒等(規則なし),True,0.3706336311941511,0.3706336311941511
種牡馬,アジアエクスプレス,アジアエクスプレス,30,True,True,恒等(規則なし),True,0.3706336311941511,0.3706336311941511
種牡馬,アスクピーターパン,アスクピーターパン,1,False,False,未対応(未知のまま),True,0.3706336311941511,0.3706336311941511
種牡馬,アドマイヤマーズ,アドマイヤマーズ,40,False,False,未対応(未知のまま),True,0.3706336311941511,0.3706336311941511
種牡馬,アドマイヤムーン,アドマイヤムーン,8,True,True,恒等(規則なし),True,0.3706336311941511,0.3706336311941511
種牡馬,アニマルキングダム,アニマルキングダム,15,False,False,未対応(未知のまま),True,0.3706336311941511,0.3706336311941511
種牡馬,アポロキングダム,アポロキングダム,4,True,True,恒等(規則なし),True,0.3706336311941511,0.3706336311941511
種牡馬,アポロケンタッキー,アポロケンタッキー,4,False,False,未対応(未知のまま),True,0.3706336311941511,0.3706336311941511
種牡馬,アメリカンペイトリオット,アメリカンペイトリオット,40,True,True,恒等(規則なし),True,0.3706336311941511,0.3706336311941511
種牡馬,アルアイン,アルアイン,50,False,False,未対応(未知のまま),True,0.3706336311941511,0.3706336311941511
種牡馬,アルクトス,アルクトス,1,False,False,未対応(未知のまま),True,0.3706336311941511,0.3706336311941511
種牡馬,アルバート,アルバート,5,False,False,未対応(未知のまま),True,0.3706336311941511,0.3706336311941511
種牡馬,イスラボニータ,イスラボニータ,64,True,True,恒等(規則なし),True,0.3706336311941511,0.3706336311941511
種牡馬,インカンテーション,インカンテーション,5,True,True,恒等(規則なし),True,0.3706336311941511,0.3706336311941511
種牡馬,インディチャンプ,インディチャンプ,24,False,False,未対応(未知のまま),True,0.3706336311941511,0.3706336311941511
種牡馬,ウインバリアシオン,ウインバリアシオン,2,True,True,恒等(規則なし),True,0.3706336311941511,0.3706336311941511
種牡馬,ウインブライト,ウインブライト,35,False,False,未対応(未知のまま),True,0.3706336311941511,0.3706336311941511
種牡馬,ウォータービルド,ウォータービルド,4,False,False,未対応(未知のまま),True,0.3706336311941511,0.3706336311941511
種牡馬,エイシンヒカリ,エイシンヒカリ,11,True,True,恒等(規則なし),True,0.3706336311941511,0.3706336311941511
種牡馬,エイシンフラッシュ,エイシンフラッシュ,19,True,True,恒等(規則なし),True,0.3706336311941511,0.3706336311941511
種牡馬,エスケンデレヤ,エスケンデレヤ,6,True,True,恒等(規則なし),True,0.3706336311941511,0.3706336311941511
種牡馬,エスポワールシチー,エスポワールシチー,18,True,True,恒等(規則なし),True,0.3706336311941511,0.3706336311941511
種牡馬,エピカリス,エピカリス,2,False,False,未対応(未知のまま),True,0.3706336311941511,0.3706336311941511
種牡馬,エピファネイア,エピファネイア,128,True,True,恒等(規則なし),True,0.3706336311941511,0.3706336311941511
種牡馬,エフフォーリア,エフフォーリア,2,False,False,未対応(未知のまま),True,0.3706336311941511,0.3706336311941511
種牡馬,エポカドーロ,エポカドーロ,4,False,False,未対応(未知のまま),True,0.3706336311941511,0.3706336311941511
種牡馬,エンパイアペガサス,エンパイアペガサス,1,False,False,未対応(未知のまま),True,0.3706336311941511,0.3706336311941511
種牡馬,エーシントップ,エーシントップ,1,True,True,恒等(規則なし),True,0.3706336311941511,0.3706336311941511
種牡馬,オウケンワールド,オウケンワールド,2,False,False,未対応(未知のまま),True,0.3706336311941511,0.3706336311941511
種牡馬,オルフェーヴル,オルフェーヴル,72,True,True,恒等(規則なし),True,0.3706336311941511,0.3706336311941511
種牡馬,オンファイア,オンファイア,1,True,True,恒等(規則なし),True,0.3706336311941511,0.3706336311941511
種牡馬,オーヴァルエース,オーヴァルエース,6,False,False,未対応(未知のまま),True,0.3706336311941511,0.3706336311941511
種牡馬,カデナ,カデナ,1,False,False,未対応(未知のまま),True,0.3706336311941511,0.3706336311941511
種牡馬,カラヴァッジオ,カラヴァッジオ,2,False,False,未対応(未知のまま),True,0.3706336311941511,0.3706336311941511
種牡馬,カリフォルニアクローム,カリフォルニアクローム,42,False,False,未対応(未知のまま),True,0.3706336311941511,0.3706336311941511
種牡馬,カレンブラックヒル,カレンブラックヒル,28,True,True,恒等(規則なし),True,0.3706336311941511,0.3706336311941511
種牡馬,ガルボ,ガルボ,4,True,True,恒等(規則なし),True,0.3706336311941511,0.3706336311941511
種牡馬,キズナ,キズナ,141,True,True,恒等(規則なし),True,0.3706336311941511,0.3706336311941511
種牡馬,キセキ,キセキ,24,False,False,未対応(未知のまま),True,0.3706336311941511,0.3706336311941511
種牡馬,キタサンブラック,キタサンブラック,77,True,True,恒等(規則なし),True,0.3706336311941511,0.3706336311941511
種牡馬,キャプテンキング,キャプテンキング,1,False,False,未対応(未知のまま),True,0.3706336311941511,0.3706336311941511
種牡馬,キングカメハメハ,キングカメハメハ,6,True,True,恒等(規則なし),True,0.3706336311941511,0.3706336311941511
種牡馬,キングヘイロー,キングヘイロー,1,True,True,恒等(規則なし),True,0.3706336311941511,0.3706336311941511
種牡馬,キンシャサノキセキ,キンシャサノキセキ,15,True,True,恒等(規則なし),True,0.3706336311941511,0.3706336311941511
種牡馬,クラウンレガーロ,クラウンレガーロ,1,True,True,恒等(規則なし),True,0.3706336311941511,0.3706336311941511
種牡馬,クリソベリル,クリソベリル,39,False,False,未対応(未知のまま),True,0.3706336311941511,0.3706336311941511
種牡馬,クレスコグランド,クレスコグランド,2,True,True,恒等(規則なし),True,0.3706336311941511,0.3706336311941511
種牡馬,グァンチャーレ,グァンチャーレ,3,False,False,未対応(未知のまま),True,0.3706336311941511,0.3706336311941511
種牡馬,グランデッツァ,グランデッツァ,2,True,True,恒等(規則なし),True,0.3706336311941511,0.3706336311941511
種牡馬,グランプリボス,グランプリボス,4,True,True,恒等(規則なし),True,0.3706336311941511,0.3706336311941511
種牡馬,グレーターロンドン,グレーターロンドン,18,True,True,恒等(規則なし),True,0.3706336311941511,0.3706336311941511
種牡馬,グロリアスノア,グロリアスノア,1,True,True,恒等(規則なし),True,0.3706336311941511,0.3706336311941511
種牡馬,ケープブランコ,ケープブランコ,1,True,True,恒等(規則なし),True,0.3706336311941511,0.3706336311941511
種牡馬,コパノリッキー,コパノリッキー,28,True,True,恒等(規則なし),True,0.3706336311941511,0.3706336311941511
種牡馬,コントレイル,コントレイル,76,False,False,未対応(未知のまま),True,0.3706336311941511,0.3706336311941511
種牡馬,ゴールドアクター,ゴールドアクター,9,True,True,恒等(規則なし),True,0.3706336311941511,0.3706336311941511
種牡馬,ゴールドアリュール,ゴールドアリュール,1,True,True,恒等(規則なし),True,0.3706336311941511,0.3706336311941511
種牡馬,ゴールドシップ,ゴールドシップ,79,True,True,恒等(規則なし),True,0.3706336311941511,0.3706336311941511
種牡馬,ゴールドドリーム,ゴールドドリーム,43,False,False,未対応(未知のまま),True,0.3706336311941511,0.3706336311941511
種牡馬,サウスヴィグラス,サウスヴィグラス,1,True,True,恒等(規則なし),True,0.3706336311941511,0.3706336311941511
種牡馬,サトノアラジン,サトノアラジン,37,True,True,恒等(規則なし),True,0.3706336311941511,0.3706336311941511
種牡馬,サトノインプレッサ,サトノインプレッサ,2,False,False,未対応(未知のまま),True,0.3706336311941511,0.3706336311941511
種牡馬,サトノクラウン,サトノクラウン,27,True,True,恒等(規則なし),True,0.3706336311941511,0.3706336311941511
種牡馬,サトノジェネシス,サトノジェネシス,7,False,False,未対応(未知のまま),True,0.3706336311941511,0.3706336311941511
種牡馬,サトノダイヤモンド,サトノダイヤモンド,79,True,True,恒等(規則なし),True,0.3706336311941511,0.3706336311941511
種牡馬,サリオス,サリオス,7,False,False,未対応(未知のまま),True,0.3706336311941511,0.3706336311941511
種牡馬,サングレーザー,サングレーザー,3,False,False,未対応(未知のまま),True,0.3706336311941511,0.3706336311941511
種牡馬,サンダースノー,サンダースノー,34,False,False,未対応(未知のまま),True,0.3706336311941511,0.3706336311941511
種牡馬,サートゥルナーリア,サートゥルナーリア,108,False,False,未対応(未知のまま),True,0.3706336311941511,0.3706336311941511
種牡馬,ザファクター,ザファクター,3,True,True,恒等(規則なし),True,0.3706336311941511,0.3706336311941511
種牡馬,シゲルカガ,シゲルカガ,1,True,True,恒等(規則なし),True,0.3706336311941511,0.3706336311941511
種牡馬,シスキン,シスキン,21,False,False,未対応(未知のまま),True,0.3706336311941511,0.3706336311941511
種牡馬,シニスターミニスター,シニスターミニスター,65,True,True,恒等(規則なし),True,0.3706336311941511,0.3706336311941511
種牡馬,シャンハイボビー,シャンハイボビー,30,True,True,恒等(規則なし),True,0.3706336311941511,0.3706336311941511
種牡馬,シュウジ,シュウジ,1,False,False,未対応(未知のまま),True,0.3706336311941511,0.3706336311941511
種牡馬,シュヴァルグラン,シュヴァルグラン,31,False,False,未対応(未知のまま),True,0.3706336311941511,0.3706336311941511
種牡馬,ショウナンバッハ,ショウナンバッハ,2,False,False,未対応(未知のまま),True,0.3706336311941511,0.3706336311941511
種牡馬,シルバーステート,シルバーステート,112,True,True,恒等(規則なし),True,0.3706336311941511,0.3706336311941511
種牡馬,ジャスタウェイ,ジャスタウェイ,50,True,True,恒等(規則なし),True,0.3706336311941511,0.3706336311941511
種牡馬,ジャングルポケット,ジャングルポケット,1,True,True,恒等(規則なし),True,0.3706336311941511,0.3706336311941511
種牡馬,ジャンダルム,ジャンダルム,5,False,False,未対応(未知のまま),True,0.3706336311941511,0.3706336311941511
種牡馬,ジョーカプチーノ,ジョーカプチーノ,14,True,True,恒等(規則なし),True,0.3706336311941511,0.3706336311941511
種牡馬,スクリーンヒーロー,スクリーンヒーロー,15,True,True,恒等(規則なし),True,0.3706336311941511,0.3706336311941511
種牡馬,スズカコーズウェイ,スズカコーズウェイ,3,True,True,恒等(規則なし),True,0.3706336311941511,0.3706336311941511
種牡馬,ステルヴィオ,ステルヴィオ,1,False,False,未対応(未知のまま),True,0.3706336311941511,0.3706336311941511
種牡馬,ストロングリターン,ストロングリターン,14,True,True,恒等(規則なし),True,0.3706336311941511,0.3706336311941511
種牡馬,ストーミーシー,ストーミーシー,1,False,False,未対応(未知のまま),True,0.3706336311941511,0.3706336311941511
種牡馬,スノードラゴン,スノードラゴン,1,True,True,恒等(規則なし),True,0.3706336311941511,0.3706336311941511
種牡馬,スピルバーグ,スピルバーグ,4,True,True,恒等(規則なし),True,0.3706336311941511,0.3706336311941511
種牡馬,スマートオーディン,スマートオーディン,3,False,False,未対応(未知のまま),True,0.3706336311941511,0.3706336311941511
種牡馬,スマートファルコン,スマートファルコン,6,True,True,恒等(規則なし),True,0.3706336311941511,0.3706336311941511
種牡馬,スワーヴリチャード,スワーヴリチャード,57,False,False,未対応(未知のまま),True,0.3706336311941511,0.3706336311941511
種牡馬,セイウンコウセイ,セイウンコウセイ,8,False,False,未対応(未知のまま),True,0.3706336311941511,0.3706336311941511
種牡馬,タイセイレジェンド,タイセイレジェンド,1,True,True,恒等(規則なし),True,0.3706336311941511,0.3706336311941511
種牡馬,タツゴウゲキ,タツゴウゲキ,1,False,False,未対応(未知のまま),True,0.3706336311941511,0.3706336311941511
種牡馬,タニノフランケル,タニノフランケル,5,False,False,未対応(未知のまま),True,0.3706336311941511,0.3706336311941511
種牡馬,タリスマニック,タリスマニック,34,True,True,恒等(規則なし),True,0.3706336311941511,0.3706336311941511
種牡馬,タワーオブロンドン,タワーオブロンドン,45,False,False,未対応(未知のまま),True,0.3706336311941511,0.3706336311941511
種牡馬,ダイシンバルカン,ダイシンバルカン,1,False,False,未対応(未知のまま),True,0.3706336311941511,0.3706336311941511
種牡馬,ダイワメジャー,ダイワメジャー,39,True,True,恒等(規則なし),True,0.3706336311941511,0.3706336311941511
種牡馬,ダノンキングリー,ダノンキングリー,18,False,False,未対応(未知のまま),True,0.3706336311941511,0.3706336311941511
種牡馬,ダノンシャンティ,ダノンシャンティ,2,True,True,恒等(規則なし),True,0.3706336311941511,0.3706336311941511
種牡馬,ダノンスマッシュ,ダノンスマッシュ,39,False,False,未対応(未知のまま),True,0.3706336311941511,0.3706336311941511
種牡馬,ダノンバラード,ダノンバラード,58,True,True,恒等(規則なし),True,0.3706336311941511,0.3706336311941511
種牡馬,ダノンプレミアム,ダノンプレミアム,45,False,False,未対応(未知のまま),True,0.3706336311941511,0.3706336311941511
種牡馬,ダノンレジェンド,ダノンレジェンド,29,True,True,恒等(規則なし),True,0.3706336311941511,0.3706336311941511
種牡馬,ダンカーク,ダンカーク,6,True,True,恒等(規則なし),True,0.3706336311941511,0.3706336311941511
種牡馬,テーオーヘリオス,テーオーヘリオス,1,False,False,未対応(未知のまま),True,0.3706336311941511,0.3706336311941511
種牡馬,ディスクリートキャット,ディスクリートキャット,25,True,True,恒等(規則なし),True,0.3706336311941511,0.3706336311941511
種牡馬,ディープインパクト,ディープインパクト,16,True,True,恒等(規則なし),True,0.3706336311941511,0.3706336311941511
種牡馬,ディープブリランテ,ディープブリランテ,13,True,True,恒等(規則なし),True,0.3706336311941511,0.3706336311941511
種牡馬,ディーマジェスティ,ディーマジェスティ,35,True,True,恒等(規則なし),True,0.3706336311941511,0.3706336311941511
種牡馬,デクラレーションオブウォー,デクラレーションオブウォー,61,True,True,恒等(規則なし),True,0.3706336311941511,0.3706336311941511
種牡馬,トゥザワールド,トゥザワールド,4,True,True,恒等(規則なし),True,0.3706336311941511,0.3706336311941511
種牡馬,トビーズコーナー,トビーズコーナー,4,True,True,恒等(規則なし),True,0.3706336311941511,0.3706336311941511
種牡馬,トランセンド,トランセンド,3,True,True,恒等(規則なし),True,0.3706336311941511,0.3706336311941511
種牡馬,トーセンラー,トーセンラー,12,True,True,恒等(規則なし),True,0.3706336311941511,0.3706336311941511
種牡馬,トーセンレーヴ,トーセンレーヴ,2,True,True,恒等(規則なし),True,0.3706336311941511,0.3706336311941511
種牡馬,トーホウジャッカル,トーホウジャッカル,1,True,True,恒等(規則なし),True,0.3706336311941511,0.3706336311941511
種牡馬,ドゥラメンテ,ドゥラメンテ,63,True,True,恒等(規則なし),True,0.3706336311941511,0.3706336311941511
種牡馬,ドリームジャーニー,ドリームジャーニー,6,True,True,恒等(規則なし),True,0.3706336311941511,0.3706336311941511
種牡馬,ドリームバレンチノ,ドリームバレンチノ,3,True,True,恒等(規則なし),True,0.3706336311941511,0.3706336311941511
種牡馬,ドレフォン,ドレフォン,111,True,True,恒等(規則なし),True,0.3706336311941511,0.3706336311941511
種牡馬,ナカヤマフェスタ,ナカヤマフェスタ,1,True,True,恒等(規則なし),True,0.3706336311941511,0.3706336311941511
種牡馬,ナダル,ナダル,61,False,False,未対応(未知のまま),True,0.3706336311941511,0.3706336311941511
種牡馬,ニシケンモノノフ,ニシケンモノノフ,1,True,True,恒等(規則なし),True,0.3706336311941511,0.3706336311941511
種牡馬,ニホンピロアワーズ,ニホンピロアワーズ,2,True,True,恒等(規則なし),True,0.3706336311941511,0.3706336311941511
種牡馬,ニューイヤーズデイ,ニューイヤーズデイ,53,False,False,未対応(未知のまま),True,0.3706336311941511,0.3706336311941511
種牡馬,ネロ,ネロ,8,True,True,恒等(規則なし),True,0.3706336311941511,0.3706336311941511
種牡馬,ノヴェリスト,ノヴェリスト,10,True,True,恒等(規則なし),True,0.3706336311941511,0.3706336311941511
種牡馬,ノーブルミッション,ノーブルミッション,15,False,False,未対応(未知のまま),True,0.3706336311941511,0.3706336311941511
種牡馬,ハイランドリール,ハイランドリール,2,False,False,未対応(未知のまま),True,0.3706336311941511,0.3706336311941511
種牡馬,ハギノハイブリッド,ハギノハイブリッド,1,True,True,恒等(規則なし),True,0.3706336311941511,0.3706336311941511
種牡馬,ハクサンムーン,ハクサンムーン,3,True,True,恒等(規則なし),True,0.3706336311941511,0.3706336311941511
種牡馬,ハッピースプリント,ハッピースプリント,4,False,False,未対応(未知のまま),True,0.3706336311941511,0.3706336311941511
種牡馬,ハーツクライ,ハーツクライ,25,True,True,恒等(規則なし),True,0.3706336311941511,0.3706336311941511
種牡馬,ハービンジャー,ハービンジャー,44,True,True,恒等(規則なし),True,0.3706336311941511,0.3706336311941511
種牡馬,バゴ,バゴ,20,True,True,恒等(規則なし),True,0.3706336311941511,0.3706336311941511
種牡馬,バトルプラン,バトルプラン,6,True,True,恒等(規則なし),True,0.3706336311941511,0.3706336311941511
種牡馬,バンドワゴン,バンドワゴン,7,True,True,恒等(規則なし),True,0.3706336311941511,0.3706336311941511
種牡馬,バンブーエール,バンブーエール,1,True,True,恒等(規則なし),True,0.3706336311941511,0.3706336311941511
種牡馬,パイロ,パイロ,53,True,True,恒等(規則なし),True,0.3706336311941511,0.3706336311941511
種牡馬,パドトロワ,パドトロワ,4,True,True,恒等(規則なし),True,0.3706336311941511,0.3706336311941511
種牡馬,ビッグアーサー,ビッグアーサー,47,True,True,恒等(規則なし),True,0.3706336311941511,0.3706336311941511
種牡馬,ビーチパトロール,ビーチパトロール,17,True,True,恒等(規則なし),True,0.3706336311941511,0.3706336311941511
種牡馬,ファインニードル,ファインニードル,28,True,True,恒等(規則なし),True,0.3706336311941511,0.3706336311941511
種牡馬,フィエールマン,フィエールマン,44,False,False,未対応(未知のまま),True,0.3706336311941511,0.3706336311941511
種牡馬,フィレンツェファイア,フィレンツェファイア,31,False,False,未対応(未知のまま),True,0.3706336311941511,0.3706336311941511
種牡馬,フェノーメノ,フェノーメノ,2,True,True,恒等(規則なし),True,0.3706336311941511,0.3706336311941511
種牡馬,フォーウィールドライブ,フォーウィールドライブ,36,False,False,未対応(未知のまま),True,0.3706336311941511,0.3706336311941511
種牡馬,フリオーソ,フリオーソ,2,True,True,恒等(規則なし),True,0.3706336311941511,0.3706336311941511
種牡馬,ブラックタイド,ブラックタイド,14,True,True,恒等(規則なし),True,0.3706336311941511,0.3706336311941511
種牡馬,ブリックスアンドモルタル,ブリックスアンドモルタル,72,False,False,未対応(未知のまま),True,0.3706336311941511,0.3706336311941511
種牡馬,プリサイスエンド,プリサイスエンド,1,True,True,恒等(規則なし),True,0.3706336311941511,0.3706336311941511
種牡馬,ヘニーヒューズ,ヘニーヒューズ,53,True,True,恒等(規則なし),True,0.3706336311941511,0.3706336311941511
種牡馬,ヘンリーバローズ,ヘンリーバローズ,4,False,False,未対応(未知のまま),True,0.3706336311941511,0.3706336311941511
種牡馬,ベストウォーリア,ベストウォーリア,8,True,True,恒等(規則なし),True,0.3706336311941511,0.3706336311941511
種牡馬,ベルシャザール,ベルシャザール,3,True,True,恒等(規則なし),True,0.3706336311941511,0.3706336311941511
種牡馬,ベンバトル,ベンバトル,23,False,False,未対応(未知のまま),True,0.3706336311941511,0.3706336311941511
種牡馬,ベーカバド,ベーカバド,1,True,True,恒等(規則なし),True,0.3706336311941511,0.3706336311941511
種牡馬,ホッコータルマエ,ホッコータルマエ,43,True,True,恒等(規則なし),True,0.3706336311941511,0.3706336311941511
種牡馬,ホットロッドチャーリー,ホットロッドチャーリー,1,False,False,未対応(未知のまま),True,0.3706336311941511,0.3706336311941511
種牡馬,ホークビル,ホークビル,4,False,False,未対応(未知のまま),True,0.3706336311941511,0.3706336311941511
種牡馬,ポエティックフレア,ポエティックフレア,19,False,False,未対応(未知のまま),True,0.3706336311941511,0.3706336311941511
種牡馬,マインドユアビスケッツ,マインドユアビスケッツ,47,True,True,恒等(規則なし),True,0.3706336311941511,0.3706336311941511
種牡馬,マクフィ,マクフィ,35,True,True,恒等(規則なし),True,0.3706336311941511,0.3706336311941511
種牡馬,マジェスティックウォリアー,マジェスティックウォリアー,50,True,True,恒等(規則なし),True,0.3706336311941511,0.3706336311941511
種牡馬,マツリダゴッホ,マツリダゴッホ,1,True,True,恒等(規則なし),True,0.3706336311941511,0.3706336311941511
種牡馬,マテラスカイ,マテラスカイ,32,False,False,未対応(未知のまま),True,0.3706336311941511,0.3706336311941511
種牡馬,ミスターメロディ,ミスターメロディ,32,False,False,未対応(未知のまま),True,0.3706336311941511,0.3706336311941511
種牡馬,ミスチヴィアスアレックス,ミスチヴィアスアレックス,41,False,False,未対応(未知のまま),True,0.3706336311941511,0.3706336311941511
種牡馬,ミッキーアイル,ミッキーアイル,73,True,True,恒等(規則なし),True,0.3706336311941511,0.3706336311941511
種牡馬,ミッキーグローリー,ミッキーグローリー,8,False,False,未対応(未知のまま),True,0.3706336311941511,0.3706336311941511
種牡馬,ミッキースワロー,ミッキースワロー,1,False,False,未対応(未知のまま),True,0.3706336311941511,0.3706336311941511
種牡馬,ミッキーロケット,ミッキーロケット,9,True,True,恒等(規則なし),True,0.3706336311941511,0.3706336311941511
種牡馬,ミュゼスルタン,ミュゼスルタン,2,True,True,恒等(規則なし),True,0.3706336311941511,0.3706336311941511
種牡馬,メイショウサムソン,メイショウサムソン,1,True,True,恒等(規則なし),True,0.3706336311941511,0.3706336311941511
種牡馬,メイショウボーラー,メイショウボーラー,2,True,True,恒等(規則なし),True,0.3706336311941511,0.3706336311941511
種牡馬,モズアスコット,モズアスコット,61,False,False,未対応(未知のまま),True,0.3706336311941511,0.3706336311941511
種牡馬,モンテロッソ,モンテロッソ,2,True,True,恒等(規則なし),True,0.3706336311941511,0.3706336311941511
種牡馬,モーニン,モーニン,26,False,False,未対応(未知のまま),True,0.3706336311941511,0.3706336311941511
種牡馬,モーリス,モーリス,96,True,True,恒等(規則なし),True,0.3706336311941511,0.3706336311941511
種牡馬,ヤマカツエース,ヤマカツエース,9,True,True,恒等(規則なし),True,0.3706336311941511,0.3706336311941511
種牡馬,ヤングマンパワー,ヤングマンパワー,4,False,False,未対応(未知のまま),True,0.3706336311941511,0.3706336311941511
種牡馬,ラニ,ラニ,4,True,True,恒等(規則なし),True,0.3706336311941511,0.3706336311941511
種牡馬,ラブリーデイ,ラブリーデイ,21,True,True,恒等(規則なし),True,0.3706336311941511,0.3706336311941511
種牡馬,リアルインパクト,リアルインパクト,17,True,True,恒等(規則なし),True,0.3706336311941511,0.3706336311941511
種牡馬,リアルスティール,リアルスティール,102,True,True,恒等(規則なし),True,0.3706336311941511,0.3706336311941511
種牡馬,リオンディーズ,リオンディーズ,70,True,True,恒等(規則なし),True,0.3706336311941511,0.3706336311941511
種牡馬,リオンリオン,リオンリオン,10,False,False,未対応(未知のまま),True,0.3706336311941511,0.3706336311941511
種牡馬,リーチザクラウン,リーチザクラウン,8,True,True,恒等(規則なし),True,0.3706336311941511,0.3706336311941511
種牡馬,ルヴァンスレーヴ,ルヴァンスレーヴ,76,False,False,未対応(未知のまま),True,0.3706336311941511,0.3706336311941511
種牡馬,ルーラーシップ,ルーラーシップ,77,True,True,恒等(規則なし),True,0.3706336311941511,0.3706336311941511
種牡馬,レイデオロ,レイデオロ,85,False,False,未対応(未知のまま),True,0.3706336311941511,0.3706336311941511
種牡馬,レインボーライン,レインボーライン,3,True,True,恒等(規則なし),True,0.3706336311941511,0.3706336311941511
種牡馬,レッドスパーダ,レッドスパーダ,1,True,True,恒等(規則なし),True,0.3706336311941511,0.3706336311941511
種牡馬,レッドファルクス,レッドファルクス,20,True,True,恒等(規則なし),True,0.3706336311941511,0.3706336311941511
種牡馬,レッドベルジュール,レッドベルジュール,6,False,False,未対応(未知のまま),True,0.3706336311941511,0.3706336311941511
種牡馬,レーヴミストラル,レーヴミストラル,3,True,True,恒等(規則なし),True,0.3706336311941511,0.3706336311941511
種牡馬,ロゴタイプ,ロゴタイプ,15,True,True,恒等(規則なし),True,0.3706336311941511,0.3706336311941511
種牡馬,ロジャーバローズ,ロジャーバローズ,26,False,False,未対応(未知のまま),True,0.3706336311941511,0.3706336311941511
種牡馬,ロジユニヴァース,ロジユニヴァース,1,True,True,恒等(規則なし),True,0.3706336311941511,0.3706336311941511
種牡馬,ロージズインメイ,ロージズインメイ,4,True,True,恒等(規則なし),True,0.3706336311941511,0.3706336311941511
種牡馬,ロードカナロア,ロードカナロア,136,True,True,恒等(規則なし),True,0.3706336311941511,0.3706336311941511
種牡馬,ワンアンドオンリー,ワンアンドオンリー,1,True,True,恒等(規則なし),True,0.3706336311941511,0.3706336311941511
種牡馬,ワールドエース,ワールドエース,11,True,True,恒等(規則なし),True,0.3706336311941511,0.3706336311941511
種牡馬,ワールドプレミア,ワールドプレミア,11,False,False,未対応(未知のまま),True,0.3706336311941511,0.3706336311941511
種牡馬,ヴァンキッシュラン,ヴァンキッシュラン,1,True,True,恒等(規則なし),True,0.3706336311941511,0.3706336311941511
種牡馬,ヴァンゴッホ,ヴァンゴッホ,23,False,False,未対応(未知のまま),True,0.3706336311941511,0.3706336311941511
種牡馬,ヴァンセンヌ,ヴァンセンヌ,3,True,True,恒等(規則なし),True,0.3706336311941511,0.3706336311941511
種牡馬,ヴィクトワールピサ,ヴィクトワールピサ,7,True,True,恒等(規則なし),True,0.3706336311941511,0.3706336311941511
父タイプ名,その他のエクリプス系,その他のエクリプス系,14,True,True,恒等(規則なし),True,0.0,0.0
父タイプ名,ナスルーラ系,ナスルーラ系,141,True,True,恒等(規則なし),True,0.0,0.0
父タイプ名,ニアークティック系,ニアークティック系,67,True,True,恒等(規則なし),True,0.0,0.0
父タイプ名,ネイティヴダンサー系,ネイティヴダンサー系,120,True,True,恒等(規則なし),True,0.0,0.0
父タイプ名,ロイヤルチャージャー系,ロイヤルチャージャー系,201,True,True,恒等(規則なし),True,0.0,0.0
母父馬,"""A.P. Indy""","""A.P. Indy""",2,False,False,未対応(未知のまま),True,0.1852152721364744,0.1852152721364744
母父馬,"""Action This Day""","""Action This Day""",1,False,False,未対応(未知のまま),True,0.1852152721364744,0.1852152721364744
母父馬,"""Adios Charlie""","""Adios Charlie""",3,False,False,未対応(未知のまま),True,0.1852152721364744,0.1852152721364744
母父馬,"""Afleet Alex""","""Afleet Alex""",3,False,False,未対応(未知のまま),True,0.1852152721364744,0.1852152721364744
母父馬,"""Afternoon Deelites""","""Afternoon Deelites""",1,False,False,未対応(未知のまま),True,0.1852152721364744,0.1852152721364744
母父馬,"""American Pharoah""","""American Pharoah""",3,False,False,未対応(未知のまま),True,0.1852152721364744,0.1852152721364744
母父馬,"""American Post""","""American Post""",1,False,False,未対応(未知のまま),True,0.1852152721364744,0.1852152721364744
母父馬,"""Anabaa Blue""","""Anabaa Blue""",2,False,False,未対応(未知のまま),True,0.1852152721364744,0.1852152721364744
母父馬,"""Any Given Saturday""","""Any Given Saturday""",1,False,False,未対応(未知のまま),True,0.1852152721364744,0.1852152721364744
母父馬,"""Aussie Rules""","""Aussie Rules""",1,False,False,未対応(未知のまま),True,0.1852152721364744,0.1852152721364744
母父馬,"""Awesome Again""","""Awesome Again""",6,False,False,未対応(未知のまま),True,0.1852152721364744,0.1852152721364744
母父馬,"""Awesome Gambler""","""Awesome Gambler""",1,False,False,未対応(未知のまま),True,0.1852152721364744,0.1852152721364744
母父馬,"""Banker's Gold""","""Banker's Gold""",1,False,False,未対応(未知のまま),True,0.1852152721364744,0.1852152721364744
母父馬,"""Bated Breath""","""Bated Breath""",2,False,False,未対応(未知のまま),True,0.1852152721364744,0.1852152721364744
母父馬,"""Bellamy Road""","""Bellamy Road""",11,False,False,未対応(未知のまま),True,0.1852152721364744,0.1852152721364744
母父馬,"""Bluegrass Cat""","""Bluegrass Cat""",3,False,False,未対応(未知のまま),True,0.1852152721364744,0.1852152721364744
母父馬,"""Broken Vow""","""Broken Vow""",1,False,False,未対応(未知のまま),True,0.1852152721364744,0.1852152721364744
母父馬,"""Cadeaux Genereux""","""Cadeaux Genereux""",1,False,False,未対応(未知のまま),True,0.1852152721364744,0.1852152721364744
母父馬,"""Cairo Prince""","""Cairo Prince""",5,False,False,未対応(未知のまま),True,0.1852152721364744,0.1852152721364744
母父馬,"""Candy Ride""","""Candy Ride""",14,False,False,未対応(未知のまま),True,0.1852152721364744,0.1852152721364744
母父馬,"""Candy Stripes""","""Candy Stripes""",2,False,False,未対応(未知のまま),True,0.1852152721364744,0.1852152721364744
母父馬,"""Canford Cliffs""","""Canford Cliffs""",1,False,False,未対応(未知のまま),True,0.1852152721364744,0.1852152721364744
母父馬,"""Cape Cross""","""Cape Cross""",9,False,False,未対応(未知のまま),True,0.1852152721364744,0.1852152721364744
母父馬,"""Catcher In The Rye""","""Catcher In The Rye""",2,False,False,未対応(未知のまま),True,0.1852152721364744,0.1852152721364744
母父馬,"""Champs Elysees""","""Champs Elysees""",4,False,False,未対応(未知のまま),True,0.1852152721364744,0.1852152721364744
母父馬,"""Charm Spirit""","""Charm Spirit""",1,False,False,未対応(未知のまま),True,0.1852152721364744,0.1852152721364744
母父馬,"""Cherokee Run""","""Cherokee Run""",1,False,False,未対応(未知のまま),True,0.1852152721364744,0.1852152721364744
母父馬,"""Chief Seattle""","""Chief Seattle""",1,False,False,未対応(未知のまま),True,0.1852152721364744,0.1852152721364744
母父馬,"""Circular Quay""","""Circular Quay""",4,False,False,未対応(未知のまま),True,0.1852152721364744,0.1852152721364744
母父馬,"""City Banker""","""City Banker""",1,False,False,未対応(未知のまま),True,0.1852152721364744,0.1852152721364744
母父馬,"""City Zip""","""City Zip""",5,False,False,未対応(未知のまま),True,0.1852152721364744,0.1852152721364744
母父馬,"""Closing Argument""","""Closing Argument""",1,False,False,未対応(未知のまま),True,0.1852152721364744,0.1852152721364744
母父馬,"""Concorde's Tune""","""Concorde's Tune""",2,False,False,未対応(未知のまま),True,0.1852152721364744,0.1852152721364744
母父馬,"""Coronado's Quest""","""Coronado's Quest""",4,False,False,未対応(未知のまま),True,0.1852152721364744,0.1852152721364744
母父馬,"""Country Reel""","""Country Reel""",1,False,False,未対応(未知のまま),True,0.1852152721364744,0.1852152721364744
母父馬,"""Creative Cause""","""Creative Cause""",1,False,False,未対応(未知のまま),True,0.1852152721364744,0.1852152721364744
母父馬,"""Crimson Tide""","""Crimson Tide""",1,False,False,未対応(未知のまま),True,0.1852152721364744,0.1852152721364744
母父馬,"""Crocker Road""","""Crocker Road""",2,False,False,未対応(未知のまま),True,0.1852152721364744,0.1852152721364744
母父馬,"""Cross Traffic""","""Cross Traffic""",1,False,False,未対応(未知のまま),True,0.1852152721364744,0.1852152721364744
母父馬,"""Custom for Carlos""","""Custom for Carlos""",2,False,False,未対応(未知のまま),True,0.1852152721364744,0.1852152721364744
母父馬,"""Daiwa Major""","""Daiwa Major""",3,False,False,未対応(未知のまま),True,0.1852152721364744,0.1852152721364744
母父馬,"""Dance Brightly""","""Dance Brightly""",4,False,False,未対応(未知のまま),True,0.1852152721364744,0.1852152721364744
母父馬,"""Danehill Dancer""","""Danehill Dancer""",19,False,False,未対応(未知のまま),True,0.1852152721364744,0.1852152721364744
母父馬,"""Dark Angel""","""Dark Angel""",2,False,False,未対応(未知のまま),True,0.1852152721364744,0.1852152721364744
母父馬,"""Dashing Blade""","""Dashing Blade""",3,False,False,未対応(未知のまま),True,0.1852152721364744,0.1852152721364744
母父馬,"""Dawn Approach""","""Dawn Approach""",1,False,False,未対応(未知のまま),True,0.1852152721364744,0.1852152721364744
母父馬,"""Declaration of War""","""Declaration of War""",1,False,False,未対応(未知のまま),True,0.1852152721364744,0.1852152721364744
母父馬,"""Deep Impact""","""Deep Impact""",5,False,False,未対応(未知のまま),True,0.1852152721364744,0.1852152721364744
母父馬,"""Deputy Minister""","""Deputy Minister""",1,False,False,未対応(未知のまま),True,0.1852152721364744,0.1852152721364744
母父馬,"""Devil's Bag""","""Devil's Bag""",2,False,False,未対応(未知のまま),True,0.1852152721364744,0.1852152721364744
母父馬,"""Discreet Cat""","""Discreet Cat""",1,False,False,未対応(未知のまま),True,0.1852152721364744,0.1852152721364744
母父馬,"""Distorted Humor""","""Distorted Humor""",15,False,False,未対応(未知のまま),True,0.1852152721364744,0.1852152721364744
母父馬,"""Dixieland Band""","""Dixieland Band""",1,False,False,未対応(未知のまま),True,0.1852152721364744,0.1852152721364744
母父馬,"""Dream Ahead""","""Dream Ahead""",3,False,False,未対応(未知のまま),True,0.1852152721364744,0.1852152721364744
母父馬,"""Dubai Destination""","""Dubai Destination""",2,False,False,未対応(未知のまま),True,0.1852152721364744,0.1852152721364744
母父馬,"""Duke of Marmalade""","""Duke of Marmalade""",1,False,False,未対応(未知のまま),True,0.1852152721364744,0.1852152721364744
母父馬,"""Dutch Art""","""Dutch Art""",5,False,False,未対応(未知のまま),True,0.1852152721364744,0.1852152721364744
母父馬,"""Dylan Thomas""","""Dylan Thomas""",3,False,False,未対応(未知のまま),True,0.1852152721364744,0.1852152721364744
母父馬,"""E Dubai""","""E Dubai""",2,False,False,未対応(未知のまま),True,0.1852152721364744,0.1852152721364744
母父馬,"""Easing Along""","""Easing Along""",1,False,False,未対応(未知のまま),True,0.1852152721364744,0.1852152721364744
母父馬,"""El Corredor""","""El Corredor""",1,False,False,未対応(未知のまま),True,0.1852152721364744,0.1852152721364744
母父馬,"""Elusive Quality""","""Elusive Quality""",4,False,False,未対応(未知のまま),True,0.1852152721364744,0.1852152721364744
母父馬,"""Empire Maker""","""Empire Maker""",15,False,False,未対応(未知のまま),True,0.1852152721364744,0.1852152721364744
母父馬,"""English Channel""","""English Channel""",2,False,False,未対応(未知のまま),True,0.1852152721364744,0.1852152721364744
母父馬,"""Equal Stripes""","""Equal Stripes""",2,False,False,未対応(未知のまま),True,0.1852152721364744,0.1852152721364744
母父馬,"""Exceed And Excel""","""Exceed And Excel""",6,False,False,未対応(未知のまま),True,0.1852152721364744,0.1852152721364744
母父馬,"""Exchange Rate""","""Exchange Rate""",4,False,False,未対応(未知のまま),True,0.1852152721364744,0.1852152721364744
母父馬,"""Fast Company""","""Fast Company""",3,False,False,未対応(未知のまま),True,0.1852152721364744,0.1852152721364744
母父馬,"""Fastnet Rock""","""Fastnet Rock""",4,False,False,未対応(未知のまま),True,0.1852152721364744,0.1852152721364744
母父馬,"""First Dude""","""First Dude""",1,False,False,未対応(未知のまま),True,0.1852152721364744,0.1852152721364744
母父馬,"""First Samurai""","""First Samurai""",1,False,False,未対応(未知のまま),True,0.1852152721364744,0.1852152721364744
母父馬,"""Flying Spur""","""Flying Spur""",2,False,False,未対応(未知のまま),True,0.1852152721364744,0.1852152721364744
母父馬,"""Forest Camp""","""Forest Camp""",1,False,False,未対応(未知のまま),True,0.1852152721364744,0.1852152721364744
母父馬,"""French Deputy""","""French Deputy""",2,False,False,未対応(未知のまま),True,0.1852152721364744,0.1852152721364744
母父馬,"""Fusaichi Pegasus""","""Fusaichi Pegasus""",7,False,False,未対応(未知のまま),True,0.1852152721364744,0.1852152721364744
母父馬,"""Get Stormy""","""Get Stormy""",3,False,False,未対応(未知のまま),True,0.1852152721364744,0.1852152721364744
母父馬,"""Giant's Causeway""","""Giant's Causeway""",22,False,False,未対応(未知のまま),True,0.1852152721364744,0.1852152721364744
母父馬,"""Gilded Time""","""Gilded Time""",1,False,False,未対応(未知のまま),True,0.1852152721364744,0.1852152721364744
母父馬,"""Global Hunter""","""Global Hunter""",3,False,False,未対応(未知のまま),True,0.1852152721364744,0.1852152721364744
母父馬,"""Going Commando""","""Going Commando""",2,False,False,未対応(未知のまま),True,0.1852152721364744,0.1852152721364744
母父馬,"""Gone West""","""Gone West""",5,False,False,未対応(未知のまま),True,0.1852152721364744,0.1852152721364744
母父馬,"""Grand Lodge""","""Grand Lodge""",1,False,False,未対応(未知のまま),True,0.1852152721364744,0.1852152721364744
母父馬,"""Grand Slam""","""Grand Slam""",2,False,False,未対応(未知のまま),True,0.1852152721364744,0.1852152721364744
母父馬,"""Green Tune""","""Green Tune""",1,False,False,未対応(未知のまま),True,0.1852152721364744,0.1852152721364744
母父馬,"""Gun Runner""","""Gun Runner""",3,False,False,未対応(未知のまま),True,0.1852152721364744,0.1852152721364744
母父馬,"""Hard Spun""","""Hard Spun""",10,False,False,未対応(未知のまま),True,0.1852152721364744,0.1852152721364744
母父馬,"""Harlan's Holiday""","""Harlan's Holiday""",12,False,False,未対応(未知のまま),True,0.1852152721364744,0.1852152721364744
母父馬,"""Hawk Wing""","""Hawk Wing""",1,False,False,未対応(未知のまま),True,0.1852152721364744,0.1852152721364744
母父馬,"""Heart's Cry""","""Heart's Cry""",2,False,False,未対応(未知のまま),True,0.1852152721364744,0.1852152721364744
母父馬,"""Henny Hughes""","""Henny Hughes""",3,False,False,未対応(未知のまま),True,0.1852152721364744,0.1852152721364744
母父馬,"""High Chaparral""","""High Chaparral""",5,False,False,未対応(未知のまま),True,0.1852152721364744,0.1852152721364744
母父馬,"""Hold That Tiger""","""Hold That Tiger""",2,False,False,未対応(未知のまま),True,0.1852152721364744,0.1852152721364744
母父馬,"""Holy Roman Emperor""","""Holy Roman Emperor""",5,False,False,未対応(未知のまま),True,0.1852152721364744,0.1852152721364744
母父馬,"""Hurricane Run""","""Hurricane Run""",1,False,False,未対応(未知のまま),True,0.1852152721364744,0.1852152721364744
母父馬,"""I Am Invincible""","""I Am Invincible""",1,False,False,未対応(未知のまま),True,0.1852152721364744,0.1852152721364744
母父馬,"""Indian Charlie""","""Indian Charlie""",1,False,False,未対応(未知のまま),True,0.1852152721364744,0.1852152721364744
母父馬,"""Indygo Shiner""","""Indygo Shiner""",3,False,False,未対応(未知のまま),True,0.1852152721364744,0.1852152721364744
母父馬,"""Into Mischief""","""Into Mischief""",12,False,False,未対応(未知のまま),True,0.1852152721364744,0.1852152721364744
母父馬,"""Invincible Spirit""","""Invincible Spirit""",11,False,False,未対応(未知のまま),True,0.1852152721364744,0.1852152721364744
母父馬,"""J Be K""","""J Be K""",1,False,False,未対応(未知のまま),True,0.1852152721364744,0.1852152721364744
母父馬,"""Jump Start""","""Jump Start""",2,False,False,未対応(未知のまま),True,0.1852152721364744,0.1852152721364744
母父馬,"""Kitten's Joy""","""Kitten's Joy""",9,False,False,未対応(未知のまま),True,0.1852152721364744,0.1852152721364744
母父馬,"""Lantana Mob""","""Lantana Mob""",1,False,False,未対応(未知のまま),True,0.1852152721364744,0.1852152721364744
母父馬,"""Le Havre""","""Le Havre""",3,False,False,未対応(未知のまま),True,0.1852152721364744,0.1852152721364744
母父馬,"""Liam's Map""","""Liam's Map""",2,False,False,未対応(未知のまま),True,0.1852152721364744,0.1852152721364744
母父馬,"""Lion Heart""","""Lion Heart""",1,False,False,未対応(未知のまま),True,0.1852152721364744,0.1852152721364744
母父馬,"""Lizard Island""","""Lizard Island""",2,False,False,未対応(未知のまま),True,0.1852152721364744,0.1852152721364744
母父馬,"""Lope de Vega""","""Lope de Vega""",5,False,False,未対応(未知のまま),True,0.1852152721364744,0.1852152721364744
母父馬,"""Lord of England""","""Lord of England""",3,False,False,未対応(未知のまま),True,0.1852152721364744,0.1852152721364744
母父馬,"""Macho Uno""","""Macho Uno""",2,False,False,未対応(未知のまま),True,0.1852152721364744,0.1852152721364744
母父馬,"""Maclean's Music""","""Maclean's Music""",1,False,False,未対応(未知のまま),True,0.1852152721364744,0.1852152721364744
母父馬,"""Majestic Warrior""","""Majestic Warrior""",8,False,False,未対応(未知のまま),True,0.1852152721364744,0.1852152721364744
母父馬,"""Malibu Moon""","""Malibu Moon""",9,False,False,未対応(未知のまま),True,0.1852152721364744,0.1852152721364744
母父馬,"""Medaglia d'Oro""","""Medaglia d'Oro""",18,False,False,未対応(未知のまま),True,0.1852152721364744,0.1852152721364744
母父馬,"""Mizzen Mast""","""Mizzen Mast""",3,False,False,未対応(未知のまま),True,0.1852152721364744,0.1852152721364744
母父馬,"""More Than Ready""","""More Than Ready""",15,False,False,未対応(未知のまま),True,0.1852152721364744,0.1852152721364744
母父馬,"""Mount Nelson""","""Mount Nelson""",3,False,False,未対応(未知のまま),True,0.1852152721364744,0.1852152721364744
母父馬,"""Mr Speaker""","""Mr Speaker""",1,False,False,未対応(未知のまま),True,0.1852152721364744,0.1852152721364744
母父馬,"""Mr. Greeley""","""Mr. Greeley""",7,False,False,未対応(未知のまま),True,0.1852152721364744,0.1852152721364744
母父馬,"""Mt. Livermore""","""Mt. Livermore""",4,False,False,未対応(未知のまま),True,0.1852152721364744,0.1852152721364744
母父馬,"""Mucho Macho Man""","""Mucho Macho Man""",1,False,False,未対応(未知のまま),True,0.1852152721364744,0.1852152721364744
母父馬,"""Needs Further""","""Needs Further""",1,False,False,未対応(未知のまま),True,0.1852152721364744,0.1852152721364744
母父馬,"""New Approach""","""New Approach""",8,False,False,未対応(未知のまま),True,0.1852152721364744,0.1852152721364744
母父馬,"""Northern Afleet""","""Northern Afleet""",1,False,False,未対応(未知のまま),True,0.1852152721364744,0.1852152721364744
母父馬,"""Not A Single Doubt""","""Not A Single Doubt""",2,False,False,未対応(未知のまま),True,0.1852152721364744,0.1852152721364744
母父馬,"""Not For Sale""","""Not For Sale""",1,False,False,未対応(未知のまま),True,0.1852152721364744,0.1852152721364744
母父馬,"""Oasis Dream""","""Oasis Dream""",6,False,False,未対応(未知のまま),True,0.1852152721364744,0.1852152721364744
母父馬,"""Offlee Wild""","""Offlee Wild""",1,False,False,未対応(未知のまま),True,0.1852152721364744,0.1852152721364744
母父馬,"""Pioneerof the Nile""","""Pioneerof the Nile""",11,False,False,未対応(未知のまま),True,0.1852152721364744,0.1852152721364744
母父馬,"""Pleasantly Perfect""","""Pleasantly Perfect""",1,False,False,未対応(未知のまま),True,0.1852152721364744,0.1852152721364744
母父馬,"""Poet's Voice""","""Poet's Voice""",3,False,False,未対応(未知のまま),True,0.1852152721364744,0.1852152721364744
母父馬,"""Point Given""","""Point Given""",2,False,False,未対応(未知のまま),True,0.1852152721364744,0.1852152721364744
母父馬,"""Point of Entry""","""Point of Entry""",1,False,False,未対応(未知のまま),True,0.1852152721364744,0.1852152721364744
母父馬,"""Pollard's Vision""","""Pollard's Vision""",2,False,False,未対応(未知のまま),True,0.1852152721364744,0.1852152721364744
母父馬,"""Practical Joke""","""Practical Joke""",1,False,False,未対応(未知のまま),True,0.1852152721364744,0.1852152721364744
母父馬,"""Proud Citizen""","""Proud Citizen""",1,False,False,未対応(未知のまま),True,0.1852152721364744,0.1852152721364744
母父馬,"""Proudest Romeo""","""Proudest Romeo""",3,False,False,未対応(未知のまま),True,0.1852152721364744,0.1852152721364744
母父馬,"""Pure Prize""","""Pure Prize""",5,False,False,未対応(未知のまま),True,0.1852152721364744,0.1852152721364744
母父馬,"""Quality Road""","""Quality Road""",7,False,False,未対応(未知のまま),True,0.1852152721364744,0.1852152721364744
母父馬,"""Rail Link""","""Rail Link""",1,False,False,未対応(未知のまま),True,0.1852152721364744,0.1852152721364744
母父馬,"""Rainbow Quest""","""Rainbow Quest""",2,False,False,未対応(未知のまま),True,0.1852152721364744,0.1852152721364744
母父馬,"""Raven's Pass""","""Raven's Pass""",7,False,False,未対応(未知のまま),True,0.1852152721364744,0.1852152721364744
母父馬,"""Ready's Image""","""Ready's Image""",2,False,False,未対応(未知のまま),True,0.1852152721364744,0.1852152721364744
母父馬,"""Red Ransom""","""Red Ransom""",1,False,False,未対応(未知のまま),True,0.1852152721364744,0.1852152721364744
母父馬,"""Red Runner""","""Red Runner""",1,False,False,未対応(未知のまま),True,0.1852152721364744,0.1852152721364744
母父馬,"""Redoute's Choice""","""Redoute's Choice""",3,False,False,未対応(未知のまま),True,0.1852152721364744,0.1852152721364744
母父馬,"""Reliable Man""","""Reliable Man""",2,False,False,未対応(未知のまま),True,0.1852152721364744,0.1852152721364744
母父馬,"""Richly Blended""","""Richly Blended""",4,False,False,未対応(未知のまま),True,0.1852152721364744,0.1852152721364744
母父馬,"""Rio de La Plata""","""Rio de La Plata""",1,False,False,未対応(未知のまま),True,0.1852152721364744,0.1852152721364744
母父馬,"""Rock Hard Ten""","""Rock Hard Ten""",1,False,False,未対応(未知のまま),True,0.1852152721364744,0.1852152721364744
母父馬,"""Rock of Gibraltar""","""Rock of Gibraltar""",6,False,False,未対応(未知のまま),True,0.1852152721364744,0.1852152721364744
母父馬,"""Rockport Harbor""","""Rockport Harbor""",1,False,False,未対応(未知のまま),True,0.1852152721364744,0.1852152721364744
母父馬,"""Roman Ruler""","""Roman Ruler""",2,False,False,未対応(未知のまま),True,0.1852152721364744,0.1852152721364744
母父馬,"""Royal Anthem""","""Royal Anthem""",1,False,False,未対応(未知のまま),True,0.1852152721364744,0.1852152721364744
母父馬,"""Royal Applause""","""Royal Applause""",3,False,False,未対応(未知のまま),True,0.1852152721364744,0.1852152721364744
母父馬,"""Ruler of The World""","""Ruler of The World""",1,False,False,未対応(未知のまま),True,0.1852152721364744,0.1852152721364744
母父馬,"""Sadler's Wells""","""Sadler's Wells""",2,False,False,未対応(未知のまま),True,0.1852152721364744,0.1852152721364744
母父馬,"""Saint Liam""","""Saint Liam""",5,False,False,未対応(未知のまま),True,0.1852152721364744,0.1852152721364744
母父馬,"""Salt Lake""","""Salt Lake""",1,False,False,未対応(未知のまま),True,0.1852152721364744,0.1852152721364744
母父馬,"""Scat Daddy""","""Scat Daddy""",10,False,False,未対応(未知のまま),True,0.1852152721364744,0.1852152721364744
母父馬,"""Sea The Moon""","""Sea The Moon""",1,False,False,未対応(未知のまま),True,0.1852152721364744,0.1852152721364744
母父馬,"""Sea The Stars""","""Sea The Stars""",14,False,False,未対応(未知のまま),True,0.1852152721364744,0.1852152721364744
母父馬,"""Sea of Secrets""","""Sea of Secrets""",1,False,False,未対応(未知のまま),True,0.1852152721364744,0.1852152721364744
母父馬,"""Seattle Fitz""","""Seattle Fitz""",3,False,False,未対応(未知のまま),True,0.1852152721364744,0.1852152721364744
母父馬,"""Seeking the Gold""","""Seeking the Gold""",5,False,False,未対応(未知のまま),True,0.1852152721364744,0.1852152721364744
母父馬,"""Sevres Rose""","""Sevres Rose""",1,False,False,未対応(未知のまま),True,0.1852152721364744,0.1852152721364744
母父馬,"""Shanghai Bobby""","""Shanghai Bobby""",3,False,False,未対応(未知のまま),True,0.1852152721364744,0.1852152721364744
母父馬,"""Sharp Humor""","""Sharp Humor""",1,False,False,未対応(未知のまま),True,0.1852152721364744,0.1852152721364744
母父馬,"""Sidney's Candy""","""Sidney's Candy""",1,False,False,未対応(未知のまま),True,0.1852152721364744,0.1852152721364744
母父馬,"""Sky Mesa""","""Sky Mesa""",3,False,False,未対応(未知のまま),True,0.1852152721364744,0.1852152721364744
母父馬,"""Sligo Bay""","""Sligo Bay""",4,False,False,未対応(未知のまま),True,0.1852152721364744,0.1852152721364744
母父馬,"""Smart Strike""","""Smart Strike""",12,False,False,未対応(未知のまま),True,0.1852152721364744,0.1852152721364744
母父馬,"""Smarty Jones""","""Smarty Jones""",5,False,False,未対応(未知のまま),True,0.1852152721364744,0.1852152721364744
母父馬,"""Smoke Glacken""","""Smoke Glacken""",5,False,False,未対応(未知のまま),True,0.1852152721364744,0.1852152721364744
母父馬,"""So You Think""","""So You Think""",1,False,False,未対応(未知のまま),True,0.1852152721364744,0.1852152721364744
母父馬,"""Southern Image""","""Southern Image""",3,False,False,未対応(未知のまま),True,0.1852152721364744,0.1852152721364744
母父馬,"""Spirit One""","""Spirit One""",2,False,False,未対応(未知のまま),True,0.1852152721364744,0.1852152721364744
母父馬,"""Sri Pekan""","""Sri Pekan""",2,False,False,未対応(未知のまま),True,0.1852152721364744,0.1852152721364744
母父馬,"""Star Dabbler""","""Star Dabbler""",1,False,False,未対応(未知のまま),True,0.1852152721364744,0.1852152721364744
母父馬,"""Storm Cat""","""Storm Cat""",10,False,False,未対応(未知のまま),True,0.1852152721364744,0.1852152721364744
母父馬,"""Stormy Atlantic""","""Stormy Atlantic""",7,False,False,未対応(未知のまま),True,0.1852152721364744,0.1852152721364744
母父馬,"""Street Boss""","""Street Boss""",6,False,False,未対応(未知のまま),True,0.1852152721364744,0.1852152721364744
母父馬,"""Street Cry""","""Street Cry""",16,False,False,未対応(未知のまま),True,0.1852152721364744,0.1852152721364744
母父馬,"""Street Sense""","""Street Sense""",6,False,False,未対応(未知のまま),True,0.1852152721364744,0.1852152721364744
母父馬,"""Strong Mandate""","""Strong Mandate""",1,False,False,未対応(未知のまま),True,0.1852152721364744,0.1852152721364744
母父馬,"""Successful Appeal""","""Successful Appeal""",3,False,False,未対応(未知のまま),True,0.1852152721364744,0.1852152721364744
母父馬,"""Sunday Break""","""Sunday Break""",1,False,False,未対応(未知のまま),True,0.1852152721364744,0.1852152721364744
母父馬,"""Sunday Silence""","""Sunday Silence""",1,False,False,未対応(未知のまま),True,0.1852152721364744,0.1852152721364744
母父馬,"""Super Saver""","""Super Saver""",2,False,False,未対応(未知のまま),True,0.1852152721364744,0.1852152721364744
母父馬,"""Swiss Spirit""","""Swiss Spirit""",3,False,False,未対応(未知のまま),True,0.1852152721364744,0.1852152721364744
母父馬,"""Symboli Kris S""","""Symboli Kris S""",1,False,False,未対応(未知のまま),True,0.1852152721364744,0.1852152721364744
母父馬,"""Tale of Ekati""","""Tale of Ekati""",3,False,False,未対応(未知のまま),True,0.1852152721364744,0.1852152721364744
母父馬,"""Tale of the Cat""","""Tale of the Cat""",2,False,False,未対応(未知のまま),True,0.1852152721364744,0.1852152721364744
母父馬,"""Temple City""","""Temple City""",2,False,False,未対応(未知のまま),True,0.1852152721364744,0.1852152721364744
母父馬,"""The Gurkha""","""The Gurkha""",3,False,False,未対応(未知のまま),True,0.1852152721364744,0.1852152721364744
母父馬,"""Thousand Words""","""Thousand Words""",1,False,False,未対応(未知のまま),True,0.1852152721364744,0.1852152721364744
母父馬,"""Thunder Gulch""","""Thunder Gulch""",1,False,False,未対応(未知のまま),True,0.1852152721364744,0.1852152721364744
母父馬,"""Tiz Wonderful""","""Tiz Wonderful""",4,False,False,未対応(未知のまま),True,0.1852152721364744,0.1852152721364744
母父馬,"""To Honor and Serve""","""To Honor and Serve""",1,False,False,未対応(未知のまま),True,0.1852152721364744,0.1852152721364744
母父馬,"""Touch Gold""","""Touch Gold""",2,False,False,未対応(未知のまま),True,0.1852152721364744,0.1852152721364744
母父馬,"""Trappe Shot""","""Trappe Shot""",1,False,False,未対応(未知のまま),True,0.1852152721364744,0.1852152721364744
母父馬,"""Treasure Beach""","""Treasure Beach""",1,False,False,未対応(未知のまま),True,0.1852152721364744,0.1852152721364744
母父馬,"""True Cause""","""True Cause""",1,False,False,未対応(未知のまま),True,0.1852152721364744,0.1852152721364744
母父馬,"""Twirling Candy""","""Twirling Candy""",3,False,False,未対応(未知のまま),True,0.1852152721364744,0.1852152721364744
母父馬,"""Unbridled's Song""","""Unbridled's Song""",13,False,False,未対応(未知のまま),True,0.1852152721364744,0.1852152721364744
母父馬,"""Uncle Mo""","""Uncle Mo""",6,False,False,未対応(未知のまま),True,0.1852152721364744,0.1852152721364744
母父馬,"""Union Rags""","""Union Rags""",7,False,False,未対応(未知のまま),True,0.1852152721364744,0.1852152721364744
母父馬,"""Unusual Heat""","""Unusual Heat""",4,False,False,未対応(未知のまま),True,0.1852152721364744,0.1852152721364744
母父馬,"""War Front""","""War Front""",11,False,False,未対応(未知のまま),True,0.1852152721364744,0.1852152721364744
母父馬,"""Warrior's Reward""","""Warrior's Reward""",1,False,False,未対応(未知のまま),True,0.1852152721364744,0.1852152721364744
母父馬,"""Wicked Strong""","""Wicked Strong""",1,False,False,未対応(未知のまま),True,0.1852152721364744,0.1852152721364744
母父馬,"""Will Take Charge""","""Will Take Charge""",1,False,False,未対応(未知のまま),True,0.1852152721364744,0.1852152721364744
母父馬,"""Zenno Rob Roy""","""Zenno Rob Roy""",1,False,False,未対応(未知のまま),True,0.1852152721364744,0.1852152721364744
母父馬,Acatenango,Acatenango,2,True,True,恒等(規則なし),True,0.1852152721364744,0.1852152721364744
母父馬,Acclamation,Acclamation,7,True,True,恒等(規則なし),True,0.1852152721364744,0.1852152721364744
母父馬,Adelaide,Adelaide,1,False,False,未対応(未知のまま),True,0.1852152721364744,0.1852152721364744
母父馬,Alamosa,Alamosa,1,True,True,恒等(規則なし),True,0.1852152721364744,0.1852152721364744
母父馬,Aldebaran,Aldebaran,5,True,True,恒等(規則なし),True,0.1852152721364744,0.1852152721364744
母父馬,Alhaarth,Alhaarth,4,True,True,恒等(規則なし),True,0.1852152721364744,0.1852152721364744
母父馬,Anabaa,Anabaa,2,True,True,恒等(規則なし),True,0.1852152721364744,0.1852152721364744
母父馬,Arcano,Arcano,2,True,True,恒等(規則なし),True,0.1852152721364744,0.1852152721364744
母父馬,Arch,Arch,2,True,True,恒等(規則なし),True,0.1852152721364744,0.1852152721364744
母父馬,Archarcharch,Archarcharch,5,False,False,未対応(未知のまま),True,0.1852152721364744,0.1852152721364744
母父馬,Australia,Australia,1,False,False,未対応(未知のまま),True,0.1852152721364744,0.1852152721364744
母父馬,Azamour,Azamour,2,True,True,恒等(規則なし),True,0.1852152721364744,0.1852152721364744
母父馬,Bernardini,Bernardini,15,True,True,恒等(規則なし),True,0.1852152721364744,0.1852152721364744
母父馬,Bernstein,Bernstein,7,True,True,恒等(規則なし),True,0.1852152721364744,0.1852152721364744
母父馬,Birdstone,Birdstone,5,True,True,恒等(規則なし),True,0.1852152721364744,0.1852152721364744
母父馬,Blame,Blame,2,True,True,恒等(規則なし),True,0.1852152721364744,0.1852152721364744
母父馬,Bodemeister,Bodemeister,3,True,True,恒等(規則なし),True,0.1852152721364744,0.1852152721364744
母父馬,Camelot,Camelot,3,True,True,恒等(規則なし),True,0.1852152721364744,0.1852152721364744
母父馬,Congaree,Congaree,1,True,True,恒等(規則なし),True,0.1852152721364744,0.1852152721364744
母父馬,Congrats,Congrats,15,True,True,恒等(規則なし),True,0.1852152721364744,0.1852152721364744
母父馬,Constitution,Constitution,1,False,False,未対応(未知のまま),True,0.1852152721364744,0.1852152721364744
母父馬,Courtier,Courtier,1,False,False,未対応(未知のまま),True,0.1852152721364744,0.1852152721364744
母父馬,Cozzene,Cozzene,1,True,True,恒等(規則なし),True,0.1852152721364744,0.1852152721364744
母父馬,Curlin,Curlin,4,True,True,恒等(規則なし),True,0.1852152721364744,0.1852152721364744
母父馬,Dalakhani,Dalakhani,2,True,True,恒等(規則なし),True,0.1852152721364744,0.1852152721364744
母父馬,Danehill,Danehill,2,True,True,恒等(規則なし),True,0.1852152721364744,0.1852152721364744
母父馬,Dansili,Dansili,7,True,True,恒等(規則なし),True,0.1852152721364744,0.1852152721364744
母父馬,Denman,Denman,1,True,True,恒等(規則なし),True,0.1852152721364744,0.1852152721364744
母父馬,Diktat,Diktat,3,True,True,恒等(規則なし),True,0.1852152721364744,0.1852152721364744
母父馬,Docksider,Docksider,2,True,True,恒等(規則なし),True,0.1852152721364744,0.1852152721364744
母父馬,Doyen,Doyen,1,True,True,恒等(規則なし),True,0.1852152721364744,0.1852152721364744
母父馬,Drosselmeyer,Drosselmeyer,1,False,False,未対応(未知のまま),True,0.1852152721364744,0.1852152721364744
母父馬,Dubawi,Dubawi,18,True,True,恒等(規則なし),True,0.1852152721364744,0.1852152721364744
母父馬,Dunkirk,Dunkirk,1,True,True,恒等(規則なし),True,0.1852152721364744,0.1852152721364744
母父馬,Dushyantor,Dushyantor,1,True,True,恒等(規則なし),True,0.1852152721364744,0.1852152721364744
母父馬,Dynaformer,Dynaformer,7,True,True,恒等(規則なし),True,0.1852152721364744,0.1852152721364744
母父馬,Epaulette,Epaulette,2,False,False,未対応(未知のまま),True,0.1852152721364744,0.1852152721364744
母父馬,Equiano,Equiano,3,False,False,未対応(未知のまま),True,0.1852152721364744,0.1852152721364744
母父馬,Eskendereya,Eskendereya,1,True,True,恒等(規則なし),True,0.1852152721364744,0.1852152721364744
母父馬,Firebreak,Firebreak,1,True,True,恒等(規則なし),True,0.1852152721364744,0.1852152721364744
母父馬,Flatter,Flatter,3,True,True,恒等(規則なし),True,0.1852152721364744,0.1852152721364744
母父馬,Footstepsinthesand,Footstepsinthesand,3,True,True,恒等(規則なし),True,0.1852152721364744,0.1852152721364744
母父馬,Fortify,Fortify,4,False,False,未対応(未知のまま),True,0.1852152721364744,0.1852152721364744
母父馬,Frankel,Frankel,24,True,True,恒等(規則なし),True,0.1852152721364744,0.1852152721364744
母父馬,Freud,Freud,1,True,True,恒等(規則なし),True,0.1852152721364744,0.1852152721364744
母父馬,Frosted,Frosted,1,False,False,未対応(未知のまま),True,0.1852152721364744,0.1852152721364744
母父馬,Galileo,Galileo,25,True,True,恒等(規則なし),True,0.1852152721364744,0.1852152721364744
母父馬,Gemologist,Gemologist,1,False,False,未対応(未知のまま),True,0.1852152721364744,0.1852152721364744
母父馬,Generous,Generous,1,True,True,恒等(規則なし),True,0.1852152721364744,0.1852152721364744
母父馬,Ghostzapper,Ghostzapper,11,True,True,恒等(規則なし),True,0.1852152721364744,0.1852152721364744
母父馬,Giacomo,Giacomo,1,False,False,未対応(未知のまま),True,0.1852152721364744,0.1852152721364744
母父馬,Girolamo,Girolamo,2,False,False,未対応(未知のまま),True,0.1852152721364744,0.1852152721364744
母父馬,Gregorian,Gregorian,1,False,False,未対応(未知のまま),True,0.1852152721364744,0.1852152721364744
母父馬,Gutaifan,Gutaifan,1,False,False,未対応(未知のまま),True,0.1852152721364744,0.1852152721364744
母父馬,Halling,Halling,3,True,True,恒等(規則なし),True,0.1852152721364744,0.1852152721364744
母父馬,Hansen,Hansen,2,False,False,未対応(未知のまま),True,0.1852152721364744,0.1852152721364744
母父馬,Haynesfield,Haynesfield,1,False,False,未対応(未知のまま),True,0.1852152721364744,0.1852152721364744
母父馬,Henrythenavigator,Henrythenavigator,3,True,True,恒等(規則なし),True,0.1852152721364744,0.1852152721364744
母父馬,Include,Include,4,True,True,恒等(規則なし),True,0.1852152721364744,0.1852152721364744
母父馬,Intikhab,Intikhab,3,True,True,恒等(規則なし),True,0.1852152721364744,0.1852152721364744
母父馬,Istan,Istan,1,False,False,未対応(未知のまま),True,0.1852152721364744,0.1852152721364744
母父馬,Jeremy,Jeremy,5,True,True,恒等(規則なし),True,0.1852152721364744,0.1852152721364744
母父馬,Kendargent,Kendargent,4,True,True,恒等(規則なし),True,0.1852152721364744,0.1852152721364744
母父馬,Kingmambo,Kingmambo,10,True,True,恒等(規則なし),True,0.1852152721364744,0.1852152721364744
母父馬,Kingman,Kingman,2,False,False,未対応(未知のまま),True,0.1852152721364744,0.1852152721364744
母父馬,Kodiac,Kodiac,4,True,True,恒等(規則なし),True,0.1852152721364744,0.1852152721364744
母父馬,Kyllachy,Kyllachy,1,True,True,恒等(規則なし),True,0.1852152721364744,0.1852152721364744
母父馬,Lawman,Lawman,4,True,True,恒等(規則なし),True,0.1852152721364744,0.1852152721364744
母父馬,Leroidesanimaux,Leroidesanimaux,2,True,True,恒等(規則なし),True,0.1852152721364744,0.1852152721364744
母父馬,Liaison,Liaison,1,True,True,恒等(規則なし),True,0.1852152721364744,0.1852152721364744
母父馬,Linamix,Linamix,1,True,True,恒等(規則なし),True,0.1852152721364744,0.1852152721364744
母父馬,Lomitas,Lomitas,2,True,True,恒等(規則なし),True,0.1852152721364744,0.1852152721364744
母父馬,Lonhro,Lonhro,2,True,True,恒等(規則なし),True,0.1852152721364744,0.1852152721364744
母父馬,Machiavellian,Machiavellian,2,True,True,恒等(規則なし),True,0.1852152721364744,0.1852152721364744
母父馬,Majesticperfection,Majesticperfection,2,True,True,恒等(規則なし),True,0.1852152721364744,0.1852152721364744
母父馬,Makfi,Makfi,3,True,True,恒等(規則なし),True,0.1852152721364744,0.1852152721364744
母父馬,Mamool,Mamool,3,True,True,恒等(規則なし),True,0.1852152721364744,0.1852152721364744
母父馬,Manduro,Manduro,1,True,True,恒等(規則なし),True,0.1852152721364744,0.1852152721364744
母父馬,Marju,Marju,2,True,True,恒等(規則なし),True,0.1852152721364744,0.1852152721364744
母父馬,Mastercraftsman,Mastercraftsman,1,True,True,恒等(規則なし),True,0.1852152721364744,0.1852152721364744
母父馬,Medicean,Medicean,3,True,True,恒等(規則なし),True,0.1852152721364744,0.1852152721364744
母父馬,Mineshaft,Mineshaft,12,True,True,恒等(規則なし),True,0.1852152721364744,0.1852152721364744
母父馬,Monarchos,Monarchos,1,True,True,恒等(規則なし),True,0.1852152721364744,0.1852152721364744
母父馬,Monsun,Monsun,3,True,True,恒等(規則なし),True,0.1852152721364744,0.1852152721364744
母父馬,Montjeu,Montjeu,3,True,True,恒等(規則なし),True,0.1852152721364744,0.1852152721364744
母父馬,Motivator,Motivator,1,True,True,恒等(規則なし),True,0.1852152721364744,0.1852152721364744
母父馬,Multiplex,Multiplex,4,True,True,恒等(規則なし),True,0.1852152721364744,0.1852152721364744
母父馬,Munnings,Munnings,1,True,True,恒等(規則なし),True,0.1852152721364744,0.1852152721364744
母父馬,Myboycharlie,Myboycharlie,1,True,True,恒等(規則なし),True,0.1852152721364744,0.1852152721364744
母父馬,Nathaniel,Nathaniel,4,False,False,未対応(未知のまま),True,0.1852152721364744,0.1852152721364744
母父馬,Nayef,Nayef,3,True,True,恒等(規則なし),True,0.1852152721364744,0.1852152721364744
母父馬,Oratorio,Oratorio,2,True,True,恒等(規則なし),True,0.1852152721364744,0.1852152721364744
母父馬,Orientate,Orientate,1,True,True,恒等(規則なし),True,0.1852152721364744,0.1852152721364744
母父馬,Orpen,Orpen,6,True,True,恒等(規則なし),True,0.1852152721364744,0.1852152721364744
母父馬,Overanalyze,Overanalyze,1,False,False,未対応(未知のまま),True,0.1852152721364744,0.1852152721364744
母父馬,Paynter,Paynter,1,False,False,未対応(未知のまま),True,0.1852152721364744,0.1852152721364744
母父馬,Petionville,Petionville,3,True,True,恒等(規則なし),True,0.1852152721364744,0.1852152721364744
母父馬,Pierro,Pierro,1,False,False,未対応(未知のまま),True,0.1852152721364744,0.1852152721364744
母父馬,Pivotal,Pivotal,4,True,True,恒等(規則なし),True,0.1852152721364744,0.1852152721364744
母父馬,Platini,Platini,3,True,True,恒等(規則なし),True,0.1852152721364744,0.1852152721364744
母父馬,Pulpit,Pulpit,2,True,True,恒等(規則なし),True,0.1852152721364744,0.1852152721364744
母父馬,Pyro,Pyro,1,True,True,恒等(規則なし),True,0.1852152721364744,0.1852152721364744
母父馬,Sabmykaa,Sabmykaa,1,True,True,恒等(規則なし),True,0.1852152721364744,0.1852152721364744
母父馬,Sakhee,Sakhee,1,True,True,恒等(規則なし),True,0.1852152721364744,0.1852152721364744
母父馬,Scipion,Scipion,1,True,True,恒等(規則なし),True,0.1852152721364744,0.1852152721364744
母父馬,Shackleford,Shackleford,2,True,True,恒等(規則なし),True,0.1852152721364744,0.1852152721364744
母父馬,Shamardal,Shamardal,11,True,True,恒等(規則なし),True,0.1852152721364744,0.1852152721364744
母父馬,Shirocco,Shirocco,4,True,True,恒等(規則なし),True,0.1852152721364744,0.1852152721364744
母父馬,Sightseeing,Sightseeing,1,True,True,恒等(規則なし),True,0.1852152721364744,0.1852152721364744
母父馬,Singspiel,Singspiel,9,True,True,恒等(規則なし),True,0.1852152721364744,0.1852152721364744
母父馬,Sinndar,Sinndar,3,True,True,恒等(規則なし),True,0.1852152721364744,0.1852152721364744
母父馬,Siyouni,Siyouni,5,True,True,恒等(規則なし),True,0.1852152721364744,0.1852152721364744
母父馬,Skipshot,Skipshot,2,False,False,未対応(未知のまま),True,0.1852152721364744,0.1852152721364744
母父馬,Songandaprayer,Songandaprayer,3,True,True,恒等(規則なし),True,0.1852152721364744,0.1852152721364744
母父馬,Speightstown,Speightstown,8,True,True,恒等(規則なし),True,0.1852152721364744,0.1852152721364744
母父馬,Starspangledbanner,Starspangledbanner,1,True,True,恒等(規則なし),True,0.1852152721364744,0.1852152721364744
母父馬,Stroll,Stroll,3,True,True,恒等(規則なし),True,0.1852152721364744,0.1852152721364744
母父馬,Tamayuz,Tamayuz,1,True,True,恒等(規則なし),True,0.1852152721364744,0.1852152721364744
母父馬,Tapit,Tapit,29,True,True,恒等(規則なし),True,0.1852152721364744,0.1852152721364744
母父馬,Tapizar,Tapizar,1,False,False,未対応(未知のまま),True,0.1852152721364744,0.1852152721364744
母父馬,Teofilo,Teofilo,6,True,True,恒等(規則なし),True,0.1852152721364744,0.1852152721364744
母父馬,Theatrical,Theatrical,1,True,True,恒等(規則なし),True,0.1852152721364744,0.1852152721364744
母父馬,Thewayyouare,Thewayyouare,1,False,False,未対応(未知のまま),True,0.1852152721364744,0.1852152721364744
母父馬,Tiznow,Tiznow,14,True,True,恒等(規則なし),True,0.1852152721364744,0.1852152721364744
母父馬,Tizway,Tizway,2,True,True,恒等(規則なし),True,0.1852152721364744,0.1852152721364744
母父馬,Tobougg,Tobougg,1,True,True,恒等(規則なし),True,0.1852152721364744,0.1852152721364744
母父馬,Uncaptured,Uncaptured,2,False,False,未対応(未知のまま),True,0.1852152721364744,0.1852152721364744
母父馬,Utopia,Utopia,1,False,False,未対応(未知のまま),True,0.1852152721364744,0.1852152721364744
母父馬,Vindication,Vindication,4,True,True,恒等(規則なし),True,0.1852152721364744,0.1852152721364744
母父馬,Violence,Violence,1,False,False,未対応(未知のまま),True,0.1852152721364744,0.1852152721364744
母父馬,Wiesenpfad,Wiesenpfad,1,True,True,恒等(規則なし),True,0.1852152721364744,0.1852152721364744
母父馬,Wilburn,Wilburn,6,True,True,恒等(規則なし),True,0.1852152721364744,0.1852152721364744
母父馬,Woodman,Woodman,1,True,True,恒等(規則なし),True,0.1852152721364744,0.1852152721364744
母父馬,Yesbyjimminy,Yesbyjimminy,1,True,True,恒等(規則なし),True,0.1852152721364744,0.1852152721364744
母父馬,Zarak,Zarak,1,False,False,未対応(未知のまま),True,0.1852152721364744,0.1852152721364744
母父馬,Zensational,Zensational,3,True,True,恒等(規則なし),True,0.1852152721364744,0.1852152721364744
母父馬,Zoffany,Zoffany,6,True,True,恒等(規則なし),True,0.1852152721364744,0.1852152721364744
母父馬,アイルハヴアナザー,アイルハヴアナザー,24,True,True,恒等(規則なし),True,0.1852152721364744,0.1852152721364744
母父馬,アグネスタキオン,アグネスタキオン,71,True,True,恒等(規則なし),True,0.1852152721364744,0.1852152721364744
母父馬,アグネスデジタル,アグネスデジタル,38,True,True,恒等(規則なし),True,0.1852152721364744,0.1852152721364744
母父馬,アサクサキングス,アサクサキングス,2,True,True,恒等(規則なし),True,0.1852152721364744,0.1852152721364744
母父馬,アサクサデンエン,アサクサデンエン,1,True,True,恒等(規則なし),True,0.1852152721364744,0.1852152721364744
母父馬,アジアエクスプレス,アジアエクスプレス,1,False,False,未対応(未知のまま),True,0.1852152721364744,0.1852152721364744
母父馬,アッミラーレ,アッミラーレ,2,True,True,恒等(規則なし),True,0.1852152721364744,0.1852152721364744
母父馬,アドマイヤオーラ,アドマイヤオーラ,2,True,True,恒等(規則なし),True,0.1852152721364744,0.1852152721364744
母父馬,アドマイヤコジーン,アドマイヤコジーン,5,True,True,恒等(規則なし),True,0.1852152721364744,0.1852152721364744
母父馬,アドマイヤジャパン,アドマイヤジャパン,3,True,True,恒等(規則なし),True,0.1852152721364744,0.1852152721364744
母父馬,アドマイヤベガ,アドマイヤベガ,6,True,True,恒等(規則なし),True,0.1852152721364744,0.1852152721364744
母父馬,アドマイヤマックス,アドマイヤマックス,8,True,True,恒等(規則なし),True,0.1852152721364744,0.1852152721364744
母父馬,アドマイヤムーン,アドマイヤムーン,36,True,True,恒等(規則なし),True,0.1852152721364744,0.1852152721364744
母父馬,アフリート,アフリート,11,True,True,恒等(規則なし),True,0.1852152721364744,0.1852152721364744
母父馬,アポロキングダム,アポロキングダム,4,False,False,未対応(未知のまま),True,0.1852152721364744,0.1852152721364744
母父馬,アルカセット,アルカセット,4,True,True,恒等(規則なし),True,0.1852152721364744,0.1852152721364744
母父馬,アルデバラン2,アルデバラン2,11,True,True,恒等(規則なし),True,0.1852152721364744,0.1852152721364744
母父馬,アンライバルド,アンライバルド,2,True,True,恒等(規則なし),True,0.1852152721364744,0.1852152721364744
母父馬,アーネストリー,アーネストリー,2,False,False,未対応(未知のまま),True,0.1852152721364744,0.1852152721364744
母父馬,イーグルカフェ,イーグルカフェ,2,True,True,恒等(規則なし),True,0.1852152721364744,0.1852152721364744
母父馬,ウイニングチケット,ウイニングチケット,1,True,True,恒等(規則なし),True,0.1852152721364744,0.1852152721364744
母父馬,ウインクリューガー,ウインクリューガー,1,True,True,恒等(規則なし),True,0.1852152721364744,0.1852152721364744
母父馬,ウォーエンブレム,ウォーエンブレム,13,True,True,恒等(規則なし),True,0.1852152721364744,0.1852152721364744
母父馬,ウォーターリーグ,ウォーターリーグ,1,False,False,未対応(未知のまま),True,0.1852152721364744,0.1852152721364744
母父馬,エアジハード,エアジハード,3,True,True,恒等(規則なし),True,0.1852152721364744,0.1852152721364744
母父馬,エイシンアポロン,エイシンアポロン,1,True,True,恒等(規則なし),True,0.1852152721364744,0.1852152721364744
母父馬,エイシンフラッシュ,エイシンフラッシュ,22,True,True,恒等(規則なし),True,0.1852152721364744,0.1852152721364744
母父馬,エスポワールシチー,エスポワールシチー,3,False,False,未対応(未知のまま),True,0.1852152721364744,0.1852152721364744
母父馬,エピファネイア,エピファネイア,23,False,False,未対応(未知のまま),True,0.1852152721364744,0.1852152721364744
母父馬,エリシオ,エリシオ,7,True,True,恒等(規則なし),True,0.1852152721364744,0.1852152721364744
母父馬,エンドスウィープ,エンドスウィープ,2,True,True,恒等(規則なし),True,0.1852152721364744,0.1852152721364744
母父馬,エンパイアメーカー,エンパイアメーカー,65,True,True,恒等(規則なし),True,0.1852152721364744,0.1852152721364744
母父馬,オウケンブルースリ,オウケンブルースリ,1,True,True,恒等(規則なし),True,0.1852152721364744,0.1852152721364744
母父馬,オペラハウス,オペラハウス,4,True,True,恒等(規則なし),True,0.1852152721364744,0.1852152721364744
母父馬,オルフェーヴル,オルフェーヴル,51,True,True,恒等(規則なし),True,0.1852152721364744,0.1852152721364744
母父馬,オレハマッテルゼ,オレハマッテルゼ,5,True,True,恒等(規則なし),True,0.1852152721364744,0.1852152721364744
母父馬,オース,オース,1,True,True,恒等(規則なし),True,0.1852152721364744,0.1852152721364744
母父馬,カコイーシーズ,カコイーシーズ,3,True,True,恒等(規則なし),True,0.1852152721364744,0.1852152721364744
母父馬,カジノドライヴ,カジノドライヴ,10,True,True,恒等(規則なし),True,0.1852152721364744,0.1852152721364744
母父馬,カネヒキリ,カネヒキリ,4,True,True,恒等(規則なし),True,0.1852152721364744,0.1852152721364744
母父馬,カリズマティック,カリズマティック,1,True,True,恒等(規則なし),True,0.1852152721364744,0.1852152721364744
母父馬,カンパニー,カンパニー,2,True,True,恒等(規則なし),True,0.1852152721364744,0.1852152721364744
母父馬,カーネギー,カーネギー,1,True,True,恒等(規則なし),True,0.1852152721364744,0.1852152721364744
母父馬,キズナ,キズナ,10,False,False,未対応(未知のまま),True,0.1852152721364744,0.1852152721364744
母父馬,キャプテンスティーヴ,キャプテンスティーヴ,5,True,True,恒等(規則なし),True,0.1852152721364744,0.1852152721364744
母父馬,キャプテントゥーレ,キャプテントゥーレ,1,True,True,恒等(規則なし),True,0.1852152721364744,0.1852152721364744
母父馬,キングカメハメハ,キングカメハメハ,215,True,True,恒等(規則なし),True,0.1852152721364744,0.1852152721364744
母父馬,キングズベスト,キングズベスト,12,True,True,恒等(規則なし),True,0.1852152721364744,0.1852152721364744
母父馬,キングヘイロー,キングヘイロー,39,True,True,恒等(規則なし),True,0.1852152721364744,0.1852152721364744
母父馬,キンシャサノキセキ,キンシャサノキセキ,43,True,True,恒等(規則なし),True,0.1852152721364744,0.1852152721364744
母父馬,クリプティックラスカル,クリプティックラスカル,2,True,True,恒等(規則なし),True,0.1852152721364744,0.1852152721364744
母父馬,クロフネ,クロフネ,132,True,True,恒等(規則なし),True,0.1852152721364744,0.1852152721364744
母父馬,グラスワンダー,グラスワンダー,13,True,True,恒等(規則なし),True,0.1852152721364744,0.1852152721364744
母父馬,グランデラ,グランデラ,2,True,True,恒等(規則なし),True,0.1852152721364744,0.1852152721364744
母父馬,ケイムホーム,ケイムホーム,7,True,True,恒等(規則なし),True,0.1852152721364744,0.1852152721364744
母父馬,ケープブランコ,ケープブランコ,2,True,True,恒等(規則なし),True,0.1852152721364744,0.1852152721364744
母父馬,コマンズ,コマンズ,8,True,True,恒等(規則なし),True,0.1852152721364744,0.1852152721364744
母父馬,コロナドズクエスト,コロナドズクエスト,8,True,True,恒等(規則なし),True,0.1852152721364744,0.1852152721364744
母父馬,コンデュイット,コンデュイット,12,True,True,恒等(規則なし),True,0.1852152721364744,0.1852152721364744
母父馬,ゴールドアリュール,ゴールドアリュール,92,True,True,恒等(規則なし),True,0.1852152721364744,0.1852152721364744
母父馬,ゴールドヘイロー,ゴールドヘイロー,7,True,True,恒等(規則なし),True,0.1852152721364744,0.1852152721364744
母父馬,サイレントディール,サイレントディール,1,True,True,恒等(規則なし),True,0.1852152721364744,0.1852152721364744
母父馬,サウスヴィグラス,サウスヴィグラス,39,True,True,恒等(規則なし),True,0.1852152721364744,0.1852152721364744
母父馬,サクラバクシンオー,サクラバクシンオー,51,True,True,恒等(規則なし),True,0.1852152721364744,0.1852152721364744
母父馬,サクラプレジデント,サクラプレジデント,2,True,True,恒等(規則なし),True,0.1852152721364744,0.1852152721364744
母父馬,サクラローレル,サクラローレル,4,True,True,恒等(規則なし),True,0.1852152721364744,0.1852152721364744
母父馬,サマーバード,サマーバード,5,True,True,恒等(規則なし),True,0.1852152721364744,0.1852152721364744
母父馬,サムライハート,サムライハート,9,True,True,恒等(規則なし),True,0.1852152721364744,0.1852152721364744
母父馬,サンダーガルチ,サンダーガルチ,1,True,True,恒等(規則なし),True,0.1852152721364744,0.1852152721364744
母父馬,サンデーサイレンス,サンデーサイレンス,14,True,True,恒等(規則なし),True,0.1852152721364744,0.1852152721364744
母父馬,サンライズペガサス,サンライズペガサス,2,True,True,恒等(規則なし),True,0.1852152721364744,0.1852152721364744
母父馬,シニスターミニスター,シニスターミニスター,27,True,True,恒等(規則なし),True,0.1852152721364744,0.1852152721364744
母父馬,ショウナンカンプ,ショウナンカンプ,3,True,True,恒等(規則なし),True,0.1852152721364744,0.1852152721364744
母父馬,シンボリクリスエス,シンボリクリスエス,73,True,True,恒等(規則なし),True,0.1852152721364744,0.1852152721364744
母父馬,シンボリルドルフ,シンボリルドルフ,2,True,True,恒等(規則なし),True,0.1852152721364744,0.1852152721364744
母父馬,ジェイドロバリー,ジェイドロバリー,3,True,True,恒等(規則なし),True,0.1852152721364744,0.1852152721364744
母父馬,ジャイアントレッカー,ジャイアントレッカー,2,True,True,恒等(規則なし),True,0.1852152721364744,0.1852152721364744
母父馬,ジャスタウェイ,ジャスタウェイ,17,True,True,恒等(規則なし),True,0.1852152721364744,0.1852152721364744
母父馬,ジャングルポケット,ジャングルポケット,45,True,True,恒等(規則なし),True,0.1852152721364744,0.1852152721364744
母父馬,ジョーカプチーノ,ジョーカプチーノ,2,True,True,恒等(規則なし),True,0.1852152721364744,0.1852152721364744
母父馬,スウィフトカレント,スウィフトカレント,5,True,True,恒等(規則なし),True,0.1852152721364744,0.1852152721364744
母父馬,スウェプトオーヴァーボード,スウェプトオーヴァーボード,29,True,True,恒等(規則なし),True,0.1852152721364744,0.1852152721364744
母父馬,スエヒロコマンダー,スエヒロコマンダー,1,True,True,恒等(規則なし),True,0.1852152721364744,0.1852152721364744
母父馬,スクリーンヒーロー,スクリーンヒーロー,25,True,True,恒等(規則なし),True,0.1852152721364744,0.1852152721364744
母父馬,スズカマンボ,スズカマンボ,16,True,True,恒等(規則なし),True,0.1852152721364744,0.1852152721364744
母父馬,スタチューオブリバティ,スタチューオブリバティ,8,True,True,恒等(規則なし),True,0.1852152721364744,0.1852152721364744
母父馬,スターオブコジーン,スターオブコジーン,2,True,True,恒等(規則なし),True,0.1852152721364744,0.1852152721364744
母父馬,スターキングマン,スターキングマン,2,False,False,未対応(未知のまま),True,0.1852152721364744,0.1852152721364744
母父馬,スターリングローズ,スターリングローズ,9,True,True,恒等(規則なし),True,0.1852152721364744,0.1852152721364744
母父馬,ステイゴールド,ステイゴールド,78,True,True,恒等(規則なし),True,0.1852152721364744,0.1852152721364744
母父馬,ストラヴィンスキー,ストラヴィンスキー,11,True,True,恒等(規則なし),True,0.1852152721364744,0.1852152721364744
母父馬,ストリートセンス,ストリートセンス,8,True,True,恒等(規則なし),True,0.1852152721364744,0.1852152721364744
母父馬,ストロングリターン,ストロングリターン,6,False,False,未対応(未知のまま),True,0.1852152721364744,0.1852152721364744
母父馬,ストーミングホーム,ストーミングホーム,12,True,True,恒等(規則なし),True,0.1852152721364744,0.1852152721364744
母父馬,スニッツェル,スニッツェル,13,True,True,恒等(規則なし),True,0.1852152721364744,0.1852152721364744
母父馬,スパイキュール,スパイキュール,6,True,True,恒等(規則なし),True,0.1852152721364744,0.1852152721364744
母父馬,スピニングワールド,スピニングワールド,1,True,True,恒等(規則なし),True,0.1852152721364744,0.1852152721364744
母父馬,スピルバーグ,スピルバーグ,9,True,True,恒等(規則なし),True,0.1852152721364744,0.1852152721364744
母父馬,スペシャルウィーク,スペシャルウィーク,48,True,True,恒等(規則なし),True,0.1852152721364744,0.1852152721364744
母父馬,スマートファルコン,スマートファルコン,11,True,True,恒等(規則なし),True,0.1852152721364744,0.1852152721364744
母父馬,スマートボーイ,スマートボーイ,2,True,True,恒等(規則なし),True,0.1852152721364744,0.1852152721364744
母父馬,スーパーホーネット,スーパーホーネット,1,False,False,未対応(未知のまま),True,0.1852152721364744,0.1852152721364744
母父馬,セイントアレックス,セイントアレックス,1,True,True,恒等(規則なし),True,0.1852152721364744,0.1852152721364744
母父馬,ゼンノエルシド,ゼンノエルシド,1,True,True,恒等(規則なし),True,0.1852152721364744,0.1852152721364744
母父馬,ゼンノロブロイ,ゼンノロブロイ,63,True,True,恒等(規則なし),True,0.1852152721364744,0.1852152721364744
母父馬,タイキシャトル,タイキシャトル,50,True,True,恒等(規則なし),True,0.1852152721364744,0.1852152721364744
母父馬,タイムパラドックス,タイムパラドックス,4,True,True,恒等(規則なし),True,0.1852152721364744,0.1852152721364744
母父馬,タガノロックオン,タガノロックオン,1,False,False,未対応(未知のまま),True,0.1852152721364744,0.1852152721364744
母父馬,タニノギムレット,タニノギムレット,37,True,True,恒等(規則なし),True,0.1852152721364744,0.1852152721364744
母父馬,タマモクロス,タマモクロス,1,True,True,恒等(規則なし),True,0.1852152721364744,0.1852152721364744
母父馬,タヤスツヨシ,タヤスツヨシ,3,True,True,恒等(規則なし),True,0.1852152721364744,0.1852152721364744
母父馬,タートルボウル,タートルボウル,18,True,True,恒等(規則なし),True,0.1852152721364744,0.1852152721364744
母父馬,ダイシンオレンジ,ダイシンオレンジ,1,False,False,未対応(未知のまま),True,0.1852152721364744,0.1852152721364744
母父馬,ダイワメジャー,ダイワメジャー,119,True,True,恒等(規則なし),True,0.1852152721364744,0.1852152721364744
母父馬,ダノンシャンティ,ダノンシャンティ,16,True,True,恒等(規則なし),True,0.1852152721364744,0.1852152721364744
母父馬,ダンカーク,ダンカーク,3,True,True,恒等(規則なし),True,0.1852152721364744,0.1852152721364744
母父馬,ダンシングブレーヴ,ダンシングブレーヴ,2,True,True,恒等(規則なし),True,0.1852152721364744,0.1852152721364744
母父馬,ダンスインザダーク,ダンスインザダーク,32,True,True,恒等(規則なし),True,0.1852152721364744,0.1852152721364744
母父馬,チチカステナンゴ,チチカステナンゴ,11,True,True,恒等(規則なし),True,0.1852152721364744,0.1852152721364744
母父馬,チーフベアハート,チーフベアハート,3,True,True,恒等(規則なし),True,0.1852152721364744,0.1852152721364744
母父馬,ティンバーカントリー,ティンバーカントリー,7,True,True,恒等(規則なし),True,0.1852152721364744,0.1852152721364744
母父馬,テイエムオペラオー,テイエムオペラオー,1,True,True,恒等(規則なし),True,0.1852152721364744,0.1852152721364744
母父馬,ディアブロ,ディアブロ,2,True,True,恒等(規則なし),True,0.1852152721364744,0.1852152721364744
母父馬,ディープインパクト,ディープインパクト,284,True,True,恒等(規則なし),True,0.1852152721364744,0.1852152721364744
母父馬,ディープスカイ,ディープスカイ,9,True,True,恒等(規則なし),True,0.1852152721364744,0.1852152721364744
母父馬,ディープブリランテ,ディープブリランテ,34,True,True,恒等(規則なし),True,0.1852152721364744,0.1852152721364744
母父馬,デヒア,デヒア,6,True,True,恒等(規則なし),True,0.1852152721364744,0.1852152721364744
母父馬,デビッドジュニア,デビッドジュニア,2,True,True,恒等(規則なし),True,0.1852152721364744,0.1852152721364744
母父馬,デュランダル,デュランダル,7,True,True,恒等(規則なし),True,0.1852152721364744,0.1852152721364744
母父馬,トゥザグローリー,トゥザグローリー,2,False,False,未対応(未知のまま),True,0.1852152721364744,0.1852152721364744
母父馬,トゥザワールド,トゥザワールド,1,False,False,未対応(未知のまま),True,0.1852152721364744,0.1852152721364744
母父馬,トビーズコーナー,トビーズコーナー,4,False,False,未対応(未知のまま),True,0.1852152721364744,0.1852152721364744
母父馬,トワイニング,トワイニング,5,True,True,恒等(規則なし),True,0.1852152721364744,0.1852152721364744
母父馬,トーセンジョーダン,トーセンジョーダン,1,False,False,未対応(未知のまま),True,0.1852152721364744,0.1852152721364744
母父馬,トーセンダンス,トーセンダンス,1,True,True,恒等(規則なし),True,0.1852152721364744,0.1852152721364744
母父馬,トーセンファントム,トーセンファントム,2,True,True,恒等(規則なし),True,0.1852152721364744,0.1852152721364744
母父馬,トーセンブライト,トーセンブライト,2,False,False,未対応(未知のまま),True,0.1852152721364744,0.1852152721364744
母父馬,トーセンホマレボシ,トーセンホマレボシ,7,True,True,恒等(規則なし),True,0.1852152721364744,0.1852152721364744
母父馬,トーセンロレンス,トーセンロレンス,1,False,False,未対応(未知のまま),True,0.1852152721364744,0.1852152721364744
母父馬,ドゥラメンテ,ドゥラメンテ,8,False,False,未対応(未知のまま),True,0.1852152721364744,0.1852152721364744
母父馬,ドリームジャーニー,ドリームジャーニー,9,True,True,恒等(規則なし),True,0.1852152721364744,0.1852152721364744
母父馬,ドレフォン,ドレフォン,3,False,False,未対応(未知のまま),True,0.1852152721364744,0.1852152721364744
母父馬,ナカヤマフェスタ,ナカヤマフェスタ,6,True,True,恒等(規則なし),True,0.1852152721364744,0.1852152721364744
母父馬,ナリタトップロード,ナリタトップロード,6,True,True,恒等(規則なし),True,0.1852152721364744,0.1852152721364744
母父馬,ネオユニヴァース,ネオユニヴァース,56,True,True,恒等(規則なし),True,0.1852152721364744,0.1852152721364744
母父馬,ノボジャック,ノボジャック,2,True,True,恒等(規則なし),True,0.1852152721364744,0.1852152721364744
母父馬,ノヴェリスト,ノヴェリスト,26,True,True,恒等(規則なし),True,0.1852152721364744,0.1852152721364744
母父馬,ハイアーゲーム,ハイアーゲーム,2,True,True,恒等(規則なし),True,0.1852152721364744,0.1852152721364744
母父馬,ハーツクライ,ハーツクライ,166,True,True,恒等(規則なし),True,0.1852152721364744,0.1852152721364744
母父馬,ハードスパン,ハードスパン,7,True,True,恒等(規則なし),True,0.1852152721364744,0.1852152721364744
母父馬,ハービンジャー,ハービンジャー,85,True,True,恒等(規則なし),True,0.1852152721364744,0.1852152721364744
母父馬,バゴ,バゴ,11,True,True,恒等(規則なし),True,0.1852152721364744,0.1852152721364744
母父馬,バチアー,バチアー,3,True,True,恒等(規則なし),True,0.1852152721364744,0.1852152721364744
母父馬,バトルプラン,バトルプラン,6,True,True,恒等(規則なし),True,0.1852152721364744,0.1852152721364744
母父馬,バブルガムフェロー,バブルガムフェロー,1,True,True,恒等(規則なし),True,0.1852152721364744,0.1852152721364744
母父馬,バンブーエール,バンブーエール,2,True,True,恒等(規則なし),True,0.1852152721364744,0.1852152721364744
母父馬,パイロ,パイロ,19,True,True,恒等(規則なし),True,0.1852152721364744,0.1852152721364744
母父馬,パドトロワ,パドトロワ,1,False,False,未対応(未知のまま),True,0.1852152721364744,0.1852152721364744
母父馬,パラダイスクリーク,パラダイスクリーク,1,True,True,恒等(規則なし),True,0.1852152721364744,0.1852152721364744
母父馬,ファスリエフ,ファスリエフ,10,True,True,恒等(規則なし),True,0.1852152721364744,0.1852152721364744
母父馬,ファルブラヴ,ファルブラヴ,13,True,True,恒等(規則なし),True,0.1852152721364744,0.1852152721364744
母父馬,ファンタスティックライト,ファンタスティックライト,3,True,True,恒等(規則なし),True,0.1852152721364744,0.1852152721364744
母父馬,フェノーメノ,フェノーメノ,4,False,False,未対応(未知のまま),True,0.1852152721364744,0.1852152721364744
母父馬,フォーティナイナー,フォーティナイナー,8,True,True,恒等(規則なし),True,0.1852152721364744,0.1852152721364744
母父馬,フォーティナイナーズサン,フォーティナイナーズサン,4,True,True,恒等(規則なし),True,0.1852152721364744,0.1852152721364744
母父馬,フオテイテン,フオテイテン,1,True,True,恒等(規則なし),True,0.1852152721364744,0.1852152721364744
母父馬,フサイチコンコルド,フサイチコンコルド,4,True,True,恒等(規則なし),True,0.1852152721364744,0.1852152721364744
母父馬,フジキセキ,フジキセキ,60,True,True,恒等(規則なし),True,0.1852152721364744,0.1852152721364744
母父馬,フリオーソ,フリオーソ,8,True,True,恒等(規則なし),True,0.1852152721364744,0.1852152721364744
母父馬,フレンチデピュティ,フレンチデピュティ,47,True,True,恒等(規則なし),True,0.1852152721364744,0.1852152721364744
母父馬,ブライアンズタイム,ブライアンズタイム,40,True,True,恒等(規則なし),True,0.1852152721364744,0.1852152721364744
母父馬,ブラックタイド,ブラックタイド,26,True,True,恒等(規則なし),True,0.1852152721364744,0.1852152721364744
母父馬,ブラックホーク,ブラックホーク,2,True,True,恒等(規則なし),True,0.1852152721364744,0.1852152721364744
母父馬,プリサイスエンド,プリサイスエンド,12,True,True,恒等(規則なし),True,0.1852152721364744,0.1852152721364744
母父馬,ヘクタープロテクター,ヘクタープロテクター,1,True,True,恒等(規則なし),True,0.1852152721364744,0.1852152721364744
母父馬,ヘニーヒューズ,ヘニーヒューズ,34,True,True,恒等(規則なし),True,0.1852152721364744,0.1852152721364744
母父馬,ベーカバド,ベーカバド,5,True,True,恒等(規則なし),True,0.1852152721364744,0.1852152721364744
母父馬,ホワイトマズル,ホワイトマズル,22,True,True,恒等(規則なし),True,0.1852152721364744,0.1852152721364744
母父馬,ボストンハーバー,ボストンハーバー,6,True,True,恒等(規則なし),True,0.1852152721364744,0.1852152721364744
母父馬,ボーナスフィーバー,ボーナスフィーバー,1,False,False,未対応(未知のまま),True,0.1852152721364744,0.1852152721364744
母父馬,マイネルラヴ,マイネルラヴ,11,True,True,恒等(規則なし),True,0.1852152721364744,0.1852152721364744
母父馬,マジェスティックウォリアー,マジェスティックウォリアー,3,False,False,未対応(未知のまま),True,0.1852152721364744,0.1852152721364744
母父馬,マツリダゴッホ,マツリダゴッホ,12,True,True,恒等(規則なし),True,0.1852152721364744,0.1852152721364744
母父馬,マヤノトップガン,マヤノトップガン,10,True,True,恒等(規則なし),True,0.1852152721364744,0.1852152721364744
母父馬,マリエンバード,マリエンバード,2,True,True,恒等(規則なし),True,0.1852152721364744,0.1852152721364744
母父馬,マルカシェンク,マルカシェンク,2,True,True,恒等(規則なし),True,0.1852152721364744,0.1852152721364744
母父馬,マンハッタンカフェ,マンハッタンカフェ,93,True,True,恒等(規則なし),True,0.1852152721364744,0.1852152721364744
母父馬,マーベラスサンデー,マーベラスサンデー,10,True,True,恒等(規則なし),True,0.1852152721364744,0.1852152721364744
母父馬,ミッキーアイル,ミッキーアイル,3,False,False,未対応(未知のまま),True,0.1852152721364744,0.1852152721364744
母父馬,ムタファーウエク,ムタファーウエク,3,True,True,恒等(規則なし),True,0.1852152721364744,0.1852152721364744
母父馬,ムーンバラッド,ムーンバラッド,1,True,True,恒等(規則なし),True,0.1852152721364744,0.1852152721364744
母父馬,メイショウオウドウ,メイショウオウドウ,6,True,True,恒等(規則なし),True,0.1852152721364744,0.1852152721364744
母父馬,メイショウサムソン,メイショウサムソン,12,True,True,恒等(規則なし),True,0.1852152721364744,0.1852152721364744
母父馬,メイショウボーラー,メイショウボーラー,5,True,True,恒等(規則なし),True,0.1852152721364744,0.1852152721364744
母父馬,メジロベイリー,メジロベイリー,3,True,True,恒等(規則なし),True,0.1852152721364744,0.1852152721364744
母父馬,メジロマックイーン,メジロマックイーン,1,True,True,恒等(規則なし),True,0.1852152721364744,0.1852152721364744
母父馬,メジロライアン,メジロライアン,1,True,True,恒等(規則なし),True,0.1852152721364744,0.1852152721364744
母父馬,モンテロッソ,モンテロッソ,6,True,True,恒等(規則なし),True,0.1852152721364744,0.1852152721364744
母父馬,モーリス,モーリス,2,False,False,未対応(未知のまま),True,0.1852152721364744,0.1852152721364744
母父馬,ヤマニンセラフィム,ヤマニンセラフィム,4,True,True,恒等(規則なし),True,0.1852152721364744,0.1852152721364744
母父馬,ヨハネスブルグ,ヨハネスブルグ,21,True,True,恒等(規則なし),True,0.1852152721364744,0.1852152721364744
母父馬,リアルインパクト,リアルインパクト,5,False,False,未対応(未知のまま),True,0.1852152721364744,0.1852152721364744
母父馬,リオンディーズ,リオンディーズ,1,False,False,未対応(未知のまま),True,0.1852152721364744,0.1852152721364744
母父馬,リキアイサイレンス,リキアイサイレンス,1,False,False,未対応(未知のまま),True,0.1852152721364744,0.1852152721364744
母父馬,リンカーン,リンカーン,9,True,True,恒等(規則なし),True,0.1852152721364744,0.1852152721364744
母父馬,リンドシェーバー,リンドシェーバー,2,True,True,恒等(規則なし),True,0.1852152721364744,0.1852152721364744
母父馬,リーチザクラウン,リーチザクラウン,2,True,True,恒等(規則なし),True,0.1852152721364744,0.1852152721364744
母父馬,ルーラーシップ,ルーラーシップ,53,True,True,恒等(規則なし),True,0.1852152721364744,0.1852152721364744
母父馬,ルールオブロー,ルールオブロー,3,True,True,恒等(規則なし),True,0.1852152721364744,0.1852152721364744
母父馬,レッドスパーダ,レッドスパーダ,1,False,False,未対応(未知のまま),True,0.1852152721364744,0.1852152721364744
母父馬,ロゴタイプ,ロゴタイプ,1,False,False,未対応(未知のまま),True,0.1852152721364744,0.1852152721364744
母父馬,ロサード,ロサード,1,True,True,恒等(規則なし),True,0.1852152721364744,0.1852152721364744
母父馬,ロジユニヴァース,ロジユニヴァース,1,False,False,未対応(未知のまま),True,0.1852152721364744,0.1852152721364744
母父馬,ロックオブジブラルタル,ロックオブジブラルタル,5,True,True,恒等(規則なし),True,0.1852152721364744,0.1852152721364744
母父馬,ローエングリン,ローエングリン,8,True,True,恒等(規則なし),True,0.1852152721364744,0.1852152721364744
母父馬,ロージズインメイ,ロージズインメイ,32,True,True,恒等(規則なし),True,0.1852152721364744,0.1852152721364744
母父馬,ロードカナロア,ロードカナロア,89,True,True,恒等(規則なし),True,0.1852152721364744,0.1852152721364744
母父馬,ローレルゲレイロ,ローレルゲレイロ,1,True,True,恒等(規則なし),True,0.1852152721364744,0.1852152721364744
母父馬,ワイルドラッシュ,ワイルドラッシュ,16,True,True,恒等(規則なし),True,0.1852152721364744,0.1852152721364744
母父馬,ワークフォース,ワークフォース,21,True,True,恒等(規則なし),True,0.1852152721364744,0.1852152721364744
母父馬,ワールドエース,ワールドエース,2,False,False,未対応(未知のまま),True,0.1852152721364744,0.1852152721364744
母父馬,ヴァーミリアン,ヴァーミリアン,8,True,True,恒等(規則なし),True,0.1852152721364744,0.1852152721364744
母父馬,ヴィクトワールピサ,ヴィクトワールピサ,48,True,True,恒等(規則なし),True,0.1852152721364744,0.1852152721364744
母父タイプ名,その他のエクリプス系,その他のエクリプス系,82,True,True,恒等(規則なし),True,0.0,0.0
母父タイプ名,セントサイモン系,セントサイモン系,4,True,True,恒等(規則なし),True,0.0,0.0
母父タイプ名,トゥルビヨン系,トゥルビヨン系,3,True,True,恒等(規則なし),True,0.0,0.0
母父タイプ名,ナスルーラ系,ナスルーラ系,373,True,True,恒等(規則なし),True,0.0,0.0
母父タイプ名,ニアークティック系,ニアークティック系,960,True,True,恒等(規則なし),True,0.0,0.0
母父タイプ名,ネイティヴダンサー系,ネイティヴダンサー系,1003,True,True,恒等(規則なし),True,0.0,0.0
母父タイプ名,マンノウォー系,マンノウォー系,25,True,True,恒等(規則なし),True,0.0,0.0
母父タイプ名,ロイヤルチャージャー系,ロイヤルチャージャー系,1892,True,True,恒等(規則なし),True,0.0,0.0
生産者,0,0,4924,False,False,未対応(未知のまま),True,1.0,1.0
年齢限定,２歳,２歳,204,True,True,恒等(規則なし),False,0.0,0.0
年齢限定,３上,３上,647,True,True,恒等(規則なし),False,0.0,0.0
年齢限定,３歳,３歳,2355,True,True,恒等(規則なし),False,0.0,0.0
年齢限定,４上,４上,1718,True,True,恒等(規則なし),False,0.0,0.0
性別限定,牝,牝,812,True,True,恒等(規則なし),False,0.0,0.0
性別限定,牡牝,牡牝,44,True,True,恒等(規則なし),False,0.0,0.0
重量種別,別定,別定,155,True,True,恒等(規則なし),False,0.06336311941510966,0.0
重量種別,定量,定量,1928,True,True,恒等(規則なし),False,0.06336311941510966,0.0
重量種別,馬齢,馬齢,2529,True,True,恒等(規則なし),False,0.06336311941510966,0.0
重量種別,ﾊﾝﾃﾞ,ハンデ,312,False,True,NORMALIZERS(変化あり),False,0.06336311941510966,0.0
性別,セ,セ,237,True,True,恒等(規則なし),False,0.0,0.0
性別,牝,牝,2031,True,True,恒等(規則なし),False,0.0,0.0
性別,牡,牡,2656,True,True,恒等(規則なし),False,0.0,0.0
前芝・ダ,ダ,ダ,2346,True,True,恒等(規則なし),False,0.00934199837530463,0.0
前芝・ダ,芝,芝,2145,True,True,恒等(規則なし),False,0.00934199837530463,0.0
前芝・ダ,障ダ,ダ,19,False,True,NORMALIZERS(変化あり),False,0.00934199837530463,0.0
前芝・ダ,障芝,芝,27,False,True,NORMALIZERS(変化あり),False,0.00934199837530463,0.0
前走馬場状態,不,不,82,True,True,恒等(規則なし),False,0.0,0.0
前走馬場状態,稍,稍,784,True,True,恒等(規則なし),False,0.0,0.0
前走馬場状態,良,良,3446,True,True,恒等(規則なし),False,0.0,0.0
前走馬場状態,重,重,225,True,True,恒等(規則なし),False,0.0,0.0
前走競走種別,13,13.0,4924,False,True,NORMALIZERS(変化あり),False,1.0,0.0
