日付,場所,R,クラス,距離,レースID,馬番,馬名,騎手,スコア,単勝オッズ,期待値スコア,EV補正スコア,フィルタ除外,警告,印,HAHO_戦略対象,HAHO_三連複_買い目,HAHO_三連複_購入額,HAHO_三連複_点数,HALO_戦略対象,HALO_三連単_買い目,HALO_三連単_購入額,HALO_三連単_点数,STANDARD_戦略対象,STANDARD_単勝_買い目,STANDARD_単勝_購入額,STANDARD_複勝_買い目,STANDARD_複勝_購入額,STANDARD_馬連_買い目,STANDARD_馬連_購入額,ValueScore,CalProb,VALUE_買い,TRIPLE_戦略対象,TRIPLE_三連複_買い目,TRIPLE_三連複_購入額,TRIPLE_複勝_買い目,TRIPLE_複勝_購入額
2026.6.7,東京,1,未勝利,ダート1400m,2026060705030201,1,カゼノオモイデ,野中悠太,1.5,39.3,0.756,0.812,,,,✅,,,,✅,,,,,,,,,,,0.706,0.0,,,,,,
2026.6.7,東京,1,未勝利,ダート1400m,2026060705030201,2,ハクサンミレイ,大野拓弥,35.7,27.1,12.098,0.721,,,★,✅,,,,✅,,,,,,,,,,,0.86,0.12,,,,,,
2026.6.7,東京,1,未勝利,ダート1400m,2026060705030201,3,キタノローズ,菅原明良,37.1,7.3,3.386,0.726,,,☆,✅,,,,✅,,,,,,,,,,,0.866,0.144,✅,,,,,
2026.6.7,東京,1,未勝利,ダート1400m,2026060705030201,4,ユキノサイエンス,北村宏司,31.0,21.4,8.291,0.721,,,,✅,,,,✅,,,,,,,,,,,0.866,0.106,✅,,,,,
2026.6.7,東京,1,未勝利,ダート1400m,2026060705030201,5,カーボフリオ,佐藤翔馬,62.3,5.3,4.129,0.721,,,◎,✅,5-7-9 / 5-7-11 / 3-5-7 / 2-5-7 / 5-9-11 / 3-5-9 / 2-5-9 / 3-5-11 / 2-5-11 / 2-3-5,10000,10,✅,5→7→9 / 5→9→7 / 7→5→9,9600,3,,,0,,0,,0,0.868,0.379,✅,,,0,,0
2026.6.7,東京,1,未勝利,ダート1400m,2026060705030201,6,ダイユウレゾナンス,舟山瑠泉,5.2,99.0,6.478,0.721,,,,✅,,,,✅,,,,,,,,,,,0.686,0.0,,,,,,
2026.6.7,東京,1,未勝利,ダート1400m,2026060705030201,7,エリースノー,津村明秀,54.0,4.6,3.108,0.739,,,◯,✅,,,,✅,,,,,,,,,,,0.866,0.272,,,,,,
2026.6.7,東京,1,未勝利,ダート1400m,2026060705030201,8,ビリキナータ,杉原誠人,3.8,9.4,0.444,0.887,,,,✅,,,,✅,,,,,,,,,,,0.711,0.0,,,,,,
2026.6.7,東京,1,未勝利,ダート1400m,2026060705030201,9,ルクリーシア,ゴンサル,54.0,46.3,31.279,0.721,,,▲,✅,,,,✅,,,,,,,,,,,0.777,0.272,,,,,,
2026.6.7,東京,1,未勝利,ダート1400m,2026060705030201,10,アジーザム,上里直汰,11.7,48.6,7.12,0.721,,,,✅,,,,✅,,,,,,,,,,,0.751,0.025,,,,,,
2026.6.7,東京,1,未勝利,ダート1400m,2026060705030201,11,テンハートビート,丹内祐次,45.9,9.0,5.167,0.721,,,△,✅,,,,✅,,,,,,,,,,,0.866,0.217,,,,,,
2026.6.7,東京,1,未勝利,ダート1400m,2026060705030201,12,ロンバスブレス,菊沢一樹,33.7,4.3,1.813,0.78,,,,✅,,,,✅,,,,,,,,,,,0.857,0.12,,,,,,
2026.6.7,東京,1,未勝利,ダート1400m,2026060705030201,13,パウラメロディーア,木幡巧也,11.9,48.6,7.25,0.721,,,,✅,,,,✅,,,,,,,,,,,0.751,0.025,,,,,,
2026.6.7,東京,1,未勝利,ダート1400m,2026060705030201,14,フィーユレアル,横山琉人,26.8,20.9,6.989,0.721,,,,✅,,,,✅,,,,,,,,,,,0.866,0.086,,,,,,
2026.6.7,東京,1,未勝利,ダート1400m,2026060705030201,15,グラデュエール,木幡初也,9.7,75.6,9.2,0.721,,,,✅,,,,✅,,,,,,,,,,,0.686,0.025,,,,,,
2026.6.7,東京,1,未勝利,ダート1400m,2026060705030201,16,ペリバジャ,石神深道,10.0,50.4,6.321,0.721,,,,✅,,,,✅,,,,,,,,,,,0.751,0.025,,,,,,
2026.6.7,東京,2,未勝利,ダート2100m,2026060705030202,1,クリムゾンリーフ,ゴンサル,85.7,4.4,4.714,0.721,,,◎,✅,1-6-11 / 1-9-11 / 1-7-11 / 1-11-16 / 1-6-9 / 1-6-7 / 1-6-16 / 1-7-9 / 1-9-16 / 1-7-16,10000,10,✅,1→7→11 / 1→11→7 / 11→1→7,9600,3,,,0,,0,,0,0.868,0.805,,✅,1-6-11,1000,1,100
2026.6.7,東京,2,未勝利,ダート2100m,2026060705030202,2,キョウエイシュバル,原優介,17.3,27.9,6.041,0.721,,,,✅,,,,✅,,,,,,,,,,,0.767,0.037,,✅,,,,
2026.6.7,東京,2,未勝利,ダート2100m,2026060705030202,3,ホグホグナナハン,丸田恭介,7.9,51.0,5.053,0.721,,,,✅,,,,✅,,,,,,,,,,,0.706,0.025,,✅,,,,
2026.6.7,東京,2,未勝利,ダート2100m,2026060705030202,4,アイムスティルミー,江田照男,26.8,12.8,4.287,0.721,,,,✅,,,,✅,,,,,,,,,,,0.857,0.086,,✅,,,,
2026.6.7,東京,2,未勝利,ダート2100m,2026060705030202,5,タートルインメイ,松岡正海,17.4,46.2,10.02,0.721,,,,✅,,,,✅,,,,,,,,,,,0.767,0.037,,✅,,,,
2026.6.7,東京,2,未勝利,ダート2100m,2026060705030202,6,マスカルポーネ,武藤雅,65.7,14.5,11.905,0.721,,,▲,✅,,,,✅,,,,,,,,,,,0.868,0.379,,✅,,,,
2026.6.7,東京,2,未勝利,ダート2100m,2026060705030202,7,ネイティヴプライド,菅原明良,61.7,9.9,7.635,0.721,,,☆,✅,,,,✅,,,,,,,,,,,0.868,0.376,,✅,,,,
2026.6.7,東京,2,未勝利,ダート2100m,2026060705030202,8,インナーパッション,横山琉人,23.3,16.2,4.709,0.721,,,,✅,,,,✅,,,,,,,,,,,0.825,0.054,,✅,,,,
2026.6.7,東京,2,未勝利,ダート2100m,2026060705030202,9,ブルーフレア,大野拓弥,65.7,6.1,5.008,0.721,,,△,✅,,,,✅,,,,,,,,,,,0.868,0.379,,✅,,,,
2026.6.7,東京,2,未勝利,ダート2100m,2026060705030202,10,アルティシエル,木幡巧也,11.9,52.8,7.877,0.721,,,,✅,,,,✅,,,,,,,,,,,0.686,0.025,,✅,,,,
2026.6.7,東京,2,未勝利,ダート2100m,2026060705030202,11,ワンダーブリッツ,横山武史,83.3,4.2,4.375,0.721,,,◯,✅,,,,✅,,,,,,,,,,,0.868,0.716,✅,✅,,,,
2026.6.7,東京,2,未勝利,ダート2100m,2026060705030202,12,ロジキセキ,石田拓郎,32.5,42.2,17.168,0.721,,,,✅,,,,✅,,,,,,,,,,,0.868,0.12,,✅,,,,
2026.6.7,東京,2,未勝利,ダート2100m,2026060705030202,13,マイネルスラーヴァ,丹内祐次,4.8,42.2,2.526,0.765,,,,✅,,,,✅,,,,,,,,,,,0.706,0.0,,✅,,,,
2026.6.7,東京,2,未勝利,ダート2100m,2026060705030202,14,ウォーレーションズ,菊沢一樹,0.5,14.8,0.09,0.95,,,,✅,,,,✅,,,,,,,,,,,0.711,0.0,,✅,,,,
2026.6.7,東京,2,未勝利,ダート2100m,2026060705030202,15,ブラックパロット,佐々木大,45.9,17.2,9.875,0.721,,,,✅,,,,✅,,,,,,,,,,,0.868,0.217,,✅,,,,
2026.6.7,東京,2,未勝利,ダート2100m,2026060705030202,16,キタイノホシ,舟山瑠泉,54.0,20.2,13.647,0.721,,,★,✅,,,,✅,,,,,,,,,,,0.868,0.272,✅,✅,,,,
2026.6.7,東京,3,未勝利,ダート1600m,2026060705030203,1,レッドリファインド,石川裕紀,40.5,24.2,12.253,0.721,,,△,✅,,,,✅,,,,✅,,,,,,,0.868,0.165,,✅,,,,
2026.6.7,東京,3,未勝利,ダート1600m,2026060705030203,2,カンフーヒーロー,長浜鴻緒,17.9,55.3,12.341,0.721,,,,✅,,,,✅,,,,✅,,,,,,,0.8,0.037,,✅,,,,
2026.6.7,東京,3,未勝利,ダート1600m,2026060705030203,3,ナンヨーロイヤル,小林脩斗,21.9,88.5,24.249,0.721,,,,✅,,,,✅,,,,✅,,,,,,,0.828,0.054,,✅,,,,
2026.6.7,東京,3,未勝利,ダート1600m,2026060705030203,4,レディトゥランブル,石神深道,4.8,126.4,7.567,0.721,,,,✅,,,,✅,,,,✅,,,,,,,0.686,0.0,,✅,,,,
2026.6.7,東京,3,未勝利,ダート1600m,2026060705030203,5,ピクシーゲイル,木幡育也,0.5,98.3,0.595,0.822,,,,✅,,,,✅,,,,✅,,,,,,,0.686,0.0,,✅,,,,
2026.6.7,東京,3,未勝利,ダート1600m,2026060705030203,6,クワッドマリニン,木幡巧也,42.4,6.4,3.391,0.726,,,▲,✅,,,,✅,,,,✅,,,,,,,0.866,0.168,✅,✅,,,,
2026.6.7,東京,3,未勝利,ダート1600m,2026060705030203,7,ウインビギニング,レーン,74.0,2.3,2.127,0.778,,,◎,✅,6-7-16 / 1-7-16 / 7-11-16 / 7-8-16 / 1-6-7 / 6-7-11 / 6-7-8 / 1-7-11 / 1-7-8 / 7-8-11,10000,10,✅,7→16→1 / 7→16→11 / 16→7→11,9600,3,✅,16,100,16,100,,0,0.866,0.492,✅,✅,6-7-16,1000,7,100
2026.6.7,東京,3,未勝利,ダート1600m,2026060705030203,8,ブルーアンビエンス,菊沢一樹,24.8,21.0,6.516,0.721,,,★,✅,,,,✅,,,,✅,,,,,,,0.834,0.076,,✅,,,,
2026.6.7,東京,3,未勝利,ダート1600m,2026060705030203,9,ナムラドガ,丸田恭介,11.9,38.4,5.728,0.721,,,,✅,,,,✅,,,,✅,,,,,,,0.751,0.025,,✅,,,,
2026.6.7,東京,3,未勝利,ダート1600m,2026060705030203,10,ロイヤルタイム,松岡正海,15.0,88.5,16.606,0.721,,,,✅,,,,✅,,,,✅,,,,,,,0.776,0.037,,✅,,,,
2026.6.7,東京,3,未勝利,ダート1600m,2026060705030203,11,ウェスケンジントン,菅原明良,37.1,16.8,7.793,0.721,,,☆,✅,,,,✅,,,,✅,,,,,,,0.866,0.144,✅,✅,,,,
2026.6.7,東京,3,未勝利,ダート1600m,2026060705030203,12,ハタノグランクリュ,柴田大知,8.3,88.5,9.168,0.721,,,,✅,,,,✅,,,,✅,,,,,,,0.686,0.025,,✅,,,,
2026.6.7,東京,3,未勝利,ダート1600m,2026060705030203,13,シンギュラリティ,丹内祐次,14.5,26.0,4.726,0.721,,,,✅,,,,✅,,,,✅,,,,,,,0.767,0.037,,✅,,,,
2026.6.7,東京,3,未勝利,ダート1600m,2026060705030203,14,ビンバラ,荻野極,11.9,4.1,0.612,0.815,,,,✅,,,,✅,,,,✅,,,,,,,0.757,0.025,,✅,,,,
2026.6.7,東京,3,未勝利,ダート1600m,2026060705030203,15,オーキーベルセルク,小林美駒,11.2,27.6,3.871,0.721,,,,✅,,,,✅,,,,✅,,,,,,,0.706,0.025,,✅,,,,
2026.6.7,東京,3,未勝利,ダート1600m,2026060705030203,16,エターナルホープ,原優介,65.7,8.7,7.143,0.721,,,◯,✅,,,,✅,,,,✅,,,,,,,0.868,0.379,,✅,,,,
2026.6.7,東京,4,未勝利,芝1600m,2026060705030204,1,カレリアフレイバー,戸崎圭太,17.4,23.2,5.032,0.721,,,,✅,,,,✅,,,,,,,,,,,0.773,0.037,,✅,,,,
2026.6.7,東京,4,未勝利,芝1600m,2026060705030204,2,サイモンナイスラン,木幡育也,4.8,60.5,3.622,0.721,,,,✅,,,,✅,,,,,,,,,,,0.686,0.0,,✅,,,,
2026.6.7,東京,4,未勝利,芝1600m,2026060705030204,3,コーディアリー,津村明秀,32.5,26.3,10.7,0.721,,,★,✅,,,,✅,,,,,,,,,,,0.86,0.12,,✅,,,,
2026.6.7,東京,4,未勝利,芝1600m,2026060705030204,4,デルマテイネ,的場勇人,6.3,78.9,6.193,0.721,,,,✅,,,,✅,,,,,,,,,,,0.686,0.025,,✅,,,,
2026.6.7,東京,4,未勝利,芝1600m,2026060705030204,5,ニシノトップダノン,菅原明良,45.9,17.4,9.99,0.721,,,△,✅,,,,✅,,,,,,,,,,,0.868,0.217,✅,✅,,,,
2026.6.7,東京,4,未勝利,芝1600m,2026060705030204,6,メイヨシュア,武藤雅,1.4,86.5,1.567,0.804,,,,✅,,,,✅,,,,,,,,,,,0.831,0.0,,✅,,,,
2026.6.7,東京,4,未勝利,芝1600m,2026060705030204,7,セルリア,今村聖奈,11.2,10.6,1.487,0.815,,,,✅,,,,✅,,,,,,,,,,,0.757,0.025,,✅,,,,
2026.6.7,東京,4,未勝利,芝1600m,2026060705030204,8,ロードクラシコ,横山琉人,4.8,21.8,1.305,0.835,,,,✅,,,,✅,,,,,,,,,,,0.711,0.0,,✅,,,,
2026.6.7,東京,4,未勝利,芝1600m,2026060705030204,9,ファイナルフォーム,菊沢一樹,0.0,28.8,0.0,0.95,,,,✅,,,,✅,,,,,,,,,,,0.851,0.0,,✅,,,,
2026.6.7,東京,4,未勝利,芝1600m,2026060705030204,10,ワイズファミリア,佐々木大,61.7,5.2,4.01,0.721,,,◯,✅,,,,✅,,,,,,,,,,,0.868,0.376,,✅,,,,
2026.6.7,東京,4,未勝利,芝1600m,2026060705030204,11,バトルモクオ,松岡正海,2.2,55.0,1.513,0.811,,,,✅,,,,✅,,,,,,,,,,,0.686,0.0,,✅,,,,
2026.6.7,東京,4,未勝利,芝1600m,2026060705030204,12,ショウナンサイオウ,岩田望来,17.4,11.2,2.429,0.769,,1走前中止,,✅,,,,✅,,,,,,,,,,,0.773,0.037,,✅,,,,
2026.6.7,東京,4,未勝利,芝1600m,2026060705030204,13,コスモマウイ,丹内祐次,8.3,27.5,2.849,0.75,,,,✅,,,,✅,,,,,,,,,,,0.751,0.025,,✅,,,,
2026.6.7,東京,4,未勝利,芝1600m,2026060705030204,14,エナノムスメ,北村宏司,15.0,46.5,8.725,0.721,,,,✅,,,,✅,,,,,,,,,,,0.767,0.037,,✅,,,,
2026.6.7,東京,4,未勝利,芝1600m,2026060705030204,15,クールフィデル,横山和生,61.7,12.7,9.795,0.721,,,▲,✅,,,,✅,,,,,,,,,,,0.868,0.376,✅,✅,,,,
2026.6.7,東京,4,未勝利,芝1600m,2026060705030204,16,バンオンタイム,舟山瑠泉,65.7,3.1,2.545,0.764,,,◎,✅,10-15-16 / 5-10-16 / 10-16-17 / 3-10-16 / 5-15-16 / 15-16-17 / 3-15-16 / 5-16-17 / 3-5-16 / 3-16-17,10000,10,✅,10→15→16 / 10→16→15 / 15→10→16,9600,3,,,0,,0,,0,0.866,0.379,✅,✅,10-15-16,1000,16,100
2026.6.7,東京,4,未勝利,芝1600m,2026060705030204,17,ルモンテ,大野拓弥,37.1,15.6,7.236,0.721,,,☆,✅,,,,✅,,,,,,,,,,,0.866,0.144,,✅,,,,
2026.6.7,東京,4,未勝利,芝1600m,2026060705030204,18,アグネスブリッツ,ゴンサル,17.9,12.6,2.812,0.752,,,,✅,,,,✅,,,,,,,,,,,0.825,0.037,,✅,,,,
2026.6.7,東京,5,新馬,芝1800m,2026060705030205,1,セイルトゥグローリ,岩田望来,15.0,15.3,2.871,0.749,,,,✅,,,,✅,,,,✅,,,,,,,0.773,0.037,,✅,,,,
2026.6.7,東京,5,新馬,芝1800m,2026060705030205,2,ジョドレルバンク,レーン,23.3,1.2,0.349,0.929,,,,✅,,,,✅,,,,✅,,,,,,,0.825,0.054,,✅,,,,
2026.6.7,東京,5,新馬,芝1800m,2026060705030205,3,サノノキセキ,丹内祐次,21.9,71.2,19.508,0.721,,,,✅,,,,✅,,,,✅,,,,,,,0.828,0.054,,✅,,,,
2026.6.7,東京,5,新馬,芝1800m,2026060705030205,4,レオンティウス,丸山元気,31.0,110.6,42.851,0.721,,,△,✅,,,,✅,,,,✅,,,,,,,0.868,0.106,,✅,,,,
2026.6.7,東京,5,新馬,芝1800m,2026060705030205,5,セイウンオオゾラ,幸英明,37.1,32.1,14.89,0.721,,,◯,✅,,,,✅,,,,✅,,,,,,,0.868,0.144,✅,✅,,,,
2026.6.7,東京,5,新馬,芝1800m,2026060705030205,6,ジュンヴォルティス,横山武史,35.7,29.5,13.17,0.721,,,▲,✅,,,,✅,,,,✅,,,,,,,0.868,0.12,✅,✅,,,,
2026.6.7,東京,5,新馬,芝1800m,2026060705030205,7,シアルナーレ,戸崎圭太,26.8,9.1,3.048,0.741,,,☆,✅,,,,✅,,,,✅,,,,,,,0.857,0.086,,✅,,,,
2026.6.7,東京,5,新馬,芝1800m,2026060705030205,8,ヴィラーニ,松山弘平,26.8,44.3,14.815,0.721,,,★,✅,,,,✅,,,,✅,,,,,,,0.86,0.086,,✅,,,,
2026.6.7,東京,5,新馬,芝1800m,2026060705030205,9,ヴェントリナ,津村明秀,24.8,24.6,7.633,0.721,,,,✅,,,,✅,,,,✅,,,,,,,0.828,0.076,,✅,,,,
2026.6.7,東京,5,新馬,芝1800m,2026060705030205,10,マテンロウアルカナ,横山典弘,42.4,9.8,5.193,0.721,,,◎,✅,5-6-10 / 4-5-10 / 5-7-10 / 5-8-10 / 4-6-10 / 6-7-10 / 6-8-10 / 4-7-10 / 4-8-10 / 7-8-10,10000,10,✅,5→10→6 / 10→5→6 / 10→6→5,9600,3,✅,5,100,5,100,,0,0.866,0.168,✅,✅,5-6-10,1000,10,100
2026.6.7,東京,6,未勝利,ダート1300m,2026060705030206,1,エクスプレスナイト,小林脩斗,24.8,47.3,14.677,0.721,,,,✅,,,,✅,,,,,,,,,,,0.828,0.076,,,,,,
2026.6.7,東京,6,未勝利,ダート1300m,2026060705030206,2,ダイユウサルターレ,吉田豊,6.6,50.9,4.219,0.721,,,,✅,,,,✅,,,,,,,,,,,0.706,0.025,,,,,,
2026.6.7,東京,6,未勝利,ダート1300m,2026060705030206,3,ヴェロシスタ,横山琉人,33.7,16.9,7.125,0.721,,,☆,✅,,,,✅,,,,,,,,,,,0.866,0.12,✅,,,,,
2026.6.7,東京,6,未勝利,ダート1300m,2026060705030206,4,フェイスリフト,ディー,83.3,2.6,2.708,0.756,,,◎,✅,4-8-9 / 4-9-10 / 3-4-9 / 4-9-12 / 4-8-10 / 3-4-8 / 4-8-12 / 3-4-10 / 4-10-12 / 3-4-12,10000,10,✅,4→9→8 / 4→9→10 / 9→4→10,9600,3,,,0,,0,,0,0.868,0.716,,,,0,,0
2026.6.7,東京,6,未勝利,ダート1300m,2026060705030206,5,スカット,佐藤翔馬,24.8,65.4,20.293,0.721,,,,✅,,,,✅,,,,,,,,,,,0.836,0.076,,,,,,
2026.6.7,東京,6,未勝利,ダート1300m,2026060705030206,6,グランフォワイエ,上里直汰,1.4,41.6,0.754,0.812,,,,✅,,,,✅,,,,,,,,,,,0.706,0.0,,,,,,
2026.6.7,東京,6,未勝利,ダート1300m,2026060705030206,7,ニシノランペイジ,小林美駒,32.5,15.1,6.143,0.721,,,,✅,,,,✅,,,,,,,,,,,0.866,0.12,,,,,,
2026.6.7,東京,6,未勝利,ダート1300m,2026060705030206,8,コウソクルリアン,武藤雅,50.7,12.9,8.169,0.721,,,▲,✅,,,,✅,,,,,,,,,,,0.868,0.235,,,,,,
2026.6.7,東京,6,未勝利,ダート1300m,2026060705030206,9,ヴィスクレス,原優介,74.0,4.4,4.07,0.721,,,◯,✅,,,,✅,,,,,,,,,,,0.868,0.492,,,,,,
2026.6.7,東京,6,未勝利,ダート1300m,2026060705030206,10,フィールマイプラン,荻野極,45.9,7.3,4.191,0.721,,,△,✅,,,,✅,,,,,,,,,,,0.866,0.217,,,,,,
2026.6.7,東京,6,未勝利,ダート1300m,2026060705030206,11,ニシノギャルズ,今村聖奈,26.8,6.1,2.043,0.778,,,,✅,,,,✅,,,,,,,,,,,0.857,0.086,,,,,,
2026.6.7,東京,6,未勝利,ダート1300m,2026060705030206,12,チェストー,ゴンサル,33.7,54.9,23.145,0.721,,,★,✅,,,,✅,,,,,,,,,,,0.868,0.12,,,,,,
2026.6.7,東京,6,未勝利,ダート1300m,2026060705030206,13,シュンポシオン,長浜鴻緒,2.5,85.9,2.703,0.757,,,,✅,,,,✅,,,,,,,,,,,0.686,0.0,,,,,,
2026.6.7,東京,6,未勝利,ダート1300m,2026060705030206,14,カフェプラウド,石神深道,14.5,30.5,5.544,0.721,,,,✅,,,,✅,,,,,,,,,,,0.767,0.037,,,,,,
2026.6.7,東京,6,未勝利,ダート1300m,2026060705030206,15,ウィゾマニア,丹内祐次,25.7,229.0,73.464,0.721,,,,✅,,,,✅,,,,,,,,,,,0.815,0.086,,,,,,
2026.6.7,東京,6,未勝利,ダート1300m,2026060705030206,16,ホウオウデンファレ,舟山瑠泉,11.2,124.9,17.518,0.721,,,,✅,,,,✅,,,,,,,,,,,0.715,0.025,,,,,,
2026.6.7,東京,7,1勝,ダート1400m,2026060705030207,1,ビルバンテ,佐々木大,11.7,11.8,1.729,0.783,,,,✅,,,,✅,,,,✅,,,,,,,0.757,0.025,,,,,,
2026.6.7,東京,7,1勝,ダート1400m,2026060705030207,2,メーゼ,菊沢一樹,5.7,12.0,0.859,0.826,,,,✅,,,,✅,,,,✅,,,,,,,0.757,0.025,,,,,,
2026.6.7,東京,7,1勝,ダート1400m,2026060705030207,3,カフェブーケット,石神深道,4.8,74.5,4.46,0.721,,,,✅,,,,✅,,,,✅,,,,,,,0.686,0.0,,,,,,
2026.6.7,東京,7,1勝,ダート1400m,2026060705030207,4,タイキブリッツェン,三浦皇成,29.6,5.0,1.849,0.779,,,▲,✅,,,,✅,,,,✅,,,,,,,0.857,0.106,,,,,,
2026.6.7,東京,7,1勝,ダート1400m,2026060705030207,5,エスシーレイジュ,大野拓弥,6.6,61.5,5.097,0.721,,,,✅,,,,✅,,,,✅,,,,,,,0.732,0.025,,,,,,
2026.6.7,東京,7,1勝,ダート1400m,2026060705030207,6,リッチハンター,石田拓郎,2.6,64.3,2.05,0.778,,,,✅,,,,✅,,,,✅,,,,,,,0.686,0.0,,,,,,
2026.6.7,東京,7,1勝,ダート1400m,2026060705030207,7,パータリプトラ,高杉吏麒,21.0,14.0,3.671,0.721,,,△,✅,,,,✅,,,,✅,,,,,,,0.825,0.037,,,,,,
2026.6.7,東京,7,1勝,ダート1400m,2026060705030207,8,ベアハンドキャッチ,荻野極,17.9,5.3,1.183,0.84,,,☆,✅,,,,✅,,,,✅,,,,,,,0.825,0.037,,,,,,
2026.6.7,東京,7,1勝,ダート1400m,2026060705030207,9,フォースミラクル,岩田望来,42.4,9.0,4.769,0.721,,,◎,✅,4-9-16 / 7-9-16 / 8-9-16 / 9-15-16 / 4-7-9 / 4-8-9 / 4-9-15 / 7-8-9 / 7-9-15 / 8-9-15,10000,10,✅,9→4→16 / 9→16→4 / 16→9→4,9600,3,✅,9,100,,0,,0,0.866,0.168,,,,0,,0
2026.6.7,東京,7,1勝,ダート1400m,2026060705030207,10,サイモンカーチス,上里直汰,1.5,83.2,1.571,0.804,,,,✅,,,,✅,,,,✅,,,,,,,0.686,0.0,,,,,,
2026.6.7,東京,7,1勝,ダート1400m,2026060705030207,11,ピクラリーダ,木幡巧也,1.5,37.2,0.703,0.805,,,,✅,,,,✅,,,,✅,,,,,,,0.706,0.0,,,,,,
2026.6.7,東京,7,1勝,ダート1400m,2026060705030207,12,モティスフォント,杉原誠人,8.3,17.0,1.761,0.78,,,,✅,,,,✅,,,,✅,,,,,,,0.757,0.025,,,,,,
2026.6.7,東京,7,1勝,ダート1400m,2026060705030207,13,ジャスフォール,石橋脩,8.3,20.5,2.124,0.778,,,,✅,,,,✅,,,,✅,,,,,,,0.757,0.025,,,,,,
2026.6.7,東京,7,1勝,ダート1400m,2026060705030207,14,シュヴァルツシルト,小林美駒,10.0,4.5,0.564,0.835,,,,✅,,,,✅,,,,✅,,,,,,,0.757,0.025,,,,,,
2026.6.7,東京,7,1勝,ダート1400m,2026060705030207,15,ガンバレベアー,松岡正海,11.8,108.9,16.077,0.721,,,★,✅,,,,✅,,,,✅,,,,,,,0.76,0.025,,,,,,
2026.6.7,東京,7,1勝,ダート1400m,2026060705030207,16,ブリックンクリック,津村明秀,32.5,10.2,4.15,0.721,,,◯,✅,,,,✅,,,,✅,,,,,,,0.866,0.12,✅,,,,,
2026.6.7,東京,8,1勝,芝1600m,2026060705030208,1,カズノダイジョウ,横山典弘,13.3,18.6,3.098,0.739,,,,✅,,,,✅,,,,✅,,,,,,,0.744,0.037,,✅,,,,
2026.6.7,東京,8,1勝,芝1600m,2026060705030208,2,デスサイズ,菊沢一樹,1.5,7.2,0.138,0.95,,,,✅,,,,✅,,,,✅,,,,,,,0.711,0.0,,✅,,,,
2026.6.7,東京,8,1勝,芝1600m,2026060705030208,3,スワローシチー,荻野極,15.0,12.2,2.289,0.775,,,,✅,,,,✅,,,,✅,,,,,,,0.773,0.037,,✅,,,,
2026.6.7,東京,8,1勝,芝1600m,2026060705030208,4,オメガストリーム,石田拓郎,0.5,67.0,0.455,0.883,,,,✅,,,,✅,,,,✅,,,,,,,0.831,0.0,,✅,,,,
2026.6.7,東京,8,1勝,芝1600m,2026060705030208,5,コンヴァージョン,丸田恭介,14.5,32.7,5.944,0.721,,,,✅,,,,✅,,,,✅,,,,,,,0.767,0.037,,✅,,,,
2026.6.7,東京,8,1勝,芝1600m,2026060705030208,6,サトノラポール,三浦皇成,17.3,44.3,9.593,0.721,,,,✅,,,,✅,,,,✅,,,,,,,0.767,0.037,,✅,,,,
2026.6.7,東京,8,1勝,芝1600m,2026060705030208,7,ダイヤテソーロ,幸英明,15.0,24.4,4.578,0.721,,,,✅,,,,✅,,,,✅,,,,,,,0.773,0.037,,✅,,,,
2026.6.7,東京,8,1勝,芝1600m,2026060705030208,8,タイセイフレッサ,岩田望来,48.5,15.9,9.642,0.721,,,◎,✅,8-10-16 / 8-16-17 / 8-9-16 / 8-15-16 / 8-10-17 / 8-9-10 / 8-10-15 / 8-9-17 / 8-15-17 / 8-9-15,10000,10,✅,8→10→15 / 8→15→10 / 8→15→17,9600,3,✅,8 / 16,200,16,100,,0,0.868,0.217,✅,✅,8-10-16,1000,8,100
2026.6.7,東京,8,1勝,芝1600m,2026060705030208,9,リネンタイリン,長浜鴻緒,23.3,68.8,20.0,0.721,,,☆,✅,,,,✅,,,,✅,,,,,,,0.737,0.054,,✅,,,,
2026.6.7,東京,8,1勝,芝1600m,2026060705030208,10,アラスカフレイバー,ディー,26.8,32.2,10.785,0.721,,,▲,✅,,,,✅,,,,✅,,,,,,,0.86,0.086,,✅,,,,
2026.6.7,東京,8,1勝,芝1600m,2026060705030208,11,イージーブリージー,上里直汰,11.2,90.2,12.651,0.721,,,,✅,,,,✅,,,,✅,,,,,,,0.686,0.025,,✅,,,,
2026.6.7,東京,8,1勝,芝1600m,2026060705030208,12,ゴディアーモ,戸崎圭太,14.5,2.0,0.364,0.922,,,,✅,,,,✅,,,,✅,,,,,,,0.773,0.037,,✅,,,,
2026.6.7,東京,8,1勝,芝1600m,2026060705030208,13,アンソニー,武豊,14.5,7.4,1.345,0.833,,,,✅,,,,✅,,,,✅,,,,,,,0.744,0.037,,✅,,,,
2026.6.7,東京,8,1勝,芝1600m,2026060705030208,14,ナルキッソス,松山弘平,17.4,37.3,8.09,0.721,,,,✅,,,,✅,,,,✅,,,,,,,0.767,0.037,,✅,,,,
2026.6.7,東京,8,1勝,芝1600m,2026060705030208,15,ツインピークス,佐々木大,21.0,96.8,25.38,0.721,,,★,✅,,,,✅,,,,✅,,,,,,,0.737,0.037,,✅,,,,
2026.6.7,東京,8,1勝,芝1600m,2026060705030208,16,ソニックライン,ゴンサル,32.5,26.9,10.944,0.721,,,◯,✅,,,,✅,,,,✅,,,,,,,0.86,0.12,,✅,,,,
2026.6.7,東京,8,1勝,芝1600m,2026060705030208,17,ゴールドシーン,大野拓弥,26.8,18.6,6.23,0.721,,,△,✅,,,,✅,,,,✅,,,,,,,0.866,0.086,✅,✅,,,,
2026.6.7,東京,9,2勝,芝2000m,2026060705030209,1,コンフォルツァ,丸山元気,40.2,6.5,3.267,0.731,,,▲,✅,,,,✅,,,,✅,,,,,,,0.866,0.165,✅,✅,,,,
2026.6.7,東京,9,2勝,芝2000m,2026060705030209,2,ズイウンゴサイ,津村明秀,35.7,32.0,14.286,0.721,,,☆,✅,,,,✅,,,,✅,,,,,,,0.868,0.12,,✅,,,,
2026.6.7,東京,9,2勝,芝2000m,2026060705030209,3,クロシェットノエル,武藤雅,26.8,29.4,9.847,0.721,,,,✅,,,,✅,,,,✅,,,,,,,0.86,0.086,,✅,,,,
2026.6.7,東京,9,2勝,芝2000m,2026060705030209,4,エボルヴィング,ディー,21.4,11.5,3.08,0.74,,,,✅,,,,✅,,,,✅,,,,,,,0.825,0.054,,✅,,,,
2026.6.7,東京,9,2勝,芝2000m,2026060705030209,5,マイネルアレス,丹内祐次,40.2,8.5,4.272,0.721,,,△,✅,,,,✅,,,,✅,,,,,,,0.866,0.165,✅,✅,,,,
2026.6.7,東京,9,2勝,芝2000m,2026060705030209,6,ゴーラッキー,ルメール,53.4,1.5,1.0,0.837,,,◯,✅,,,,✅,,,,✅,,,,,,,0.857,0.272,,✅,,,,
2026.6.7,東京,9,2勝,芝2000m,2026060705030209,7,ビーオンザカバー,戸崎圭太,65.7,12.8,10.509,0.721,,,◎,✅,1-6-7 / 5-6-7 / 2-6-7 / 6-7-8 / 1-5-7 / 1-2-7 / 1-7-8 / 2-5-7 / 5-7-8 / 2-7-8,10000,10,✅,6→7→1 / 7→6→1 / 7→6→5,9600,3,✅,7,100,7,100,,0,0.868,0.379,✅,✅,1-6-7,1000,7,100
2026.6.7,東京,9,2勝,芝2000m,2026060705030209,8,サラスヴァティー,横山武史,35.7,10.0,4.464,0.721,,,★,✅,,,,✅,,,,✅,,,,,,,0.866,0.12,✅,✅,,,,
2026.6.7,東京,10,2勝,ダート1400m,2026060705030210,1,リリージェーン,原優介,1.5,289.0,5.458,0.721,,,,✅,,,,✅,,,,,,,,,,,0.958,0.0,✅,,,,,
2026.6.7,東京,10,2勝,ダート1400m,2026060705030210,2,フクチャントウメイ,吉田豊,2.6,184.4,5.88,0.721,,,,✅,,,,✅,,,,,,,,,,,0.686,0.0,,,,,,
2026.6.7,東京,10,2勝,ダート1400m,2026060705030210,3,エムティエスターテ,大野拓弥,15.0,75.3,14.129,0.721,,,,✅,,,,✅,,,,,,,,,,,0.776,0.037,,,,,,
2026.6.7,東京,10,2勝,ダート1400m,2026060705030210,4,メッエフアパラ,石橋脩,9.3,274.2,31.923,0.721,,,,✅,,,,✅,,,,,,,,,,,0.661,0.025,,,,,,
2026.6.7,東京,10,2勝,ダート1400m,2026060705030210,5,ケープアグラス,舟山瑠泉,7.9,91.4,9.055,0.721,,,,✅,,,,✅,,,,,,,,,,,0.732,0.025,,,,,,
2026.6.7,東京,10,2勝,ダート1400m,2026060705030210,6,ポッドベル,松山弘平,45.9,27.5,15.789,0.721,,,◯,✅,,,,✅,,,,,,,,,,,0.868,0.217,,,,,,
2026.6.7,東京,10,2勝,ダート1400m,2026060705030210,7,シホノペルフェット,ゴンサル,5.2,334.2,21.869,0.721,,,,✅,,,,✅,,,,,,,,,,,0.891,0.0,✅,,,,,
2026.6.7,東京,10,2勝,ダート1400m,2026060705030210,8,レイアポポ,丹内祐次,15.0,121.5,22.798,0.721,,,,✅,,,,✅,,,,,,,,,,,0.776,0.037,,,,,,
2026.6.7,東京,10,2勝,ダート1400m,2026060705030210,9,レヴィテーション,黛弘人,5.7,157.2,11.249,0.721,,,,✅,,,,✅,,,,,,,,,,,0.715,0.025,,,,,,
2026.6.7,東京,10,2勝,ダート1400m,2026060705030210,10,マジッククッキー,戸崎圭太,54.0,1.1,0.743,0.811,,,◎,✅,6-10-13 / 6-10-12 / 6-10-14 / 6-10-11 / 10-12-13 / 10-13-14 / 10-11-13 / 10-12-14 / 10-11-12 / 10-11-14,10000,10,✅,6→10→13 / 6→13→10 / 10→6→13,9600,3,,,0,,0,,0,0.857,0.272,,,,0,,0
2026.6.7,東京,10,2勝,ダート1400m,2026060705030210,11,クインズシフォン,津村明秀,21.0,148.5,38.935,0.721,,,★,✅,,,,✅,,,,,,,,,,,0.828,0.037,,,,,,
2026.6.7,東京,10,2勝,ダート1400m,2026060705030210,12,ミスエル,菊沢一樹,21.9,152.8,41.866,0.721,,,△,✅,,,,✅,,,,,,,,,,,0.836,0.054,,,,,,
2026.6.7,東京,10,2勝,ダート1400m,2026060705030210,13,キョウエイカンセ,菅原明良,32.5,62.5,25.427,0.721,,,▲,✅,,,,✅,,,,,,,,,,,0.868,0.12,✅,,,,,
2026.6.7,東京,10,2勝,ダート1400m,2026060705030210,14,ホウオウプレミア,岩田康誠,21.9,54.5,14.933,0.721,,,☆,✅,,,,✅,,,,,,,,,,,0.828,0.054,,,,,,
2026.6.7,東京,10,2勝,ダート1400m,2026060705030210,15,プチブール,三浦皇成,21.0,118.8,31.148,0.721,,,,✅,,,,✅,,,,,,,,,,,0.828,0.037,,,,,,
2026.6.7,東京,10,2勝,ダート1400m,2026060705030210,16,ライジンマル,木幡初也,21.0,37.0,9.701,0.721,,,,✅,,,,✅,,,,,,,,,,,0.819,0.037,,,,,,
2026.6.7,東京,11,Ｇ１,芝1600m,2026060705030211,1,レーベンスティール,戸崎圭太,8.7,8.3,0.905,0.832,,,,✅,,,,✅,,,,,,,,,,,0.757,0.025,,✅,,,,
2026.6.7,東京,11,Ｇ１,芝1600m,2026060705030211,2,ロングラン,ゴンサル,0.5,246.5,1.492,0.814,,,,✅,,,,✅,,,,,,,,,,,0.744,0.0,,✅,,,,
2026.6.7,東京,11,Ｇ１,芝1600m,2026060705030211,3,オフトレイル,菅原明良,21.0,46.2,12.113,0.721,,,◯,✅,,,,✅,,,,,,,,,,,0.728,0.037,,✅,,,,
2026.6.7,東京,11,Ｇ１,芝1600m,2026060705030211,4,シックスペンス,武豊,11.7,25.3,3.707,0.721,,,☆,✅,,,,✅,,,,,,,,,,,0.751,0.025,,✅,,,,
2026.6.7,東京,11,Ｇ１,芝1600m,2026060705030211,5,サクラトゥジュール,佐々木大,0.0,123.0,0.0,0.95,,,,✅,,,,✅,,,,,,,,,,,0.831,0.0,,✅,,,,
2026.6.7,東京,11,Ｇ１,芝1600m,2026060705030211,6,ステレンボッシュ,レーン,21.9,9.3,2.548,0.764,,,◎,✅,3-6-9 / 3-6-15 / 3-4-6 / 3-6-8 / 6-9-15 / 4-6-9 / 6-8-9 / 4-6-15 / 6-8-15 / 4-6-8,10000,10,✅,3→6→2 / 3→6→5 / 3→6→11,9600,3,,,0,,0,,0,0.825,0.054,,✅,3-6-9,1000,6,100
2026.6.7,東京,11,Ｇ１,芝1600m,2026060705030211,7,スズハローム,藤懸貴志,8.3,25.4,2.631,0.76,,,,✅,,,,✅,,,,,,,,,,,0.751,0.025,,✅,,,,
2026.6.7,東京,11,Ｇ１,芝1600m,2026060705030211,8,シャンパンカラー,岩田康誠,9.3,34.7,4.04,0.721,,,★,✅,,,,✅,,,,,,,,,,,0.751,0.025,,✅,,,,
2026.6.7,東京,11,Ｇ１,芝1600m,2026060705030211,9,ウォーターリヒト,高杉吏麒,13.3,30.1,5.014,0.721,,,▲,✅,,,,✅,,,,,,,,,,,0.767,0.037,,✅,,,,
2026.6.7,東京,11,Ｇ１,芝1600m,2026060705030211,10,ルクソールカフェ,岩田望来,6.6,70.0,5.802,0.721,,,,✅,,,,✅,,,,,,,,,,,0.732,0.025,,✅,,,,
2026.6.7,東京,11,Ｇ１,芝1600m,2026060705030211,11,ワールズエンド,津村明秀,3.8,20.8,0.984,0.837,,,,✅,,,,✅,,,,,,,,,,,0.711,0.0,,✅,,,,
2026.6.7,東京,11,Ｇ１,芝1600m,2026060705030211,12,シリウスコルト,横山和生,6.3,136.3,10.698,0.721,,,,✅,,,,✅,,,,,,,,,,,0.715,0.025,,✅,,,,
2026.6.7,東京,11,Ｇ１,芝1600m,2026060705030211,13,セイウンハーデス,幸英明,8.3,14.3,1.481,0.816,,,,✅,,,,✅,,,,,,,,,,,0.757,0.025,,✅,,,,
2026.6.7,東京,11,Ｇ１,芝1600m,2026060705030211,14,ガイアフォース,横山武史,6.6,2.8,0.232,0.95,,,,✅,,,,✅,,,,,,,,,,,0.711,0.025,,✅,,,,
2026.6.7,東京,11,Ｇ１,芝1600m,2026060705030211,15,ドラゴンブースト,丹内祐次,13.3,37.5,6.246,0.721,,,△,✅,,,,✅,,,,,,,,,,,0.767,0.037,,✅,,,,
2026.6.7,東京,11,Ｇ１,芝1600m,2026060705030211,16,パンジャタワー,松山弘平,8.3,10.0,1.036,0.839,,,,✅,,,,✅,,,,,,,,,,,0.757,0.025,,✅,,,,
2026.6.7,東京,11,Ｇ１,芝1600m,2026060705030211,17,トロヴァトーレ,ルメール,8.3,4.3,0.445,0.887,,,,✅,,,,✅,,,,,,,,,,,0.757,0.025,,✅,,,,
2026.6.7,東京,12,2勝,ダート1600m,2026060705030212,1,テンカムテキ,丹内祐次,17.4,6.4,1.388,0.828,,,,✅,,,,✅,,,,✅,,,,,,,0.773,0.037,,,,,,
2026.6.7,東京,12,2勝,ダート1600m,2026060705030212,2,トーホウキザン,藤懸貴志,8.3,57.0,5.905,0.721,,,,✅,,,,✅,,,,✅,,,,,,,0.732,0.025,,,,,,
2026.6.7,東京,12,2勝,ダート1600m,2026060705030212,3,エンファサイズ,長浜鴻緒,8.3,99.7,10.328,0.721,,3走前中止,,✅,,,,✅,,,,✅,,,,,,,0.686,0.025,,,,,,
2026.6.7,東京,12,2勝,ダート1600m,2026060705030212,4,フィーチャリング,原優介,33.7,30.6,12.9,0.721,,,★,✅,,,,✅,,,,✅,,,,,,,0.868,0.12,✅,,,,,
2026.6.7,東京,12,2勝,ダート1600m,2026060705030212,5,コパノエビータ,嶋田純次,8.3,88.6,9.178,0.721,,,,✅,,,,✅,,,,✅,,,,,,,0.686,0.025,,,,,,
2026.6.7,東京,12,2勝,ダート1600m,2026060705030212,6,トラヴェリンバンド,ゴンサル,24.8,16.8,5.213,0.721,,,,✅,,,,✅,,,,✅,,,,,,,0.825,0.076,,,,,,
2026.6.7,東京,12,2勝,ダート1600m,2026060705030212,7,グレイスザクラウン,木幡巧也,13.3,70.4,11.726,0.721,,,,✅,,,,✅,,,,✅,,,,,,,0.776,0.037,,,,,,
2026.6.7,東京,12,2勝,ダート1600m,2026060705030212,8,セントラルヴァレー,岩田望来,45.9,46.0,26.411,0.721,,,☆,✅,,,,✅,,,,✅,,,,,,,0.868,0.217,,,,,,
2026.6.7,東京,12,2勝,ダート1600m,2026060705030212,9,アースイオス,小林脩斗,4.8,149.6,8.956,0.721,,,,✅,,,,✅,,,,✅,,,,,,,0.686,0.0,,,,,,
2026.6.7,東京,12,2勝,ダート1600m,2026060705030212,10,マクリール,ルメール,54.0,1.8,1.216,0.838,,,◎,✅,10-12-16 / 10-13-16 / 8-10-16 / 4-10-16 / 10-12-13 / 8-10-12 / 4-10-12 / 8-10-13 / 4-10-13 / 4-8-10,10000,10,✅,10→16→8 / 10→16→12 / 10→16→13,9600,3,✅,16,100,16,100,,0,0.857,0.272,,,,0,,0
2026.6.7,東京,12,2勝,ダート1600m,2026060705030212,11,ホウキボシ,松山弘平,1.5,31.5,0.595,0.822,,,,✅,,,,✅,,,,✅,,,,,,,0.706,0.0,,,,,,
2026.6.7,東京,12,2勝,ダート1600m,2026060705030212,12,パイシャオピン,横山武史,50.2,15.7,9.842,0.721,,,▲,✅,,,,✅,,,,✅,,,,,,,0.868,0.217,,,,,,
2026.6.7,東京,12,2勝,ダート1600m,2026060705030212,13,ベラジオワールド,横山和生,50.2,26.9,16.863,0.721,,,△,✅,,,,✅,,,,✅,,,,,,,0.868,0.217,,,,,,
2026.6.7,東京,12,2勝,ダート1600m,2026060705030212,14,リベッチオ,戸崎圭太,11.9,7.2,1.074,0.842,,,,✅,,,,✅,,,,✅,,,,,,,0.757,0.025,,,,,,
2026.6.7,東京,12,2勝,ダート1600m,2026060705030212,15,アスゴッド,高杉吏麒,11.8,31.9,4.709,0.721,,,,✅,,,,✅,,,,✅,,,,,,,0.751,0.025,,,,,,
2026.6.7,東京,12,2勝,ダート1600m,2026060705030212,16,ヘリオトロープ,レーン,54.0,13.9,9.391,0.721,,,◯,✅,,,,✅,,,,✅,,,,,,,0.868,0.272,,,,,,
2026.6.7,阪神,2,未勝利,芝1800m,2026060709030202,1,カスタニッチャ,富田暁,2.5,118.0,3.713,0.721,,,,✅,,,,✅,,,,✅,,,,,,,0.686,0.0,,✅,,,,
2026.6.7,阪神,2,未勝利,芝1800m,2026060709030202,2,ポリキポリキ,小沢大仁,1.4,97.8,1.772,0.78,,,,✅,,,,✅,,,,✅,,,,,,,0.686,0.0,,✅,,,,
2026.6.7,阪神,2,未勝利,芝1800m,2026060709030202,3,ウィスカーパッド,鮫島克駿,33.7,12.1,5.101,0.721,,,,✅,,,,✅,,,,✅,,,,,,,0.866,0.12,,✅,,,,
2026.6.7,阪神,2,未勝利,芝1800m,2026060709030202,4,カヴァティーナ,古川吉洋,8.3,44.4,4.599,0.721,,,,✅,,,,✅,,,,✅,,,,,,,0.751,0.025,,✅,,,,
2026.6.7,阪神,2,未勝利,芝1800m,2026060709030202,5,ジーティーメティオ,坂井瑠星,33.7,5.3,2.234,0.777,,,,✅,,,,✅,,,,✅,,,,,,,0.857,0.12,,✅,,,,
2026.6.7,阪神,2,未勝利,芝1800m,2026060709030202,6,レーヴドリュヌ,松若風馬,2.6,19.4,0.619,0.811,,,,✅,,,,✅,,,,✅,,,,,,,0.757,0.0,,✅,,,,
2026.6.7,阪神,2,未勝利,芝1800m,2026060709030202,7,トラカイキャッスル,田口貫太,42.4,36.8,19.5,0.721,,,△,✅,,,,✅,,,,✅,,,,,,,0.868,0.168,✅,✅,,,,
2026.6.7,阪神,2,未勝利,芝1800m,2026060709030202,8,キーテーマ,長岡禎仁,35.7,103.7,46.295,0.721,,,★,✅,,,,✅,,,,✅,,,,,,,0.868,0.12,✅,✅,,,,
2026.6.7,阪神,2,未勝利,芝1800m,2026060709030202,9,メイショウプレマ,森田誠也,48.5,13.0,7.883,0.721,,,◯,✅,,,,✅,,,,✅,,,,,,,0.868,0.217,✅,✅,,,,
2026.6.7,阪神,2,未勝利,芝1800m,2026060709030202,10,サリエンテ,西村淳也,65.7,2.5,2.053,0.778,,,◎,✅,9-10-12 / 7-9-10 / 9-10-15 / 8-9-10 / 7-10-12 / 10-12-15 / 8-10-12 / 7-10-15 / 7-8-10 / 8-10-15,10000,10,✅,10→7→9 / 10→7→15 / 10→15→7,9600,3,✅,9,7200,9,2700,,0,0.866,0.379,✅,✅,9-10-12,1000,10,9000
2026.6.7,阪神,2,未勝利,芝1800m,2026060709030202,11,ルージュマデイラ,池添謙一,6.6,5.5,0.456,0.882,,,,✅,,,,✅,,,,✅,,,,,,,0.757,0.025,,✅,,,,
2026.6.7,阪神,2,未勝利,芝1800m,2026060709030202,12,ライツェントライゼ,団野大成,47.8,14.5,8.668,0.721,,,▲,✅,,,,✅,,,,✅,,,,,,,0.868,0.217,✅,✅,,,,
2026.6.7,阪神,2,未勝利,芝1800m,2026060709030202,13,レディアグレッサー,田山旺佑,2.2,22.8,0.627,0.808,,,,✅,,,,✅,,,,✅,,,,,,,0.711,0.0,,✅,,,,
2026.6.7,阪神,2,未勝利,芝1800m,2026060709030202,14,サンタカリス,柴田裕一,4.8,684.8,40.994,0.721,,,,✅,,,,✅,,,,✅,,,,,,,1.12,0.0,✅,✅,,,,
2026.6.7,阪神,2,未勝利,芝1800m,2026060709030202,15,クロスボーダー,北村友一,42.4,11.0,5.829,0.721,,,☆,✅,,,,✅,,,,✅,,,,,,,0.866,0.168,,✅,,,,
2026.6.7,阪神,3,未勝利,ダート1800m,2026060709030203,1,バーバラップ,小崎綾也,6.6,29.8,2.47,0.767,,,,✅,,,,✅,,,,✅,,,,,,,0.706,0.025,,✅,,,,
2026.6.7,阪神,3,未勝利,ダート1800m,2026060709030203,2,ロードヴェリタス,西塚洸二,83.3,2.7,2.813,0.752,,,◎,✅,2-5-6 / 2-6-12 / 2-4-6 / 2-3-6 / 2-5-12 / 2-4-5 / 2-3-5 / 2-4-12 / 2-3-12 / 2-3-4,10000,10,✅,2→6→4 / 2→6→12 / 6→2→4,9600,3,✅,6,7800,6,2100,,0,0.868,0.716,,✅,2-5-6,1000,2,9000
2026.6.7,阪神,3,未勝利,ダート1800m,2026060709030203,3,ロスニーニョス,古川吉洋,32.5,9.5,3.865,0.721,,,★,✅,,,,✅,,,,✅,,,,,,,0.866,0.12,✅,✅,,,,
2026.6.7,阪神,3,未勝利,ダート1800m,2026060709030203,4,ウルトラハート,角田大和,33.7,5.4,2.277,0.776,,,☆,✅,,,,✅,,,,✅,,,,,,,0.857,0.12,,✅,,,,
2026.6.7,阪神,3,未勝利,ダート1800m,2026060709030203,5,ダイメイクマモト,太宰啓介,45.9,7.7,4.421,0.721,,,▲,✅,,,,✅,,,,✅,,,,,,,0.866,0.217,,✅,,,,
2026.6.7,阪神,3,未勝利,ダート1800m,2026060709030203,6,リバーソニック,西村淳也,62.3,8.8,6.856,0.721,,,◯,✅,,,,✅,,,,✅,,,,,,,0.868,0.379,✅,✅,,,,
2026.6.7,阪神,3,未勝利,ダート1800m,2026060709030203,7,ボクサークラブ,鮫島克駿,17.3,18.2,3.941,0.721,,,,✅,,,,✅,,,,✅,,,,,,,0.773,0.037,,✅,,,,
2026.6.7,阪神,3,未勝利,ダート1800m,2026060709030203,8,シエルブリエ,渡辺竜也,7.9,111.2,11.017,0.721,,,,✅,,,,✅,,,,✅,,,,,,,0.76,0.025,,✅,,,,
2026.6.7,阪神,3,未勝利,ダート1800m,2026060709030203,9,オセアスターライト,田山旺佑,1.5,53.2,1.023,0.839,,,,✅,,,,✅,,,,✅,,,,,,,0.686,0.0,,✅,,,,
2026.6.7,阪神,3,未勝利,ダート1800m,2026060709030203,10,スマイルガルーダ,森田誠也,7.9,174.8,17.318,0.721,,,,✅,,,,✅,,,,✅,,,,,,,0.715,0.025,,✅,,,,
2026.6.7,阪神,3,未勝利,ダート1800m,2026060709030203,11,セキゾウ,亀田温心,8.3,72.0,7.458,0.721,,,,✅,,,,✅,,,,✅,,,,,,,0.732,0.025,,✅,,,,
2026.6.7,阪神,3,未勝利,ダート1800m,2026060709030203,12,ウェイヴムーン,池添謙一,35.7,11.7,5.223,0.721,,,△,✅,,,,✅,,,,✅,,,,,,,0.866,0.12,✅,✅,,,,
2026.6.7,阪神,3,未勝利,ダート1800m,2026060709030203,13,マーゴットデウス,小沢大仁,9.7,26.0,3.164,0.736,,,,✅,,,,✅,,,,✅,,,,,,,0.751,0.025,,✅,,,,
2026.6.7,阪神,3,未勝利,ダート1800m,2026060709030203,14,ジョイフルサンデー,長岡禎仁,15.0,122.4,22.967,0.721,,,,✅,,,,✅,,,,✅,,,,,,,0.776,0.037,,✅,,,,
2026.6.7,阪神,3,未勝利,ダート1800m,2026060709030203,15,シャインヴィーラ,永島まな,11.2,31.3,4.39,0.721,,,,✅,,,,✅,,,,✅,,,,,,,0.751,0.025,,✅,,,,
2026.6.7,阪神,3,未勝利,ダート1800m,2026060709030203,16,スリーケイ,国分恭介,2.6,16.3,0.52,0.854,,,,✅,,,,✅,,,,✅,,,,,,,0.711,0.0,,✅,,,,
2026.6.7,阪神,4,未勝利,ダート1400m,2026060709030204,1,アンリミテッド,西村淳也,31.0,8.1,3.138,0.737,,,,✅,,,,✅,,,,✅,,,,,,,0.857,0.106,,,,,,
2026.6.7,阪神,4,未勝利,ダート1400m,2026060709030204,2,メイショウタダツグ,吉村誠之,11.2,18.8,2.637,0.76,,,,✅,,,,✅,,,,✅,,,,,,,0.757,0.025,,,,,,
2026.6.7,阪神,4,未勝利,ダート1400m,2026060709030204,3,ビッグヒーロー,川田将雅,65.7,1.9,1.56,0.805,,,◎,✅,3-12-15 / 3-7-12 / 3-8-12 / 3-12-16 / 3-7-15 / 3-8-15 / 3-15-16 / 3-7-8 / 3-7-16 / 3-8-16,10000,10,✅,3→12→15 / 3→15→12 / 12→3→15,9600,3,✅,12,10000,,0,,0,0.866,0.379,✅,,,0,,0
2026.6.7,阪神,4,未勝利,ダート1400m,2026060709030204,4,ヴァンロゼ,松若風馬,5.7,29.5,2.111,0.778,,,,✅,,,,✅,,,,✅,,,,,,,0.751,0.025,,,,,,
2026.6.7,阪神,4,未勝利,ダート1400m,2026060709030204,5,シュネープリンセス,国分優作,11.8,34.9,5.152,0.721,,,,✅,,,,✅,,,,✅,,,,,,,0.751,0.025,,,,,,
2026.6.7,阪神,4,未勝利,ダート1400m,2026060709030204,6,イクヒロ,Ｍ．デム,4.8,43.8,2.622,0.76,,,,✅,,,,✅,,,,✅,,,,,,,0.706,0.0,,,,,,
2026.6.7,阪神,4,未勝利,ダート1400m,2026060709030204,7,モズジェネラル,森田誠也,45.9,8.4,4.823,0.721,,,△,✅,,,,✅,,,,✅,,,,,,,0.866,0.217,✅,,,,,
2026.6.7,阪神,4,未勝利,ダート1400m,2026060709030204,8,ゼルダ,高倉稜,42.4,8.6,4.557,0.721,,,☆,✅,,,,✅,,,,✅,,,,,,,0.866,0.168,✅,,,,,
2026.6.7,阪神,4,未勝利,ダート1400m,2026060709030204,9,ヒルノジェノヴァ,富田暁,6.6,59.0,4.89,0.721,,,,✅,,,,✅,,,,✅,,,,,,,0.732,0.025,,,,,,
2026.6.7,阪神,4,未勝利,ダート1400m,2026060709030204,10,レッドピアレス,小沢大仁,1.5,41.7,0.788,0.817,,,,✅,,,,✅,,,,✅,,,,,,,0.706,0.0,,,,,,
2026.6.7,阪神,4,未勝利,ダート1400m,2026060709030204,11,ピゲ,永島まな,2.6,63.4,2.022,0.778,,,,✅,,,,✅,,,,✅,,,,,,,0.686,0.0,,,,,,
2026.6.7,阪神,4,未勝利,ダート1400m,2026060709030204,12,メイショウナナユキ,菱田裕二,54.0,13.0,8.783,0.721,,,◯,✅,,,,✅,,,,✅,,,,,,,0.868,0.272,✅,,,,,
2026.6.7,阪神,4,未勝利,ダート1400m,2026060709030204,13,ワンダーリュクス,和田陽希,8.3,48.9,5.066,0.721,,,,✅,,,,✅,,,,✅,,,,,,,0.751,0.025,,,,,,
2026.6.7,阪神,4,未勝利,ダート1400m,2026060709030204,14,ココプレミア,渡辺竜也,2.6,85.6,2.73,0.755,,,,✅,,,,✅,,,,✅,,,,,,,0.686,0.0,,,,,,
2026.6.7,阪神,4,未勝利,ダート1400m,2026060709030204,15,サマーブリザード,田口貫太,54.0,81.5,55.06,0.721,,,▲,✅,,,,✅,,,,✅,,,,,,,0.707,0.272,,,,,,
2026.6.7,阪神,4,未勝利,ダート1400m,2026060709030204,16,ロードインヴォーグ,酒井学,42.4,15.8,8.372,0.721,,,★,✅,,,,✅,,,,✅,,,,,,,0.866,0.168,,,,,,
2026.6.7,阪神,5,新馬,芝1400m,2026060709030205,1,クリコキアナ,国分恭介,17.9,36.3,8.101,0.721,,,,✅,,,,,,,,,,,,,,,0.819,0.037,,,,,,
2026.6.7,阪神,5,新馬,芝1400m,2026060709030205,2,レッドネビュラ,吉村誠之,33.7,3.8,1.602,0.8,,,☆,✅,,,,,,,,,,,,,,,0.857,0.12,,,,,,
2026.6.7,阪神,5,新馬,芝1400m,2026060709030205,3,イザベル,松若風馬,21.0,18.6,4.877,0.721,,,,✅,,,,,,,,,,,,,,,0.825,0.037,,,,,,
2026.6.7,阪神,5,新馬,芝1400m,2026060709030205,4,ニシノフランケン,亀田温心,40.2,13.8,6.935,0.721,,,◯,✅,,,,,,,,,,,,,,,0.866,0.165,✅,,,,,
2026.6.7,阪神,5,新馬,芝1400m,2026060709030205,5,ビスケットサンド,北村友一,40.2,4.8,2.412,0.77,,,▲,✅,,,,,,,,,,,,,,,0.866,0.165,✅,,,,,
2026.6.7,阪神,5,新馬,芝1400m,2026060709030205,6,ランダムナンバー,永島まな,37.1,14.2,6.587,0.721,,,△,✅,,,,,,,,,,,,,,,0.866,0.144,,,,,,
2026.6.7,阪神,5,新馬,芝1400m,2026060709030205,7,サンシルヴァリー,柴田裕一,24.4,49.6,15.122,0.721,,,,✅,,,,,,,,,,,,,,,0.828,0.059,,,,,,
2026.6.7,阪神,5,新馬,芝1400m,2026060709030205,8,スピークロウ,斎藤新,40.5,7.3,3.696,0.721,,,◎,✅,4-5-8 / 4-6-8 / 2-4-8 / 4-8-9 / 5-6-8 / 2-5-8 / 5-8-9 / 2-6-8 / 6-8-9 / 2-8-9,10000,10,,,0,0,,,0,,0,,0,0.866,0.165,✅,,,0,,0
2026.6.7,阪神,5,新馬,芝1400m,2026060709030205,9,レゾルーティオ,西村淳也,33.7,3.9,1.644,0.794,,,★,✅,,,,,,,,,,,,,,,0.857,0.12,,,,,,
2026.6.7,阪神,5,新馬,芝1400m,2026060709030205,10,シスキンブルーム,団野大成,23.3,7.9,2.297,0.775,,,,✅,,,,,,,,,,,,,,,0.825,0.054,,,,,,
2026.6.7,阪神,5,新馬,芝1400m,2026060709030205,11,スピーディスピン,田山旺佑,21.4,48.4,12.961,0.721,,,,✅,,,,,,,,,,,,,,,0.828,0.054,,,,,,
2026.6.7,阪神,6,未勝利,芝2000m,2026060709030206,1,プリュイドール,西村淳也,8.3,5.6,0.58,0.828,,,,✅,,,,✅,,,,✅,,,,,,,0.757,0.025,,✅,,,,
2026.6.7,阪神,6,未勝利,芝2000m,2026060709030206,2,ハナコトバ,渡辺竜也,33.7,30.6,12.9,0.721,,,△,✅,,,,✅,,,,✅,,,,,,,0.868,0.12,✅,✅,,,,
2026.6.7,阪神,6,未勝利,芝2000m,2026060709030206,3,クリムゾンバースト,田山旺佑,14.5,38.3,6.962,0.721,,,,✅,,,,✅,,,,✅,,,,,,,0.767,0.037,,✅,,,,
2026.6.7,阪神,6,未勝利,芝2000m,2026060709030206,4,エースフライト,坂井瑠星,26.8,3.2,1.07,0.841,,1走前取消,☆,✅,,,,✅,,,,✅,,,,,,,0.857,0.086,,✅,,,,
2026.6.7,阪神,6,未勝利,芝2000m,2026060709030206,5,ペガサスジルシ,川田将雅,85.7,3.3,3.536,0.721,,,◎,✅,5-11-15 / 2-5-15 / 4-5-15 / 5-10-15 / 2-5-11 / 4-5-11 / 5-10-11 / 2-4-5 / 2-5-10 / 4-5-10,10000,10,✅,5→11→15 / 5→15→11 / 15→5→11,9600,3,✅,15,7500,15,2400,,0,0.868,0.805,,✅,5-11-15,1000,5,9000
2026.6.7,阪神,6,未勝利,芝2000m,2026060709030206,6,アリュウ,角田大和,23.3,73.6,21.395,0.721,,,,✅,,,,✅,,,,✅,,,,,,,0.828,0.054,,✅,,,,
2026.6.7,阪神,6,未勝利,芝2000m,2026060709030206,7,ラッキーシグネチャ,古川奈穂,2.4,35.3,1.07,0.841,,,,✅,,,,✅,,,,✅,,,,,,,0.706,0.0,,✅,,,,
2026.6.7,阪神,6,未勝利,芝2000m,2026060709030206,8,アスクウルトラモア,河原田菜,2.4,102.2,3.098,0.739,,,,✅,,,,✅,,,,✅,,,,,,,0.686,0.0,,✅,,,,
2026.6.7,阪神,6,未勝利,芝2000m,2026060709030206,9,シャイニーデイ,森田誠也,2.6,167.2,5.332,0.721,,,,✅,,,,✅,,,,✅,,,,,,,0.686,0.0,,✅,,,,
2026.6.7,阪神,6,未勝利,芝2000m,2026060709030206,10,レイワノキセキ,太宰啓介,24.8,37.5,11.636,0.721,,,★,✅,,,,✅,,,,✅,,,,,,,0.828,0.076,,✅,,,,
2026.6.7,阪神,6,未勝利,芝2000m,2026060709030206,11,ビップヴォルフ,Ｍ．デム,42.4,27.8,14.731,0.721,,,▲,✅,,,,✅,,,,✅,,,,,,,0.868,0.168,✅,✅,,,,
2026.6.7,阪神,6,未勝利,芝2000m,2026060709030206,12,チュオンソン,松本大輝,11.7,61.3,8.981,0.721,,,,✅,,,,✅,,,,✅,,,,,,,0.732,0.025,,✅,,,,
2026.6.7,阪神,6,未勝利,芝2000m,2026060709030206,13,ショウナンアンバー,吉村誠之,2.4,141.5,4.289,0.721,,2走前中止,,✅,,,,✅,,,,✅,,,,,,,0.686,0.0,,✅,,,,
2026.6.7,阪神,6,未勝利,芝2000m,2026060709030206,14,テイクザスローン,高倉稜,21.9,12.6,3.452,0.723,,,,✅,,,,✅,,,,✅,,,,,,,0.825,0.054,,✅,,,,
2026.6.7,阪神,6,未勝利,芝2000m,2026060709030206,15,フレアオブセンス,斎藤新,71.4,6.9,6.161,0.721,,,◯,✅,,,,✅,,,,✅,,,,,,,0.868,0.472,✅,✅,,,,
2026.6.7,阪神,6,未勝利,芝2000m,2026060709030206,16,シェーネエルデ,鮫島克駿,9.7,29.6,3.602,0.721,,,,✅,,,,✅,,,,✅,,,,,,,0.751,0.025,,✅,,,,
2026.6.7,阪神,7,1勝,ダート1800m,2026060709030207,1,ブラックドレス,菱田裕二,5.7,118.9,8.508,0.721,,,,✅,,,,✅,,,,✅,,,,,,,0.715,0.025,,✅,,,,
2026.6.7,阪神,7,1勝,ダート1800m,2026060709030207,2,グロリアス,吉村誠之,15.0,86.4,16.212,0.721,,,,✅,,,,✅,,,,✅,,,,,,,0.776,0.037,,✅,,,,
2026.6.7,阪神,7,1勝,ダート1800m,2026060709030207,3,ルージュビバーチェ,鮫島克駿,23.3,12.1,3.517,0.721,,,★,✅,,,,✅,,,,✅,,,,,,,0.825,0.054,,✅,,,,
2026.6.7,阪神,7,1勝,ダート1800m,2026060709030207,4,クレマチス,田山旺佑,11.2,19.2,2.693,0.757,,,,✅,,,,✅,,,,✅,,,,,,,0.757,0.025,,✅,,,,
2026.6.7,阪神,7,1勝,ダート1800m,2026060709030207,5,リアンドゥクール,西村淳也,25.7,11.8,3.785,0.721,,,△,✅,,,,✅,,,,✅,,,,,,,0.857,0.086,,✅,,,,
2026.6.7,阪神,7,1勝,ダート1800m,2026060709030207,6,オラヴィンリンナ,北村友一,6.6,65.6,5.437,0.721,,,,✅,,,,✅,,,,✅,,,,,,,0.686,0.025,,✅,,,,
2026.6.7,阪神,7,1勝,ダート1800m,2026060709030207,7,コンテナライン,田口貫太,24.8,82.7,25.661,0.721,,,☆,✅,,,,✅,,,,✅,,,,,,,0.745,0.076,,✅,,,,
2026.6.7,阪神,7,1勝,ダート1800m,2026060709030207,8,ケイツーリーブル,坂井瑠星,42.4,2.0,1.06,0.841,,,▲,✅,,,,✅,,,,✅,,,,,,,0.857,0.168,,✅,,,,
2026.6.7,阪神,7,1勝,ダート1800m,2026060709030207,9,クイーンズドリーム,小崎綾也,14.5,40.4,7.344,0.721,,,,✅,,,,✅,,,,✅,,,,,,,0.767,0.037,,✅,,,,
2026.6.7,阪神,7,1勝,ダート1800m,2026060709030207,10,エコロストーム,団野大成,17.4,86.4,18.739,0.721,,,,✅,,,,✅,,,,✅,,,,,,,0.776,0.037,,✅,,,,
2026.6.7,阪神,7,1勝,ダート1800m,2026060709030207,11,ミルボナー,池添謙一,14.5,7.2,1.309,0.835,,,,✅,,,,✅,,,,✅,,,,,,,0.773,0.037,,✅,,,,
2026.6.7,阪神,7,1勝,ダート1800m,2026060709030207,12,ヴェントステラーレ,渡辺竜也,15.0,14.7,2.758,0.754,,,,✅,,,,✅,,,,✅,,,,,,,0.773,0.037,,✅,,,,
2026.6.7,阪神,7,1勝,ダート1800m,2026060709030207,13,ザラタン,柴田裕一,45.9,41.3,23.713,0.721,,,◯,✅,,,,✅,,,,✅,,,,,,,0.777,0.217,,✅,,,,
2026.6.7,阪神,7,1勝,ダート1800m,2026060709030207,14,セレーノ,永島まな,6.6,17.6,1.459,0.819,,,,✅,,,,✅,,,,✅,,,,,,,0.711,0.025,,✅,,,,
2026.6.7,阪神,7,1勝,ダート1800m,2026060709030207,15,ハッピーラブソング,斎藤新,6.6,38.0,3.149,0.737,,,,✅,,,,✅,,,,✅,,,,,,,0.706,0.025,,✅,,,,
2026.6.7,阪神,7,1勝,ダート1800m,2026060709030207,16,アロマフェリス,川田将雅,54.0,6.8,4.594,0.721,,,◎,✅,8-13-16 / 5-13-16 / 7-13-16 / 3-13-16 / 5-8-16 / 7-8-16 / 3-8-16 / 5-7-16 / 3-5-16 / 3-7-16,10000,10,✅,8→13→16 / 8→16→13 / 13→8→16,9600,3,✅,13,6700,13,3200,,0,0.866,0.272,✅,✅,8-13-16,1000,16,9000
2026.6.7,阪神,8,1勝,芝1400m,2026060709030208,1,ニシノサリーナ,池添謙一,11.2,3.6,0.505,0.861,,,,✅,,,,✅,,,,✅,,,,,,,0.757,0.025,,,,,,
2026.6.7,阪神,8,1勝,芝1400m,2026060709030208,2,ゴコウサス,小崎綾也,8.3,60.8,6.298,0.721,,,,✅,,,,✅,,,,✅,,,,,,,0.732,0.025,,,,,,
2026.6.7,阪神,8,1勝,芝1400m,2026060709030208,3,トモジャプレジール,菱田裕二,35.7,24.8,11.071,0.721,,,▲,✅,,,,✅,,,,✅,,,,,,,0.86,0.12,,,,,,
2026.6.7,阪神,8,1勝,芝1400m,2026060709030208,4,オドラニャソンソン,田口貫太,12.1,52.9,8.01,0.721,,,,✅,,,,✅,,,,✅,,,,,,,0.732,0.025,,,,,,
2026.6.7,阪神,8,1勝,芝1400m,2026060709030208,5,グレースジェンヌ,角田大和,6.6,27.0,2.238,0.777,,,,✅,,,,✅,,,,✅,,,,,,,0.706,0.025,,,,,,
2026.6.7,阪神,8,1勝,芝1400m,2026060709030208,6,ダンデノン,北村友一,35.7,5.5,2.455,0.768,,,△,✅,,,,✅,,,,✅,,,,,,,0.857,0.12,,,,,,
2026.6.7,阪神,8,1勝,芝1400m,2026060709030208,7,サリュエ,団野大成,40.2,7.1,3.568,0.721,,,◯,✅,,,,✅,,,,✅,,,,,,,0.866,0.165,✅,,,,,
2026.6.7,阪神,8,1勝,芝1400m,2026060709030208,8,シュネーグロッケン,和田陽希,3.8,11.3,0.534,0.848,,,,✅,,,,✅,,,,✅,,,,,,,0.711,0.0,,,,,,
2026.6.7,阪神,8,1勝,芝1400m,2026060709030208,9,シンヒダカゴールド,酒井学,6.6,27.0,2.238,0.777,,,,✅,,,,✅,,,,✅,,,,,,,0.706,0.025,,,,,,
2026.6.7,阪神,8,1勝,芝1400m,2026060709030208,10,スウィートリワード,浜中俊,8.3,25.8,2.673,0.758,,,,✅,,,,✅,,,,✅,,,,,,,0.751,0.025,,,,,,
2026.6.7,阪神,8,1勝,芝1400m,2026060709030208,11,ムーンウォーリア,渡辺竜也,4.8,32.0,1.916,0.779,,,,✅,,,,✅,,,,✅,,,,,,,0.706,0.0,,,,,,
2026.6.7,阪神,8,1勝,芝1400m,2026060709030208,12,リピ,鮫島克駿,21.0,67.6,17.724,0.721,,,★,✅,,,,✅,,,,✅,,,,,,,0.737,0.037,,,,,,
2026.6.7,阪神,8,1勝,芝1400m,2026060709030208,13,ソルオーブ,松若風馬,2.2,39.2,1.078,0.842,,,,✅,,,,✅,,,,✅,,,,,,,0.851,0.0,,,,,,
2026.6.7,阪神,8,1勝,芝1400m,2026060709030208,14,ワンコールアウェイ,川田将雅,53.4,11.2,7.47,0.721,,,◎,✅,3-7-14 / 6-7-14 / 7-14-16 / 7-12-14 / 3-6-14 / 3-14-16 / 3-12-14 / 6-14-16 / 6-12-14 / 12-14-16,10000,10,✅,7→14→3 / 7→14→6 / 14→7→3,9600,3,✅,14,10000,,0,,0,0.868,0.272,✅,,,0,,0
2026.6.7,阪神,8,1勝,芝1400m,2026060709030208,15,セディバン,松本大輝,7.9,50.7,5.023,0.721,,,,✅,,,,✅,,,,✅,,,,,,,0.751,0.025,,,,,,
2026.6.7,阪神,8,1勝,芝1400m,2026060709030208,16,サンセットゴールド,坂井瑠星,24.8,14.8,4.592,0.721,,,☆,✅,,,,✅,,,,✅,,,,,,,0.825,0.076,,,,,,
2026.6.7,阪神,8,1勝,芝1400m,2026060709030208,17,アスクヴォルテージ,西塚洸二,21.0,11.9,3.12,0.738,,,,✅,,,,✅,,,,✅,,,,,,,0.825,0.037,,,,,,
2026.6.7,阪神,8,1勝,芝1400m,2026060709030208,18,ロンティケチャップ,田山旺佑,3.8,20.6,0.974,0.836,,,,✅,,,,✅,,,,✅,,,,,,,0.857,0.0,,,,,,
2026.6.7,阪神,9,2勝,ダート1400m,2026060709030209,1,ジュルナール,田山旺佑,5.7,4.9,0.351,0.928,,,,✅,,,,✅,,,,,,,,,,,0.711,0.025,,,,,,
2026.6.7,阪神,9,2勝,ダート1400m,2026060709030209,2,ポッドデスペア,中井裕二,6.6,53.8,4.459,0.721,,,,✅,,,,✅,,,,,,,,,,,0.686,0.025,,,,,,
2026.6.7,阪神,9,2勝,ダート1400m,2026060709030209,3,キングツェッペリン,松若風馬,28.9,27.8,10.06,0.721,,,△,✅,,,,✅,,,,,,,,,,,0.86,0.106,,,,,,
2026.6.7,阪神,9,2勝,ダート1400m,2026060709030209,4,リサシテーション,菱田裕二,21.4,7.6,2.035,0.778,,,★,✅,,,,✅,,,,,,,,,,,0.825,0.054,,,,,,
2026.6.7,阪神,9,2勝,ダート1400m,2026060709030209,5,レイワサンサン,鮫島克駿,8.3,71.7,7.427,0.721,,,,✅,,,,✅,,,,,,,,,,,0.686,0.025,,,,,,
2026.6.7,阪神,9,2勝,ダート1400m,2026060709030209,6,コスモストーム,秋山稔樹,42.4,5.7,3.02,0.743,,,◯,✅,,,,✅,,,,,,,,,,,0.866,0.168,✅,,,,,
2026.6.7,阪神,9,2勝,ダート1400m,2026060709030209,7,ハリウッドブルース,渡辺竜也,25.7,20.3,6.512,0.721,,,☆,✅,,,,✅,,,,,,,,,,,0.866,0.086,,,,,,
2026.6.7,阪神,9,2勝,ダート1400m,2026060709030209,8,カナタコナタ,西村淳也,12.1,3.5,0.53,0.85,,,,✅,,,,✅,,,,,,,,,,,0.757,0.025,,,,,,
2026.6.7,阪神,9,2勝,ダート1400m,2026060709030209,9,ハリウッドパーク,富田暁,8.7,62.7,6.837,0.721,,5走前取消,,✅,,,,✅,,,,,,,,,,,0.732,0.025,,,,,,
2026.6.7,阪神,9,2勝,ダート1400m,2026060709030209,10,マイティマイティー,坂井瑠星,47.8,7.2,4.304,0.721,,,◎,✅,6-10-16 / 3-6-10 / 6-7-10 / 4-6-10 / 3-10-16 / 7-10-16 / 4-10-16 / 3-7-10 / 3-4-10 / 4-7-10,10000,10,✅,6→10→16 / 6→16→10 / 10→6→16,9600,3,,,0,,0,,0,0.866,0.217,✅,,,0,,0
2026.6.7,阪神,9,2勝,ダート1400m,2026060709030209,11,ホウオウゴールド,小沢大仁,17.3,47.0,10.177,0.721,,,,✅,,,,✅,,,,,,,,,,,0.767,0.037,,,,,,
2026.6.7,阪神,9,2勝,ダート1400m,2026060709030209,12,マーゴットレーヴ,古川奈穂,4.8,45.6,2.73,0.755,,,,✅,,,,✅,,,,,,,,,,,0.706,0.0,,,,,,
2026.6.7,阪神,9,2勝,ダート1400m,2026060709030209,13,ロードオルデン,酒井学,13.3,26.4,4.397,0.721,,,,✅,,,,✅,,,,,,,,,,,0.767,0.037,,,,,,
2026.6.7,阪神,9,2勝,ダート1400m,2026060709030209,14,ラヴオントップ,吉村誠之,20.0,28.9,7.233,0.721,,,,✅,,,,✅,,,,,,,,,,,0.819,0.037,,,,,,
2026.6.7,阪神,9,2勝,ダート1400m,2026060709030209,15,テラステラ,団野大成,11.2,28.4,3.983,0.721,,,,✅,,,,✅,,,,,,,,,,,0.751,0.025,,,,,,
2026.6.7,阪神,9,2勝,ダート1400m,2026060709030209,16,ポッドドンナー,Ｍ．デム,32.5,25.1,10.212,0.721,,,▲,✅,,,,✅,,,,,,,,,,,0.86,0.12,,,,,,
2026.6.7,阪神,10,2勝,芝1800m,2026060709030210,1,ウインリベラシオン,田口貫太,35.7,7.6,3.393,0.726,,,▲,✅,,,,✅,,,,,,,,,,,0.857,0.12,,,,,,
2026.6.7,阪神,10,2勝,芝1800m,2026060709030210,2,リュキア,国分恭介,11.8,23.6,3.484,0.722,,,,✅,,,,✅,,,,,,,,,,,0.757,0.025,,,,,,
2026.6.7,阪神,10,2勝,芝1800m,2026060709030210,3,ユメハハテシナク,松若風馬,8.7,19.3,2.105,0.778,,,,✅,,,,✅,,,,,,,,,,,0.757,0.025,,,,,,
2026.6.7,阪神,10,2勝,芝1800m,2026060709030210,4,ハイディージェン,西塚洸二,21.9,14.6,4.0,0.721,,4走前中止,★,✅,,,,✅,,,,,,,,,,,0.825,0.054,,,,,,
2026.6.7,阪神,10,2勝,芝1800m,2026060709030210,5,ジョイエッロ,川田将雅,83.3,1.8,1.875,0.779,,,◎,✅,1-5-6 / 5-6-8 / 5-6-9 / 4-5-6 / 1-5-8 / 1-5-9 / 1-4-5 / 5-8-9 / 4-5-8 / 4-5-9,10000,10,✅,5→6→8 / 6→5→8 / 6→5→9,9600,3,,,0,,0,,0,0.868,0.716,✅,,,0,,0
2026.6.7,阪神,10,2勝,芝1800m,2026060709030210,6,エバーグルーヴ,西村淳也,71.4,5.5,4.911,0.721,,,◯,✅,,,,✅,,,,,,,,,,,0.868,0.472,,,,,,
2026.6.7,阪神,10,2勝,芝1800m,2026060709030210,7,ラーテル,城戸義政,8.3,52.1,5.397,0.721,,,,✅,,,,✅,,,,,,,,,,,0.732,0.025,,,,,,
2026.6.7,阪神,10,2勝,芝1800m,2026060709030210,8,ヤマニンガラッシア,坂井瑠星,24.8,6.9,2.141,0.778,,,△,✅,,,,✅,,,,,,,,,,,0.825,0.076,,,,,,
2026.6.7,阪神,10,2勝,芝1800m,2026060709030210,9,ツーエムクロノス,酒井学,24.8,14.4,4.468,0.721,,,☆,✅,,,,✅,,,,,,,,,,,0.825,0.076,,,,,,
2026.6.7,阪神,11,ｵｰﾌﾟﾝ,ダート1200m,2026060709030211,1,ムーヴ,坂井瑠星,20.0,21.8,5.456,0.721,,,,✅,,,,✅,,,,,,,,,,,0.825,0.037,,,,,,
2026.6.7,阪神,11,ｵｰﾌﾟﾝ,ダート1200m,2026060709030211,2,マルモリスペシャル,西塚洸二,35.7,87.1,38.884,0.721,,,▲,✅,,,,✅,,,,,,,,,,,0.777,0.12,,,,,,
2026.6.7,阪神,11,ｵｰﾌﾟﾝ,ダート1200m,2026060709030211,3,プレゼンティーア,松本大輝,8.3,8.7,0.901,0.832,,,,✅,,,,✅,,,,,,,,,,,0.711,0.025,,,,,,
2026.6.7,阪神,11,ｵｰﾌﾟﾝ,ダート1200m,2026060709030211,4,フリームファクシ,酒井学,6.6,12.0,0.995,0.837,,,,✅,,,,✅,,,,,,,,,,,0.711,0.025,,,,,,
2026.6.7,阪神,11,ｵｰﾌﾟﾝ,ダート1200m,2026060709030211,5,ショウナンアビアス,池添謙一,45.9,15.9,9.129,0.721,,,◯,✅,,,,✅,,,,,,,,,,,0.868,0.217,,,,,,
2026.6.7,阪神,11,ｵｰﾌﾟﾝ,ダート1200m,2026060709030211,6,アンズアメ,川田将雅,35.7,2.9,1.295,0.835,,,△,✅,,,,✅,,,,,,,,,,,0.857,0.12,,,,,,
2026.6.7,阪神,11,ｵｰﾌﾟﾝ,ダート1200m,2026060709030211,7,スマートフォルス,鮫島克駿,15.0,28.7,5.385,0.721,,,,✅,,,,✅,,,,,,,,,,,0.767,0.037,,,,,,
2026.6.7,阪神,11,ｵｰﾌﾟﾝ,ダート1200m,2026060709030211,8,クロジシジョー,菱田裕二,29.6,27.8,10.282,0.721,,,★,✅,,,,✅,,,,,,,,,,,0.86,0.106,,,,,,
2026.6.7,阪神,11,ｵｰﾌﾟﾝ,ダート1200m,2026060709030211,9,ケイアイドリー,松若風馬,17.9,38.3,8.547,0.721,,3走前取消,,✅,,,,✅,,,,,,,,,,,0.819,0.037,,,,,,
2026.6.7,阪神,11,ｵｰﾌﾟﾝ,ダート1200m,2026060709030211,10,リジル,渡辺竜也,33.7,22.8,9.612,0.721,,,☆,✅,,,,✅,,,,,,,,,,,0.866,0.12,✅,,,,,
2026.6.7,阪神,11,ｵｰﾌﾟﾝ,ダート1200m,2026060709030211,11,アガシ,田口貫太,24.8,25.0,7.757,0.721,,,,✅,,,,✅,,,,,,,,,,,0.828,0.076,,,,,,
2026.6.7,阪神,11,ｵｰﾌﾟﾝ,ダート1200m,2026060709030211,12,ロードフロンティア,川須栄彦,3.8,107.0,5.06,0.721,,,,✅,,,,✅,,,,,,,,,,,0.686,0.0,,,,,,
2026.6.7,阪神,11,ｵｰﾌﾟﾝ,ダート1200m,2026060709030211,13,ペプチドヤマト,高倉稜,25.7,29.0,9.303,0.721,,,,✅,,,,✅,,,,,,,,,,,0.86,0.086,,,,,,
2026.6.7,阪神,11,ｵｰﾌﾟﾝ,ダート1200m,2026060709030211,14,サンライズアムール,斎藤新,21.9,9.8,2.685,0.758,,,,✅,,,,✅,,,,,,,,,,,0.825,0.054,,,,,,
2026.6.7,阪神,11,ｵｰﾌﾟﾝ,ダート1200m,2026060709030211,15,コンクイスタ,西村淳也,54.0,4.1,2.77,0.754,,,◎,✅,2-5-15 / 5-6-15 / 5-10-15 / 5-8-15 / 2-6-15 / 2-10-15 / 2-8-15 / 6-10-15 / 6-8-15 / 8-10-15,10000,10,✅,5→15→2 / 5→15→6 / 15→5→2,9600,3,,,0,,0,,0,0.866,0.272,✅,,,0,,0
2026.6.7,阪神,11,ｵｰﾌﾟﾝ,ダート1200m,2026060709030211,16,ジュンウィンダム,国分優作,11.2,45.1,6.326,0.721,,,,✅,,,,✅,,,,,,,,,,,0.706,0.025,,,,,,
2026.6.7,阪神,12,1勝,ダート1800m,2026060709030212,1,ガーデンカメリア,川端海翼,11.8,98.2,14.497,0.721,,,,✅,,,,✅,,,,,,,,,,,0.732,0.025,,✅,,,,
2026.6.7,阪神,12,1勝,ダート1800m,2026060709030212,2,ココロヅヨサ,浜中俊,21.4,26.3,7.043,0.721,,,,✅,,,,✅,,,,,,,,,,,0.819,0.054,,✅,,,,
2026.6.7,阪神,12,1勝,ダート1800m,2026060709030212,3,チェリヴェント,吉村誠之,53.4,9.1,6.07,0.721,,,◎,✅,3-10-12 / 3-7-12 / 3-8-12 / 3-11-12 / 3-7-10 / 3-8-10 / 3-10-11 / 3-7-8 / 3-7-11 / 3-8-11,10000,10,✅,3→12→7 / 3→12→10 / 12→3→7,9600,3,,,0,,0,,0,0.868,0.272,✅,✅,3-10-12,1000,3,9000
2026.6.7,阪神,12,1勝,ダート1800m,2026060709030212,4,アーサーバローズ,渡辺竜也,8.3,62.2,6.443,0.721,,,,✅,,,,✅,,,,,,,,,,,0.732,0.025,,✅,,,,
2026.6.7,阪神,12,1勝,ダート1800m,2026060709030212,5,グロリアスグレイス,和田陽希,15.0,50.0,9.382,0.721,,,,✅,,,,✅,,,,,,,,,,,0.767,0.037,,✅,,,,
2026.6.7,阪神,12,1勝,ダート1800m,2026060709030212,6,フラワームーン,小沢大仁,6.6,67.2,5.57,0.721,,,,✅,,,,✅,,,,,,,,,,,0.732,0.025,,✅,,,,
2026.6.7,阪神,12,1勝,ダート1800m,2026060709030212,7,オーレアミスト,Ｍ．デム,28.9,23.6,8.54,0.721,,,△,✅,,,,✅,,,,,,,,,,,0.866,0.106,,✅,,,,
2026.6.7,阪神,12,1勝,ダート1800m,2026060709030212,8,バートラガッツ,北村友一,26.8,4.5,1.505,0.812,,,☆,✅,,,,✅,,,,,,,,,,,0.857,0.086,,✅,,,,
2026.6.7,阪神,12,1勝,ダート1800m,2026060709030212,9,ブレスドナイル,斎藤新,21.0,98.2,25.747,0.721,,,,✅,,,,✅,,,,,,,,,,,0.828,0.037,,✅,,,,
2026.6.7,阪神,12,1勝,ダート1800m,2026060709030212,10,ガウラディスコ,鮫島克駿,29.6,1.6,0.592,0.823,,,▲,✅,,,,✅,,,,,,,,,,,0.857,0.106,,✅,,,,
2026.6.7,阪神,12,1勝,ダート1800m,2026060709030212,11,ウルフ,松本大輝,21.9,11.2,3.069,0.74,,,★,✅,,,,✅,,,,,,,,,,,0.825,0.054,,✅,,,,
2026.6.7,阪神,12,1勝,ダート1800m,2026060709030212,12,メイショウコナン,団野大成,40.5,17.8,9.019,0.721,,,◯,✅,,,,✅,,,,,,,,,,,0.868,0.165,✅,✅,,,,
