race_id,日付,場所,距離,芝ダ,クラス,馬券種,買い目,推定的中確率,推定オッズ,推定期待値,購入額,実配当(100円),実オッズ,的中,実払戻額,収支,date,曜日,土日,R数,週末10R
2024010606010109,20240106,中山,2200,芝,3勝,三連複,6-2-1,0.5069,1.5,0.76,10000,0,0.0,0,0,-10000,2024-01-06,5,True,12,True
2024010608010109,20240106,京都,1400,ダ,3勝,三連複,1-6-11,0.3279,2.3,0.754,10000,0,0.0,0,0,-10000,2024-01-06,5,True,12,True
2024010708010210,20240107,京都,1400,芝,3勝,三連複,2-1-5,0.3278,2.3,0.754,10000,0,0.0,0,0,-10000,2024-01-07,6,True,12,True
2024011306010410,20240113,中山,1200,ダ,3勝,三連複,6-15-11,0.2768,2.7,0.747,10000,0,0.0,0,0,-10000,2024-01-13,5,True,12,True
2024011406010509,20240114,中山,1200,芝,3勝,三連複,6-2-11,0.2877,2.6,0.748,10000,0,0.0,0,0,-10000,2024-01-14,6,True,12,True
2024011408010510,20240114,京都,1800,ダ,3勝,三連複,5-3-2,0.3121,2.4,0.749,10000,0,0.0,0,0,-10000,2024-01-14,6,True,12,True
2024011410010210,20240114,小倉,1800,芝,3勝,三連複,8-7-5,0.2783,2.7,0.751,10000,0,0.0,0,0,-10000,2024-01-14,6,True,12,True
2024012006010611,20240120,中山,2000,芝,3勝,三連複,10-9-8,0.3335,2.2,0.734,10000,0,0.0,0,0,-10000,2024-01-20,5,True,12,True
2024012008010611,20240120,京都,1600,芝,3勝,三連複,14-8-1,0.3333,2.2,0.733,10000,0,0.0,0,0,-10000,2024-01-20,5,True,12,True
2024012106010710,20240121,中山,1800,ダ,3勝,三連複,3-2-14,0.2399,3.1,0.744,10000,0,0.0,0,0,-10000,2024-01-21,6,True,12,True
2024012108010710,20240121,京都,1200,ダ,3勝,三連複,13-9-10,0.2866,2.6,0.745,10000,0,0.0,0,0,-10000,2024-01-21,6,True,12,True
2024012110010411,20240121,小倉,1700,ダ,3勝,三連複,15-16-10,0.2803,2.7,0.757,10000,0,0.0,0,0,-10000,2024-01-21,6,True,12,True
2024012705010109,20240127,東京,1400,ダ,3勝,三連複,7-16-3,0.2779,2.7,0.75,10000,0,0.0,0,0,-10000,2024-01-27,5,True,12,True
2024012708020111,20240127,京都,1900,ダ,3勝,三連複,6-7-8,0.3659,2.0,0.732,10000,0,0.0,0,0,-10000,2024-01-27,5,True,12,True
2024012805010210,20240128,東京,1600,芝,3勝,三連複,5-14-11,0.3071,2.4,0.737,10000,0,0.0,0,0,-10000,2024-01-28,6,True,12,True
2024012808020210,20240128,京都,2200,芝,3勝,三連複,8-1-2,0.3177,2.4,0.762,10000,0,0.0,0,0,-10000,2024-01-28,6,True,12,True
2024012810010611,20240128,小倉,1200,芝,3勝,三連複,11-6-12,0.2501,3.0,0.75,10000,0,0.0,0,0,-10000,2024-01-28,6,True,12,True
2024020305010311,20240203,東京,2400,芝,3勝,三連複,4-9-11,0.4183,1.8,0.753,10000,0,0.0,0,0,-10000,2024-02-03,5,True,12,True
2024020308020309,20240203,京都,1200,ダ,3勝,三連複,12-8-2,0.2753,2.7,0.743,10000,1710,17.1,1,171000,161000,2024-02-03,5,True,12,True
2024020405010410,20240204,東京,1600,ダ,3勝,三連複,5-6-14,0.2823,2.7,0.762,10000,2020,20.2,1,202000,192000,2024-02-04,6,True,12,True
2024020408020409,20240204,京都,1400,芝,3勝,三連複,7-3-4,0.3562,2.1,0.748,10000,0,0.0,0,0,-10000,2024-02-04,6,True,12,True
2024021005010510,20240210,東京,1400,芝,3勝,三連複,3-14-11,0.2867,2.6,0.745,10000,0,0.0,0,0,-10000,2024-02-10,5,True,12,True
2024021008020510,20240210,京都,2000,芝,3勝,三連複,11-1-6,0.377,2.0,0.754,10000,0,0.0,0,0,-10000,2024-02-10,5,True,12,True
2024021105010609,20240211,東京,1800,芝,3勝,三連複,12-1-10,0.3412,2.2,0.751,10000,0,0.0,0,0,-10000,2024-02-11,6,True,12,True
2024021108020610,20240211,京都,1800,ダ,3勝,三連複,14-8-12,0.273,2.7,0.737,10000,0,0.0,0,0,-10000,2024-02-11,6,True,12,True
2024021705010710,20240217,東京,2100,ダ,3勝,三連複,8-9-13,0.3116,2.4,0.748,10000,0,0.0,0,0,-10000,2024-02-17,5,True,12,True
2024021708020710,20240217,京都,1400,ダ,3勝,三連複,3-2-15,0.2819,2.7,0.761,10000,0,0.0,0,0,-10000,2024-02-17,5,True,12,True
2024021710020311,20240217,小倉,1700,ダ,3勝,三連複,6-5-1,0.297,2.5,0.742,10000,0,0.0,0,0,-10000,2024-02-17,5,True,12,True
2024021805010810,20240218,東京,2000,芝,3勝,三連複,9-4-8,0.4258,1.8,0.766,10000,540,5.4,1,54000,44000,2024-02-18,6,True,12,True
2024021808020810,20240218,京都,1600,芝,3勝,三連複,4-11-3,0.3911,1.9,0.743,10000,630,6.3,1,63000,53000,2024-02-18,6,True,12,True
2024022406020111,20240224,中山,1600,芝,3勝,三連複,5-11-2,0.3443,2.2,0.757,10000,0,0.0,0,0,-10000,2024-02-24,5,True,12,True
2024022409010110,20240224,阪神,1800,ダ,3勝,三連複,7-12-5,0.3123,2.4,0.75,10000,0,0.0,0,0,-10000,2024-02-24,5,True,12,True
2024022506020210,20240225,中山,1200,ダ,3勝,三連複,16-12-13,0.2779,2.7,0.75,10000,0,0.0,0,0,-10000,2024-02-25,6,True,12,True
2024022509010209,20240225,阪神,3000,芝,3勝,三連複,5-11-3,0.3513,2.1,0.738,10000,0,0.0,0,0,-10000,2024-02-25,6,True,12,True
2024022510020611,20240225,小倉,1200,芝,3勝,三連複,3-11-16,0.2719,2.8,0.761,10000,0,0.0,0,0,-10000,2024-02-25,6,True,12,True
2024030206020310,20240302,中山,1800,ダ,3勝,三連複,13-2-11,0.3719,2.0,0.744,10000,0,0.0,0,0,-10000,2024-03-02,5,True,12,True
2024030209010310,20240302,阪神,1200,ダ,3勝,三連複,8-3-6,0.3014,2.5,0.753,10000,0,0.0,0,0,-10000,2024-03-02,5,True,12,True
2024030306020409,20240303,中山,2200,芝,3勝,三連複,3-1-14,0.328,2.3,0.754,10000,0,0.0,0,0,-10000,2024-03-03,6,True,12,True
2024030309010410,20240303,阪神,1400,芝,3勝,三連複,9-2-7,0.2953,2.5,0.738,10000,0,0.0,0,0,-10000,2024-03-03,6,True,12,True
2024030310020811,20240303,小倉,2000,芝,3勝,三連複,4-7-3,0.2991,2.5,0.748,10000,0,0.0,0,0,-10000,2024-03-03,6,True,12,True
2024030906020510,20240309,中山,1200,芝,3勝,三連複,4-10-9,0.263,2.9,0.763,10000,0,0.0,0,0,-10000,2024-03-09,5,True,12,True
2024030907010111,20240309,中京,1400,ダ,3勝,三連複,2-1-12,0.3379,2.2,0.743,10000,0,0.0,0,0,-10000,2024-03-09,5,True,12,True
2024030909010510,20240309,阪神,1800,芝,3勝,三連複,7-5-2,0.4236,1.8,0.763,10000,0,0.0,0,0,-10000,2024-03-09,5,True,12,True
2024031009010610,20240310,阪神,2000,ダ,3勝,三連複,4-5-3,0.2962,2.5,0.74,10000,0,0.0,0,0,-10000,2024-03-10,6,True,12,True
2024031606020710,20240316,中山,1800,ダ,3勝,三連複,9-5-14,0.2768,2.7,0.747,10000,0,0.0,0,0,-10000,2024-03-16,5,True,12,True
2024031607010310,20240316,中京,1600,芝,3勝,三連複,12-11-14,0.2611,2.9,0.757,10000,0,0.0,0,0,-10000,2024-03-16,5,True,12,True
2024031609010710,20240316,阪神,1200,芝,3勝,三連複,3-14-13,0.2698,2.8,0.755,10000,0,0.0,0,0,-10000,2024-03-16,5,True,12,True
2024031706020809,20240317,中山,1800,芝,3勝,三連複,1-16-8,0.2637,2.8,0.738,10000,0,0.0,0,0,-10000,2024-03-17,6,True,12,True
2024031709010810,20240317,阪神,1400,ダ,3勝,三連複,7-4-8,0.3837,2.0,0.767,10000,0,0.0,0,0,-10000,2024-03-17,6,True,12,True
2024032306030109,20240323,中山,1200,ダ,3勝,三連複,14-7-2,0.2525,3.0,0.757,10000,0,0.0,0,0,-10000,2024-03-23,5,True,12,True
2024032307010511,20240323,中京,1900,ダ,3勝,三連複,7-10-13,0.3074,2.4,0.738,10000,0,0.0,0,0,-10000,2024-03-23,5,True,12,True
2024032406030210,20240324,中山,1600,芝,3勝,三連複,8-7-12,0.3269,2.3,0.752,10000,0,0.0,0,0,-10000,2024-03-24,6,True,12,True
2024032409020210,20240324,阪神,2400,芝,3勝,三連複,2-5-4,0.4797,1.6,0.767,10000,0,0.0,0,0,-10000,2024-03-24,6,True,12,True
2024033106030410,20240331,中山,1800,ダ,3勝,三連複,12-7-4,0.2698,2.8,0.756,10000,0,0.0,0,0,-10000,2024-03-31,6,True,12,True
2024033106030411,20240331,中山,2000,芝,3勝,三連複,8-9-3,0.3097,2.4,0.743,10000,0,0.0,0,0,-10000,2024-03-31,6,True,12,True
2024033109020410,20240331,阪神,1400,芝,3勝,三連複,2-5-12,0.3044,2.5,0.761,10000,0,0.0,0,0,-10000,2024-03-31,6,True,12,True
2024033109020412,20240331,阪神,1200,ダ,3勝,三連複,5-16-8,0.2842,2.6,0.739,10000,0,0.0,0,0,-10000,2024-03-31,6,True,12,True
2024040606030510,20240406,中山,1200,芝,3勝,三連複,2-15-13,0.2716,2.8,0.76,10000,0,0.0,0,0,-10000,2024-04-06,5,True,12,True
2024040703010210,20240407,福島,1150,ダ,3勝,三連複,6-7-9,0.2715,2.8,0.76,10000,0,0.0,0,0,-10000,2024-04-07,6,True,12,True
2024040709020610,20240407,阪神,2000,芝,3勝,三連複,8-12-11,0.2513,3.0,0.754,10000,0,0.0,0,0,-10000,2024-04-07,6,True,12,True
2024040709020612,20240407,阪神,1800,ダ,3勝,三連複,10-4-11,0.3292,2.3,0.757,10000,0,0.0,0,0,-10000,2024-04-07,6,True,12,True
2024041306030710,20240413,中山,1800,ダ,3勝,三連複,2-9-1,0.3132,2.4,0.752,10000,0,0.0,0,0,-10000,2024-04-13,5,True,12,True
2024041309020710,20240413,阪神,1400,ダ,3勝,三連複,13-9-6,0.2915,2.6,0.758,10000,0,0.0,0,0,-10000,2024-04-13,5,True,12,True
2024041406030810,20240414,中山,2500,芝,3勝,三連複,4-3-10,0.3275,2.3,0.753,10000,0,0.0,0,0,-10000,2024-04-14,6,True,12,True
2024041409020810,20240414,阪神,1600,芝,3勝,三連複,9-10-1,0.4088,1.8,0.736,10000,0,0.0,0,0,-10000,2024-04-14,6,True,12,True
2024042005020110,20240420,東京,1400,芝,3勝,三連複,7-6-16,0.2668,2.8,0.747,10000,0,0.0,0,0,-10000,2024-04-20,5,True,12,True
2024042008030110,20240420,京都,1900,ダ,3勝,三連複,5-1-3,0.3339,2.2,0.734,10000,0,0.0,0,0,-10000,2024-04-20,5,True,12,True
2024042105020210,20240421,東京,1400,ダ,3勝,三連複,2-13-9,0.3001,2.5,0.75,10000,0,0.0,0,0,-10000,2024-04-21,6,True,12,True
2024042108030210,20240421,京都,1800,芝,3勝,三連複,6-3-7,0.4088,1.8,0.736,10000,930,9.3,1,93000,83000,2024-04-21,6,True,12,True
2024042704010111,20240427,新潟,1800,ダ,3勝,三連複,6-1-13,0.2888,2.6,0.751,10000,0,0.0,0,0,-10000,2024-04-27,5,True,12,True
2024042705020309,20240427,東京,2100,ダ,3勝,三連複,7-12-13,0.2962,2.5,0.74,10000,850,8.5,1,85000,75000,2024-04-27,5,True,12,True
2024042705020310,20240427,東京,2000,芝,3勝,三連複,6-5-10,0.3035,2.5,0.759,10000,0,0.0,0,0,-10000,2024-04-27,5,True,12,True
2024042808030410,20240428,京都,1200,芝,3勝,三連複,5-1-4,0.243,3.1,0.753,10000,0,0.0,0,0,-10000,2024-04-28,6,True,12,True
2024042808030412,20240428,京都,1200,ダ,3勝,三連複,15-2-12,0.2694,2.8,0.754,10000,0,0.0,0,0,-10000,2024-04-28,6,True,12,True
2024050504010410,20240505,新潟,1000,芝,3勝,三連複,15-3-16,0.2862,2.6,0.744,10000,0,0.0,0,0,-10000,2024-05-05,6,True,12,True
2024050505020609,20240505,東京,1600,芝,3勝,三連複,4-9-2,0.3021,2.5,0.755,10000,0,0.0,0,0,-10000,2024-05-05,6,True,12,True
2024050505020610,20240505,東京,1600,ダ,3勝,三連複,15-6-1,0.2955,2.5,0.739,10000,0,0.0,0,0,-10000,2024-05-05,6,True,12,True
2024050508030609,20240505,京都,2400,芝,3勝,三連複,1-2-4,0.3902,1.9,0.741,10000,0,0.0,0,0,-10000,2024-05-05,6,True,12,True
2024051105020710,20240511,東京,2400,芝,3勝,三連複,9-2-8,0.3577,2.1,0.751,10000,0,0.0,0,0,-10000,2024-05-11,5,True,12,True
2024051108030710,20240511,京都,1800,ダ,3勝,三連複,13-14-7,0.3106,2.4,0.745,10000,0,0.0,0,0,-10000,2024-05-11,5,True,12,True
2024051204010611,20240512,新潟,1800,芝,3勝,三連複,5-3-16,0.2703,2.8,0.757,10000,0,0.0,0,0,-10000,2024-05-12,6,True,12,True
2024051205020812,20240512,東京,1400,ダ,3勝,三連複,13-10-12,0.2417,3.1,0.749,10000,0,0.0,0,0,-10000,2024-05-12,6,True,12,True
2024051208030810,20240512,京都,1600,芝,3勝,三連複,3-13-9,0.3791,2.0,0.758,10000,0,0.0,0,0,-10000,2024-05-12,6,True,12,True
2024051905021009,20240519,東京,1400,芝,3勝,三連複,9-8-12,0.3275,2.3,0.753,10000,0,0.0,0,0,-10000,2024-05-19,6,True,12,True
2024051905021010,20240519,東京,2100,ダ,3勝,三連複,2-6-5,0.3176,2.4,0.762,10000,910,9.1,1,91000,81000,2024-05-19,6,True,12,True
2024051908031010,20240519,京都,2000,芝,3勝,三連複,6-11-4,0.3337,2.2,0.734,10000,0,0.0,0,0,-10000,2024-05-19,6,True,12,True
2024051908031011,20240519,京都,1400,ダ,3勝,三連複,9-15-14,0.2803,2.7,0.757,10000,0,0.0,0,0,-10000,2024-05-19,6,True,12,True
2024052508031110,20240525,京都,1900,ダ,3勝,三連複,12-4-7,0.2644,2.8,0.74,10000,0,0.0,0,0,-10000,2024-05-25,5,True,12,True
2024052605021209,20240526,東京,1800,芝,3勝,三連複,10-1-6,0.3921,1.9,0.745,10000,0,0.0,0,0,-10000,2024-05-26,6,True,12,True
2024052605021210,20240526,東京,1600,ダ,3勝,三連複,14-3-10,0.2756,2.7,0.744,10000,0,0.0,0,0,-10000,2024-05-26,6,True,12,True
2024052608031212,20240526,京都,1400,芝,3勝,三連複,7-13-1,0.2684,2.8,0.751,10000,0,0.0,0,0,-10000,2024-05-26,6,True,12,True
2024060205030210,20240602,東京,1400,ダ,3勝,三連複,13-1-11,0.2718,2.8,0.761,10000,0,0.0,0,0,-10000,2024-06-02,6,True,12,True
2024060208040210,20240602,京都,2000,芝,3勝,三連複,3-9-12,0.3087,2.4,0.741,10000,0,0.0,0,0,-10000,2024-06-02,6,True,12,True
2024060805030311,20240608,東京,2400,芝,3勝,三連複,8-1-9,0.3048,2.5,0.762,10000,0,0.0,0,0,-10000,2024-06-08,5,True,12,True
2024060808040311,20240608,京都,1600,芝,3勝,三連複,1-10-7,0.4279,1.8,0.77,10000,0,0.0,0,0,-10000,2024-06-08,5,True,12,True
2024060905030410,20240609,東京,1600,ダ,3勝,三連複,6-3-16,0.2961,2.5,0.74,10000,0,0.0,0,0,-10000,2024-06-09,6,True,12,True
2024060908040410,20240609,京都,1200,ダ,3勝,三連複,9-14-16,0.3098,2.4,0.743,10000,0,0.0,0,0,-10000,2024-06-09,6,True,12,True
2024061505030511,20240615,東京,1400,芝,3勝,三連複,11-3-9,0.3202,2.3,0.736,10000,0,0.0,0,0,-10000,2024-06-15,5,True,12,True
2024061508040510,20240615,京都,2200,芝,3勝,三連複,4-9-1,0.29,2.6,0.754,10000,0,0.0,0,0,-10000,2024-06-15,5,True,12,True
2024061602010411,20240616,函館,1200,芝,3勝,三連複,9-13-11,0.2891,2.6,0.752,10000,0,0.0,0,0,-10000,2024-06-16,6,True,12,True
2024061608040610,20240616,京都,1800,ダ,3勝,三連複,10-15-9,0.2812,2.7,0.759,10000,0,0.0,0,0,-10000,2024-06-16,6,True,12,True
2024062205030711,20240622,東京,1800,芝,3勝,三連複,7-5-8,0.2946,2.5,0.737,10000,0,0.0,0,0,-10000,2024-06-22,5,True,12,True
2024062208040710,20240622,京都,1400,芝,3勝,三連複,5-7-14,0.267,2.8,0.747,10000,3270,32.7,1,327000,317000,2024-06-22,5,True,12,True
2024062305030810,20240623,東京,1600,ダ,3勝,三連複,13-5-2,0.2951,2.5,0.738,10000,0,0.0,0,0,-10000,2024-06-23,6,True,12,True
2024062308040810,20240623,京都,1400,ダ,3勝,三連複,13-11-6,0.2386,3.1,0.74,10000,0,0.0,0,0,-10000,2024-06-23,6,True,12,True
2024062902010711,20240629,函館,1200,芝,3勝,三連複,7-14-3,0.2471,3.0,0.741,10000,0,0.0,0,0,-10000,2024-06-29,5,True,12,True
2024062903020111,20240629,福島,1200,芝,3勝,三連複,3-9-7,0.283,2.7,0.764,10000,0,0.0,0,0,-10000,2024-06-29,5,True,12,True
2024062910030111,20240629,小倉,1800,芝,3勝,三連複,4-2-12,0.3259,2.3,0.75,10000,0,0.0,0,0,-10000,2024-06-29,5,True,12,True
2024063010030210,20240630,小倉,1700,ダ,3勝,三連複,14-2-7,0.3316,2.3,0.763,10000,0,0.0,0,0,-10000,2024-06-30,6,True,12,True
2024070603020311,20240706,福島,1700,ダ,3勝,三連複,14-5-7,0.309,2.4,0.742,10000,0,0.0,0,0,-10000,2024-07-06,5,True,12,True
2024070610030311,20240706,小倉,1000,ダ,3勝,三連複,5-7-11,0.3679,2.0,0.736,10000,0,0.0,0,0,-10000,2024-07-06,5,True,12,True
2024070702011011,20240707,函館,1800,芝,3勝,三連複,10-3-9,0.2885,2.6,0.75,10000,0,0.0,0,0,-10000,2024-07-07,6,True,12,True
2024071310030511,20240713,小倉,1700,ダ,3勝,三連複,1-10-8,0.2891,2.6,0.752,10000,0,0.0,0,0,-10000,2024-07-13,5,True,12,True
2024071403020610,20240714,福島,2000,芝,3勝,三連複,14-2-1,0.3106,2.4,0.745,10000,7190,71.9,1,719000,709000,2024-07-14,6,True,12,True
2024071410030611,20240714,小倉,1200,芝,3勝,三連複,8-13-2,0.2589,2.9,0.751,10000,0,0.0,0,0,-10000,2024-07-14,6,True,12,True
2024072001010111,20240720,札幌,1200,芝,3勝,三連複,3-16-8,0.2641,2.8,0.739,10000,0,0.0,0,0,-10000,2024-07-20,5,True,12,True
2024072003020711,20240720,福島,1150,ダ,3勝,三連複,7-1-9,0.2779,2.7,0.75,10000,0,0.0,0,0,-10000,2024-07-20,5,True,12,True
2024072010030711,20240720,小倉,2000,芝,3勝,三連複,7-10-4,0.3722,2.0,0.744,10000,0,0.0,0,0,-10000,2024-07-20,5,True,12,True
2024072701010311,20240727,札幌,2000,芝,3勝,三連複,7-1-4,0.279,2.7,0.753,10000,0,0.0,0,0,-10000,2024-07-27,5,True,12,True
2024072801010410,20240728,札幌,1700,ダ,3勝,三連複,5-1-3,0.3863,1.9,0.734,10000,0,0.0,0,0,-10000,2024-07-28,6,True,12,True
2024072804020206,20240728,新潟,1400,芝,3勝,三連複,3-17-10,0.2655,2.8,0.743,10000,0,0.0,0,0,-10000,2024-07-28,6,True,12,True
2024080304020306,20240803,新潟,1800,ダ,3勝,三連複,9-13-3,0.3084,2.4,0.74,10000,0,0.0,0,0,-10000,2024-08-03,5,True,12,True
2024080304020307,20240803,新潟,1800,芝,3勝,三連複,10-6-1,0.2612,2.9,0.758,10000,0,0.0,0,0,-10000,2024-08-03,5,True,12,True
2024081001020111,20240810,札幌,1700,ダ,3勝,三連複,7-5-8,0.3156,2.4,0.757,10000,0,0.0,0,0,-10000,2024-08-10,5,True,12,True
2024081007020111,20240810,中京,2000,芝,3勝,三連複,6-1-4,0.5038,1.5,0.756,10000,0,0.0,0,0,-10000,2024-08-10,5,True,12,True
2024081104030210,20240811,新潟,1000,芝,3勝,三連複,16-3-14,0.2479,3.0,0.744,10000,0,0.0,0,0,-10000,2024-08-11,6,True,12,True
2024081107020210,20240811,中京,1800,ダ,3勝,三連複,7-9-3,0.4103,1.8,0.739,10000,0,0.0,0,0,-10000,2024-08-11,6,True,12,True
2024081704030310,20240817,新潟,1200,ダ,3勝,三連複,5-13-14,0.3105,2.4,0.745,10000,0,0.0,0,0,-10000,2024-08-17,5,True,12,True
2024081704030311,20240817,新潟,2200,芝,3勝,三連複,9-4-3,0.42,1.8,0.756,10000,0,0.0,0,0,-10000,2024-08-17,5,True,12,True
2024081707020311,20240817,中京,1400,芝,3勝,三連複,8-12-7,0.3149,2.4,0.756,10000,0,0.0,0,0,-10000,2024-08-17,5,True,12,True
2024082401020511,20240824,札幌,2000,芝,3勝,三連複,3-6-4,0.3055,2.5,0.764,10000,0,0.0,0,0,-10000,2024-08-24,5,True,12,True
2024082407020511,20240824,中京,1900,ダ,3勝,三連複,7-15-5,0.3028,2.5,0.757,10000,0,0.0,0,0,-10000,2024-08-24,5,True,12,True
2024082504030610,20240825,新潟,1600,芝,3勝,三連複,12-6-10,0.3044,2.5,0.761,10000,0,0.0,0,0,-10000,2024-08-25,6,True,11,True
2024083101020710,20240831,札幌,1500,芝,3勝,三連複,12-6-14,0.3178,2.4,0.763,10000,0,0.0,0,0,-10000,2024-08-31,5,True,12,True
2024083104030711,20240831,新潟,1800,ダ,3勝,三連複,2-9-8,0.3707,2.0,0.741,10000,0,0.0,0,0,-10000,2024-08-31,5,True,12,True
2024083107020711,20240831,中京,1200,芝,3勝,三連複,11-9-12,0.2766,2.7,0.747,10000,0,0.0,0,0,-10000,2024-08-31,5,True,12,True
2024090107020810,20240901,中京,1400,ダ,3勝,三連複,10-4-2,0.2649,2.8,0.742,10000,0,0.0,0,0,-10000,2024-09-01,6,True,12,True
2024090707030110,20240907,中京,2200,芝,3勝,三連複,5-4-6,0.3073,2.4,0.738,10000,0,0.0,0,0,-10000,2024-09-07,5,True,12,True
2024090806040210,20240908,中山,1200,芝,3勝,三連複,1-8-7,0.3506,2.1,0.736,10000,0,0.0,0,0,-10000,2024-09-08,6,True,12,True
2024090807030210,20240908,中京,1200,ダ,3勝,三連複,12-1-9,0.2866,2.6,0.745,10000,0,0.0,0,0,-10000,2024-09-08,6,True,12,True
2024091406040311,20240914,中山,1200,ダ,3勝,三連複,10-6-14,0.2872,2.6,0.747,10000,0,0.0,0,0,-10000,2024-09-14,5,True,12,True
2024091506040410,20240915,中山,1800,芝,3勝,三連複,8-7-9,0.2883,2.6,0.75,10000,0,0.0,0,0,-10000,2024-09-15,6,True,12,True
2024091507030410,20240915,中京,1600,芝,3勝,三連複,7-3-10,0.2655,2.8,0.743,10000,0,0.0,0,0,-10000,2024-09-15,6,True,12,True
2024092107030611,20240921,中京,1400,ダ,3勝,三連複,1-5-8,0.282,2.7,0.761,10000,0,0.0,0,0,-10000,2024-09-21,5,True,12,True
2024092206040710,20240922,中山,1800,ダ,3勝,三連複,11-4-3,0.3092,2.4,0.742,10000,0,0.0,0,0,-10000,2024-09-22,6,True,12,True
2024092207030710,20240922,中京,1200,芝,3勝,三連複,12-8-3,0.2609,2.9,0.757,10000,0,0.0,0,0,-10000,2024-09-22,6,True,12,True
2024092806040811,20240928,中山,1600,芝,3勝,三連複,1-14-15,0.3242,2.3,0.746,10000,0,0.0,0,0,-10000,2024-09-28,5,True,12,True
2024092807030810,20240928,中京,2000,芝,3勝,三連複,11-8-9,0.3061,2.4,0.735,10000,0,0.0,0,0,-10000,2024-09-28,5,True,12,True
2024092906040912,20240929,中山,1200,ダ,3勝,三連複,15-8-1,0.2633,2.8,0.737,10000,0,0.0,0,0,-10000,2024-09-29,6,True,12,True
2024092907030910,20240929,中京,1800,ダ,3勝,三連複,4-10-15,0.2886,2.6,0.75,10000,0,0.0,0,0,-10000,2024-09-29,6,True,12,True
2024100505040110,20241005,東京,1600,ダ,3勝,三連複,7-10-13,0.2704,2.8,0.757,10000,0,0.0,0,0,-10000,2024-10-05,5,True,12,True
2024100508050110,20241005,京都,1200,ダ,3勝,三連複,11-7-10,0.3073,2.4,0.738,10000,0,0.0,0,0,-10000,2024-10-05,5,True,12,True
2024100604040211,20241006,新潟,1800,ダ,3勝,三連複,10-4-12,0.3093,2.4,0.742,10000,0,0.0,0,0,-10000,2024-10-06,6,True,12,True
2024100605040209,20241006,東京,2400,芝,3勝,三連複,6-8-7,0.4212,1.8,0.758,10000,0,0.0,0,0,-10000,2024-10-06,6,True,12,True
2024100608050209,20241006,京都,1400,芝,3勝,三連複,1-5-8,0.3087,2.4,0.741,10000,0,0.0,0,0,-10000,2024-10-06,6,True,12,True
2024101208050310,20241012,京都,1800,芝,3勝,三連複,6-10-3,0.2798,2.7,0.755,10000,0,0.0,0,0,-10000,2024-10-12,5,True,12,True
2024101305040310,20241013,東京,1400,ダ,3勝,三連複,3-15-8,0.2647,2.8,0.741,10000,0,0.0,0,0,-10000,2024-10-13,6,True,12,True
2024101308050410,20241013,京都,1800,ダ,3勝,三連複,8-2-10,0.3216,2.3,0.74,10000,0,0.0,0,0,-10000,2024-10-13,6,True,12,True
2024101904040511,20241019,新潟,1200,芝,3勝,三連複,8-9-18,0.227,3.3,0.749,10000,0,0.0,0,0,-10000,2024-10-19,5,True,12,True
2024101905040510,20241019,東京,2100,ダ,3勝,三連複,12-6-4,0.3003,2.5,0.751,10000,0,0.0,0,0,-10000,2024-10-19,5,True,12,True
2024102005040610,20241020,東京,2000,芝,3勝,三連複,4-8-2,0.4523,1.7,0.769,10000,0,0.0,0,0,-10000,2024-10-20,6,True,12,True
2024102008050610,20241020,京都,1600,芝,3勝,三連複,1-10-2,0.2857,2.6,0.743,10000,0,0.0,0,0,-10000,2024-10-20,6,True,12,True
2024102008050612,20241020,京都,1400,ダ,3勝,三連複,8-12-5,0.3347,2.2,0.736,10000,0,0.0,0,0,-10000,2024-10-20,6,True,12,True
2024102604040711,20241026,新潟,2000,芝,3勝,三連複,2-4-8,0.3518,2.1,0.739,10000,0,0.0,0,0,-10000,2024-10-26,5,True,12,True
2024102605040710,20241026,東京,1600,芝,3勝,三連複,3-2-7,0.5069,1.5,0.76,10000,0,0.0,0,0,-10000,2024-10-26,5,True,12,True
2024102608050710,20241026,京都,1900,ダ,3勝,三連複,5-8-7,0.4705,1.6,0.753,10000,0,0.0,0,0,-10000,2024-10-26,5,True,12,True
2024102705040810,20241027,東京,1300,ダ,3勝,三連複,14-13-10,0.2775,2.7,0.749,10000,0,0.0,0,0,-10000,2024-10-27,6,True,12,True
2024102708050810,20241027,京都,3000,芝,3勝,三連複,3-6-5,0.4534,1.7,0.771,10000,0,0.0,0,0,-10000,2024-10-27,6,True,12,True
2024110203030111,20241102,福島,1150,ダ,3勝,三連複,9-2-10,0.2882,2.6,0.749,10000,0,0.0,0,0,-10000,2024-11-02,5,True,12,True
2024110205050110,20241102,東京,1800,芝,3勝,三連複,3-7-1,0.3895,1.9,0.74,10000,1540,15.4,1,154000,144000,2024-11-02,5,True,12,True
2024110208060110,20241102,京都,1200,ダ,3勝,三連複,11-4-3,0.2701,2.8,0.756,10000,0,0.0,0,0,-10000,2024-11-02,5,True,11,True
2024110305050210,20241103,東京,1600,ダ,3勝,三連複,5-10-3,0.3605,2.1,0.757,10000,0,0.0,0,0,-10000,2024-11-03,6,True,12,True
2024110308060210,20241103,京都,1200,芝,3勝,三連複,8-5-10,0.4229,1.8,0.761,10000,0,0.0,0,0,-10000,2024-11-03,6,True,12,True
2024110903030311,20241109,福島,1700,ダ,3勝,三連複,14-10-8,0.2817,2.7,0.761,10000,0,0.0,0,0,-10000,2024-11-09,5,True,12,True
2024110905050310,20241109,東京,1400,芝,3勝,三連複,8-9-7,0.308,2.4,0.739,10000,0,0.0,0,0,-10000,2024-11-09,5,True,12,True
2024110908060309,20241109,京都,2000,芝,3勝,三連複,10-4-2,0.2997,2.5,0.749,10000,0,0.0,0,0,-10000,2024-11-09,5,True,12,True
2024111005050409,20241110,東京,1400,ダ,3勝,三連複,6-11-9,0.3388,2.2,0.745,10000,0,0.0,0,0,-10000,2024-11-10,6,True,12,True
2024111005050410,20241110,東京,1800,芝,3勝,三連複,1-9-7,0.2941,2.6,0.765,10000,0,0.0,0,0,-10000,2024-11-10,6,True,12,True
2024111008060410,20241110,京都,1800,ダ,3勝,三連複,7-8-1,0.3014,2.5,0.753,10000,0,0.0,0,0,-10000,2024-11-10,6,True,12,True
2024111603030511,20241116,福島,1200,芝,3勝,三連複,14-8-11,0.2564,2.9,0.744,10000,0,0.0,0,0,-10000,2024-11-16,5,True,12,True
2024111605050510,20241116,東京,2100,ダ,3勝,三連複,11-15-12,0.3022,2.5,0.756,10000,0,0.0,0,0,-10000,2024-11-16,5,True,12,True
2024111705050610,20241117,東京,1600,芝,3勝,三連複,1-4-6,0.3019,2.5,0.755,10000,0,0.0,0,0,-10000,2024-11-17,6,True,12,True
2024111708060609,20241117,京都,2400,芝,3勝,三連複,14-9-2,0.2602,2.9,0.755,10000,0,0.0,0,0,-10000,2024-11-17,6,True,12,True
2024111708060610,20241117,京都,1400,ダ,3勝,三連複,8-4-10,0.2813,2.7,0.759,10000,0,0.0,0,0,-10000,2024-11-17,6,True,12,True
2024112305050710,20241123,東京,1400,ダ,3勝,三連複,2-8-12,0.2635,2.8,0.738,10000,0,0.0,0,0,-10000,2024-11-23,5,True,12,True
2024112405050811,20241124,東京,2000,芝,3勝,三連複,7-3-14,0.2903,2.6,0.755,10000,0,0.0,0,0,-10000,2024-11-24,6,True,12,True
2024112408060809,20241124,京都,1800,ダ,3勝,三連複,3-10-12,0.302,2.5,0.755,10000,0,0.0,0,0,-10000,2024-11-24,6,True,12,True
2024112408060810,20241124,京都,1600,芝,3勝,三連複,6-4-5,0.2884,2.6,0.75,10000,0,0.0,0,0,-10000,2024-11-24,6,True,12,True
2024113007040111,20241130,中京,1400,芝,3勝,三連複,9-7-4,0.295,2.5,0.738,10000,0,0.0,0,0,-10000,2024-11-30,5,True,12,True
2024113008070110,20241130,京都,1200,ダ,3勝,三連複,5-9-8,0.2781,2.7,0.751,10000,0,0.0,0,0,-10000,2024-11-30,5,True,12,True
2024120106050209,20241201,中山,1200,芝,3勝,三連複,16-13-1,0.2772,2.7,0.748,10000,0,0.0,0,0,-10000,2024-12-01,6,True,12,True
2024120106050210,20241201,中山,1800,ダ,3勝,三連複,1-11-15,0.3086,2.4,0.741,10000,0,0.0,0,0,-10000,2024-12-01,6,True,12,True
2024120108070210,20241201,京都,1800,芝,3勝,三連複,2-5-11,0.2999,2.5,0.75,10000,0,0.0,0,0,-10000,2024-12-01,6,True,12,True
2024120706050310,20241207,中山,1200,ダ,3勝,三連複,6-16-10,0.2404,3.1,0.745,10000,0,0.0,0,0,-10000,2024-12-07,5,True,12,True
2024120706050311,20241207,中山,1800,芝,3勝,三連複,1-7-12,0.3227,2.3,0.742,10000,0,0.0,0,0,-10000,2024-12-07,5,True,12,True
2024120807040411,20241208,中京,1200,芝,3勝,三連複,5-12-3,0.3346,2.2,0.736,10000,0,0.0,0,0,-10000,2024-12-08,6,True,12,True
2024120808070409,20241208,京都,2200,芝,3勝,三連複,9-6-7,0.3639,2.1,0.764,10000,0,0.0,0,0,-10000,2024-12-08,6,True,12,True
2024120808070410,20241208,京都,1900,ダ,3勝,三連複,8-6-4,0.4194,1.8,0.755,10000,0,0.0,0,0,-10000,2024-12-08,6,True,12,True
2024121407040511,20241214,中京,1800,ダ,3勝,三連複,2-12-6,0.3336,2.2,0.734,10000,0,0.0,0,0,-10000,2024-12-14,5,True,12,True
2024121506050610,20241215,中山,1800,ダ,3勝,三連複,2-3-12,0.2773,2.7,0.749,10000,1490,14.9,1,149000,139000,2024-12-15,6,True,12,True
2024121508070610,20241215,京都,1400,ダ,3勝,三連複,4-11-5,0.2764,2.7,0.746,10000,0,0.0,0,0,-10000,2024-12-15,6,True,12,True
2024121508070612,20241215,京都,1400,芝,3勝,三連複,1-8-5,0.262,2.9,0.76,10000,0,0.0,0,0,-10000,2024-12-15,6,True,12,True
2024122106050711,20241221,中山,2500,芝,3勝,三連複,9-4-2,0.2903,2.6,0.755,10000,0,0.0,0,0,-10000,2024-12-21,5,True,12,True
2024122108070710,20241221,京都,1800,ダ,3勝,三連複,1-15-5,0.2724,2.8,0.763,10000,0,0.0,0,0,-10000,2024-12-21,5,True,12,True
2024122206050812,20241222,中山,1200,ダ,3勝,三連複,8-15-12,0.3058,2.5,0.765,10000,0,0.0,0,0,-10000,2024-12-22,6,True,12,True
2024122208070810,20241222,京都,2000,芝,3勝,三連複,3-6-9,0.2814,2.7,0.76,10000,0,0.0,0,0,-10000,2024-12-22,6,True,12,True
2024122806050912,20241228,中山,1600,芝,3勝,三連複,4-12-8,0.2648,2.8,0.741,10000,0,0.0,0,0,-10000,2024-12-28,5,True,12,True
2024122808070912,20241228,京都,1200,芝,3勝,三連複,1-12-16,0.2808,2.7,0.758,10000,0,0.0,0,0,-10000,2024-12-28,5,True,12,True
2025010506010109,20250105,中山,1800,ダ,3勝,三連複,14-2-9,0.2886,2.6,0.75,10000,0,0.0,0,0,-10000,2025-01-05,6,True,12,True
2025010507010110,20250105,中京,1200,ダ,3勝,三連複,10-4-7,0.2942,2.5,0.735,10000,0,0.0,0,0,-10000,2025-01-05,6,True,12,True
2025011106010311,20250111,中山,2200,芝,3勝,三連複,4-12-13,0.3093,2.4,0.742,10000,0,0.0,0,0,-10000,2025-01-11,5,True,12,True
2025011207010410,20250112,中京,1600,芝,3勝,三連複,5-16-8,0.3282,2.3,0.755,10000,0,0.0,0,0,-10000,2025-01-12,6,True,12,True
2025011806010610,20250118,中山,1800,ダ,3勝,三連複,4-7-5,0.3171,2.4,0.761,10000,0,0.0,0,0,-10000,2025-01-18,5,True,12,True
2025011807010611,20250118,中京,1400,ダ,3勝,三連複,16-5-1,0.2318,3.2,0.742,10000,13290,132.9,1,1329000,1319000,2025-01-18,5,True,12,True
2025011906010709,20250119,中山,1600,芝,3勝,三連複,12-3-8,0.3442,2.2,0.757,10000,0,0.0,0,0,-10000,2025-01-19,6,True,12,True
2025012506010811,20250125,中山,2000,芝,3勝,三連複,13-1-9,0.2488,3.0,0.746,10000,0,0.0,0,0,-10000,2025-01-25,5,True,12,True
2025012507010811,20250125,中京,1900,ダ,3勝,三連複,12-10-4,0.3358,2.2,0.739,10000,0,0.0,0,0,-10000,2025-01-25,5,True,12,True
2025012606010910,20250126,中山,1200,ダ,3勝,三連複,3-2-11,0.2958,2.5,0.739,10000,0,0.0,0,0,-10000,2025-01-26,6,True,12,True
2025012607010910,20250126,中京,1400,芝,3勝,三連複,1-11-9,0.3163,2.4,0.759,10000,0,0.0,0,0,-10000,2025-01-26,6,True,12,True
2025012610010211,20250126,小倉,1800,芝,3勝,三連複,6-1-11,0.3372,2.2,0.742,10000,0,0.0,0,0,-10000,2025-01-26,6,True,12,True
2025020105010109,20250201,東京,1600,ダ,3勝,三連複,6-16-8,0.2762,2.7,0.746,10000,3890,38.9,1,389000,379000,2025-02-01,5,True,12,True
2025020108010111,20250201,京都,1800,ダ,3勝,三連複,6-1-2,0.3397,2.2,0.747,10000,980,9.8,1,98000,88000,2025-02-01,5,True,12,True
2025020110010311,20250201,小倉,1200,芝,3勝,三連複,3-9-12,0.2262,3.3,0.747,10000,0,0.0,0,0,-10000,2025-02-01,5,True,12,True
2025020205010210,20250202,東京,1400,芝,3勝,三連複,1-8-4,0.3402,2.2,0.748,10000,0,0.0,0,0,-10000,2025-02-02,6,True,12,True
2025020208010210,20250202,京都,2200,芝,3勝,三連複,6-1-4,0.5007,1.5,0.751,10000,0,0.0,0,0,-10000,2025-02-02,6,True,12,True
2025020805010311,20250208,東京,2400,芝,3勝,三連複,13-6-2,0.3176,2.4,0.762,10000,0,0.0,0,0,-10000,2025-02-08,5,True,12,True
2025020810010511,20250208,小倉,1700,ダ,3勝,三連複,7-2-10,0.2904,2.6,0.755,10000,0,0.0,0,0,-10000,2025-02-08,5,True,12,True
2025020905010410,20250209,東京,1800,芝,3勝,三連複,1-3-4,0.2804,2.7,0.757,10000,0,0.0,0,0,-10000,2025-02-09,6,True,12,True
2025020908010409,20250209,京都,1600,芝,3勝,三連複,8-2-6,0.3422,2.2,0.753,10000,0,0.0,0,0,-10000,2025-02-09,6,True,12,True
2025021505010510,20250215,東京,1400,ダ,3勝,三連複,7-16-15,0.2941,2.6,0.765,10000,0,0.0,0,0,-10000,2025-02-15,5,True,12,True
2025021508010510,20250215,京都,2000,芝,3勝,三連複,9-3-1,0.4315,1.7,0.733,10000,0,0.0,0,0,-10000,2025-02-15,5,True,12,True
2025021510010711,20250215,小倉,1200,芝,3勝,三連複,8-10-12,0.2387,3.1,0.74,10000,0,0.0,0,0,-10000,2025-02-15,5,True,12,True
2025021605010609,20250216,東京,1600,芝,3勝,三連複,2-16-3,0.253,3.0,0.759,10000,0,0.0,0,0,-10000,2025-02-16,6,True,12,True
2025021608010610,20250216,京都,1800,ダ,3勝,三連複,1-12-6,0.3034,2.5,0.759,10000,0,0.0,0,0,-10000,2025-02-16,6,True,12,True
2025022205010710,20250222,東京,2100,ダ,3勝,三連複,9-3-8,0.3421,2.2,0.753,10000,0,0.0,0,0,-10000,2025-02-22,5,True,12,True
2025022208010710,20250222,京都,1400,ダ,3勝,三連複,10-3-13,0.2881,2.6,0.749,10000,0,0.0,0,0,-10000,2025-02-22,5,True,12,True
2025022210010911,20250222,小倉,1700,ダ,3勝,三連複,4-5-9,0.409,1.8,0.736,10000,0,0.0,0,0,-10000,2025-02-22,5,True,12,True
2025022305010810,20250223,東京,2000,芝,3勝,三連複,3-4-12,0.4022,1.9,0.764,10000,0,0.0,0,0,-10000,2025-02-23,6,True,12,True
2025022308010809,20250223,京都,1400,芝,3勝,三連複,2-4-3,0.3951,1.9,0.751,10000,0,0.0,0,0,-10000,2025-02-23,6,True,12,True
2025030106020110,20250301,中山,1200,ダ,3勝,三連複,16-9-14,0.259,2.9,0.751,10000,0,0.0,0,0,-10000,2025-03-01,5,True,12,True
2025030109010110,20250301,阪神,3000,芝,3勝,三連複,5-9-7,0.4324,1.7,0.735,10000,0,0.0,0,0,-10000,2025-03-01,5,True,12,True
2025030206020210,20250302,中山,1200,芝,3勝,三連複,1-6-10,0.3293,2.3,0.757,10000,0,0.0,0,0,-10000,2025-03-02,6,True,12,True
2025030209010210,20250302,阪神,1800,ダ,3勝,三連複,3-8-9,0.375,2.0,0.75,10000,460,4.6,1,46000,36000,2025-03-02,6,True,12,True
2025030210011211,20250302,小倉,2000,芝,3勝,三連複,3-8-1,0.2946,2.5,0.737,10000,0,0.0,0,0,-10000,2025-03-02,6,True,12,True
2025030806020310,20250308,中山,1800,ダ,3勝,三連複,12-7-15,0.2722,2.8,0.762,10000,0,0.0,0,0,-10000,2025-03-08,5,True,12,True
2025030809010310,20250308,阪神,1200,ダ,3勝,三連複,5-15-1,0.2717,2.8,0.761,10000,1820,18.2,1,182000,172000,2025-03-08,5,True,12,True
2025030906020409,20250309,中山,2500,芝,3勝,三連複,3-4-1,0.4035,1.9,0.767,10000,0,0.0,0,0,-10000,2025-03-09,6,True,12,True
2025030909010410,20250309,阪神,1200,芝,3勝,三連複,11-4-6,0.3328,2.3,0.765,10000,0,0.0,0,0,-10000,2025-03-09,6,True,12,True
2025031506020510,20250315,中山,1600,芝,3勝,三連複,4-13-9,0.2972,2.5,0.743,10000,0,0.0,0,0,-10000,2025-03-15,5,True,12,True
2025031507020111,20250315,中京,1400,ダ,3勝,三連複,5-12-14,0.301,2.5,0.753,10000,0,0.0,0,0,-10000,2025-03-15,5,True,12,True
2025031509010510,20250315,阪神,1800,芝,3勝,三連複,4-15-8,0.2887,2.6,0.751,10000,0,0.0,0,0,-10000,2025-03-15,5,True,12,True
2025031609010610,20250316,阪神,2000,ダ,3勝,三連複,13-10-2,0.2964,2.5,0.741,10000,0,0.0,0,0,-10000,2025-03-16,6,True,12,True
2025032206020710,20250322,中山,1800,ダ,3勝,三連複,10-15-6,0.2625,2.9,0.761,10000,0,0.0,0,0,-10000,2025-03-22,5,True,12,True
2025032209010709,20250322,阪神,1400,芝,3勝,三連複,18-13-16,0.2861,2.6,0.744,10000,0,0.0,0,0,-10000,2025-03-22,5,True,12,True
2025032306020810,20250323,中山,1800,芝,3勝,三連複,14-7-3,0.2927,2.6,0.761,10000,0,0.0,0,0,-10000,2025-03-23,6,True,12,True
2025032309010810,20250323,阪神,1400,ダ,3勝,三連複,10-2-9,0.2968,2.5,0.742,10000,0,0.0,0,0,-10000,2025-03-23,6,True,12,True
2025032906030109,20250329,中山,1200,ダ,3勝,三連複,10-13-15,0.2723,2.8,0.762,10000,0,0.0,0,0,-10000,2025-03-29,5,True,12,True
2025032907020511,20250329,中京,1600,芝,3勝,三連複,2-9-5,0.3739,2.0,0.748,10000,0,0.0,0,0,-10000,2025-03-29,5,True,12,True
2025033006030210,20250330,中山,1200,芝,3勝,三連複,5-2-4,0.2687,2.8,0.752,10000,0,0.0,0,0,-10000,2025-03-30,6,True,12,True
2025033007020610,20250330,中京,1900,ダ,3勝,三連複,5-7-11,0.2844,2.6,0.739,10000,0,0.0,0,0,-10000,2025-03-30,6,True,12,True
2025033009020210,20250330,阪神,2400,芝,3勝,三連複,2-12-4,0.3115,2.4,0.747,10000,0,0.0,0,0,-10000,2025-03-30,6,True,12,True
2025040606030410,20250406,中山,1800,ダ,3勝,三連複,11-8-2,0.3093,2.4,0.742,10000,0,0.0,0,0,-10000,2025-04-06,6,True,12,True
2025040606030411,20250406,中山,2000,芝,3勝,三連複,2-6-8,0.3254,2.3,0.748,10000,0,0.0,0,0,-10000,2025-04-06,6,True,12,True
2025040609020410,20250406,阪神,1600,芝,3勝,三連複,1-14-11,0.2928,2.6,0.761,10000,0,0.0,0,0,-10000,2025-04-06,6,True,12,True
2025040609020412,20250406,阪神,1200,ダ,3勝,三連複,9-4-11,0.3728,2.0,0.746,10000,0,0.0,0,0,-10000,2025-04-06,6,True,12,True
2025041206030510,20250412,中山,1600,芝,3勝,三連複,1-4-7,0.2791,2.7,0.753,10000,0,0.0,0,0,-10000,2025-04-12,5,True,12,True
2025041209020510,20250412,阪神,2000,芝,3勝,三連複,5-9-12,0.2624,2.9,0.761,10000,0,0.0,0,0,-10000,2025-04-12,5,True,12,True
2025041303010210,20250413,福島,1150,ダ,3勝,三連複,9-12-4,0.2779,2.7,0.75,10000,0,0.0,0,0,-10000,2025-04-13,6,True,12,True
2025041309020612,20250413,阪神,1800,ダ,3勝,三連複,7-14-16,0.3002,2.5,0.751,10000,0,0.0,0,0,-10000,2025-04-13,6,True,12,True
2025041906030710,20250419,中山,1800,ダ,3勝,三連複,7-13-6,0.303,2.5,0.758,10000,0,0.0,0,0,-10000,2025-04-19,5,True,12,True
2025042006030812,20250420,中山,2200,芝,3勝,三連複,3-4-8,0.3426,2.2,0.754,10000,0,0.0,0,0,-10000,2025-04-20,6,True,12,True
2025042009020810,20250420,阪神,1400,ダ,3勝,三連複,8-5-4,0.296,2.5,0.74,10000,0,0.0,0,0,-10000,2025-04-20,6,True,12,True
2025042009020811,20250420,阪神,1400,芝,3勝,三連複,7-4-1,0.3796,2.0,0.759,10000,0,0.0,0,0,-10000,2025-04-20,6,True,12,True
2025042605020110,20250426,東京,1400,ダ,3勝,三連複,13-15-11,0.2543,2.9,0.737,10000,0,0.0,0,0,-10000,2025-04-26,5,True,12,True
2025042608020110,20250426,京都,1900,ダ,3勝,三連複,8-5-6,0.3346,2.2,0.736,10000,1060,10.6,1,106000,96000,2025-04-26,5,True,12,True
2025042705020209,20250427,東京,1400,芝,3勝,三連複,8-1-10,0.2761,2.7,0.746,10000,0,0.0,0,0,-10000,2025-04-27,6,True,12,True
2025042708020210,20250427,京都,1800,芝,3勝,三連複,6-12-2,0.2781,2.7,0.751,10000,0,0.0,0,0,-10000,2025-04-27,6,True,12,True
2025050304010111,20250503,新潟,1800,ダ,3勝,三連複,13-2-10,0.2822,2.7,0.762,10000,0,0.0,0,0,-10000,2025-05-03,5,True,12,True
2025050305020309,20250503,東京,2100,ダ,3勝,三連複,13-12-9,0.2478,3.0,0.743,10000,0,0.0,0,0,-10000,2025-05-03,5,True,12,True
2025050405020409,20250504,東京,2000,芝,3勝,三連複,1-12-11,0.3699,2.0,0.74,10000,0,0.0,0,0,-10000,2025-05-04,6,True,12,True
2025050408020410,20250504,京都,1200,芝,3勝,三連複,9-7-12,0.2937,2.6,0.763,10000,0,0.0,0,0,-10000,2025-05-04,6,True,12,True
2025050408020412,20250504,京都,1200,ダ,3勝,三連複,4-8-6,0.2526,3.0,0.758,10000,0,0.0,0,0,-10000,2025-05-04,6,True,12,True
2025051004010311,20250510,新潟,1000,芝,3勝,三連複,14-13-16,0.2901,2.6,0.754,10000,0,0.0,0,0,-10000,2025-05-10,5,True,12,True
2025051005020509,20250510,東京,1600,芝,3勝,三連複,3-6-14,0.2692,2.8,0.754,10000,0,0.0,0,0,-10000,2025-05-10,5,True,12,True
2025051105020612,20250511,東京,1600,ダ,3勝,三連複,9-5-8,0.2691,2.8,0.753,10000,0,0.0,0,0,-10000,2025-05-11,6,True,12,True
2025051108020609,20250511,京都,2400,芝,3勝,三連複,8-5-4,0.3382,2.2,0.744,10000,0,0.0,0,0,-10000,2025-05-11,6,True,12,True
2025051705020711,20250517,東京,2400,芝,3勝,三連複,7-2-10,0.3697,2.0,0.739,10000,0,0.0,0,0,-10000,2025-05-17,5,True,12,True
2025051708020710,20250517,京都,1800,ダ,3勝,三連複,9-6-2,0.2644,2.8,0.74,10000,0,0.0,0,0,-10000,2025-05-17,5,True,12,True
2025051804010611,20250518,新潟,1800,芝,3勝,三連複,4-10-9,0.2678,2.8,0.75,10000,0,0.0,0,0,-10000,2025-05-18,6,True,12,True
2025051805020812,20250518,東京,1400,ダ,3勝,三連複,8-9-12,0.2784,2.7,0.752,10000,0,0.0,0,0,-10000,2025-05-18,6,True,12,True
2025051808020810,20250518,京都,1600,芝,3勝,三連複,6-10-5,0.3521,2.1,0.739,10000,0,0.0,0,0,-10000,2025-05-18,6,True,12,True
2025052408020910,20250524,京都,2000,芝,3勝,三連複,4-7-3,0.4563,1.6,0.73,10000,0,0.0,0,0,-10000,2025-05-24,5,True,12,True
2025052505021010,20250525,東京,1400,芝,3勝,三連複,5-7-1,0.4003,1.9,0.761,10000,0,0.0,0,0,-10000,2025-05-25,6,True,12,True
2025052505021012,20250525,東京,2100,ダ,3勝,三連複,15-4-10,0.2786,2.7,0.752,10000,0,0.0,0,0,-10000,2025-05-25,6,True,12,True
2025052508021010,20250525,京都,1400,ダ,3勝,三連複,2-13-16,0.2804,2.7,0.757,10000,0,0.0,0,0,-10000,2025-05-25,6,True,12,True
2025053108021110,20250531,京都,1900,ダ,3勝,三連複,10-5-12,0.2539,3.0,0.762,10000,0,0.0,0,0,-10000,2025-05-31,5,True,12,True
2025060105021209,20250601,東京,1600,ダ,3勝,三連複,5-9-15,0.2666,2.8,0.747,10000,0,0.0,0,0,-10000,2025-06-01,6,True,12,True
2025060105021210,20250601,東京,1800,芝,3勝,三連複,7-10-2,0.2916,2.6,0.758,10000,0,0.0,0,0,-10000,2025-06-01,6,True,12,True
2025060108021212,20250601,京都,1400,芝,3勝,三連複,2-6-8,0.2881,2.6,0.749,10000,0,0.0,0,0,-10000,2025-06-01,6,True,12,True
2025060705030111,20250607,東京,1400,ダ,3勝,三連複,10-12-9,0.3034,2.5,0.758,10000,0,0.0,0,0,-10000,2025-06-07,5,True,12,True
2025060709030111,20250607,阪神,2000,芝,3勝,三連複,7-3-9,0.272,2.8,0.762,10000,0,0.0,0,0,-10000,2025-06-07,5,True,12,True
2025061405030310,20250614,東京,1600,ダ,3勝,三連複,6-10-2,0.2859,2.6,0.743,10000,0,0.0,0,0,-10000,2025-06-14,5,True,12,True
2025061505030410,20250615,東京,2400,芝,3勝,三連複,1-3-15,0.3154,2.4,0.757,10000,0,0.0,0,0,-10000,2025-06-15,6,True,12,True
2025061509030410,20250615,阪神,1600,芝,3勝,三連複,5-6-17,0.2783,2.7,0.751,10000,0,0.0,0,0,-10000,2025-06-15,6,True,12,True
2025061509030412,20250615,阪神,1200,ダ,3勝,三連複,16-10-11,0.2885,2.6,0.75,10000,0,0.0,0,0,-10000,2025-06-15,6,True,12,True
2025062109030510,20250621,阪神,2200,芝,3勝,三連複,6-10-3,0.35,2.1,0.735,10000,0,0.0,0,0,-10000,2025-06-21,5,True,12,True
2025062202010411,20250622,函館,1200,芝,3勝,三連複,3-2-7,0.2498,3.0,0.749,10000,0,0.0,0,0,-10000,2025-06-22,6,True,12,True
2025062205030610,20250622,東京,1400,芝,3勝,三連複,1-7-3,0.2456,3.1,0.761,10000,0,0.0,0,0,-10000,2025-06-22,6,True,12,True
2025062209030610,20250622,阪神,1800,ダ,3勝,三連複,8-3-12,0.3017,2.5,0.754,10000,0,0.0,0,0,-10000,2025-06-22,6,True,12,True
2025062803020111,20250628,福島,2000,芝,3勝,三連複,1-5-16,0.2335,3.2,0.747,10000,0,0.0,0,0,-10000,2025-06-28,5,True,12,True
2025062810020111,20250628,小倉,1700,ダ,3勝,三連複,9-4-3,0.2791,2.7,0.754,10000,0,0.0,0,0,-10000,2025-06-28,5,True,12,True
2025062903020210,20250629,福島,1700,ダ,3勝,三連複,13-8-10,0.3027,2.5,0.757,10000,0,0.0,0,0,-10000,2025-06-29,6,True,12,True
2025062910020211,20250629,小倉,1200,芝,3勝,三連複,5-8-11,0.339,2.2,0.746,10000,0,0.0,0,0,-10000,2025-06-29,6,True,12,True
2025070502010711,20250705,函館,1200,芝,3勝,三連複,5-11-8,0.2819,2.7,0.761,10000,0,0.0,0,0,-10000,2025-07-05,5,True,12,True
2025070503020311,20250705,福島,1150,ダ,3勝,三連複,11-5-12,0.2916,2.6,0.758,10000,0,0.0,0,0,-10000,2025-07-05,5,True,12,True
2025070510020311,20250705,小倉,1800,芝,3勝,三連複,6-4-10,0.3707,2.0,0.741,10000,0,0.0,0,0,-10000,2025-07-05,5,True,12,True
2025071202010911,20250712,函館,1800,芝,3勝,三連複,12-14-9,0.3053,2.5,0.763,10000,0,0.0,0,0,-10000,2025-07-12,5,True,12,True
2025071203020510,20250712,福島,1200,芝,3勝,三連複,8-6-5,0.4551,1.6,0.728,10000,0,0.0,0,0,-10000,2025-07-12,5,True,12,True
2025071210020511,20250712,小倉,1000,ダ,3勝,三連複,2-5-3,0.3947,1.9,0.75,10000,0,0.0,0,0,-10000,2025-07-12,5,True,12,True
2025071303020610,20250713,福島,1700,ダ,3勝,三連複,4-11-1,0.3161,2.4,0.759,10000,0,0.0,0,0,-10000,2025-07-13,6,True,12,True
2025071903020711,20250719,福島,1800,芝,3勝,三連複,11-4-1,0.3859,1.9,0.733,10000,0,0.0,0,0,-10000,2025-07-19,5,True,12,True
2025071910020711,20250719,小倉,1200,芝,3勝,三連複,4-7-6,0.2598,2.9,0.753,10000,0,0.0,0,0,-10000,2025-07-19,5,True,12,True
2025072010020810,20250720,小倉,1700,ダ,3勝,三連複,3-9-4,0.3128,2.4,0.751,10000,0,0.0,0,0,-10000,2025-07-20,6,True,12,True
2025072601010111,20250726,札幌,1200,芝,3勝,三連複,3-5-12,0.3148,2.4,0.755,10000,0,0.0,0,0,-10000,2025-07-26,5,True,12,True
2025072604020107,20250726,新潟,1400,芝,3勝,三連複,4-6-8,0.3618,2.1,0.76,10000,0,0.0,0,0,-10000,2025-07-26,5,True,12,True
2025072607030107,20250726,中京,2000,芝,3勝,三連複,10-3-7,0.402,1.9,0.764,10000,0,0.0,0,0,-10000,2025-07-26,5,True,12,True
2025072701010210,20250727,札幌,1700,ダ,3勝,三連複,2-8-7,0.4237,1.8,0.763,10000,0,0.0,0,0,-10000,2025-07-27,6,True,12,True
2025080201010311,20250802,札幌,2000,芝,3勝,三連複,3-2-1,0.2984,2.5,0.746,10000,0,0.0,0,0,-10000,2025-08-02,5,True,12,True
2025080204020307,20250802,新潟,1800,ダ,3勝,三連複,11-3-12,0.2681,2.8,0.751,10000,0,0.0,0,0,-10000,2025-08-02,5,True,12,True
2025080207030307,20250802,中京,1400,芝,3勝,三連複,8-11-13,0.3358,2.2,0.739,10000,0,0.0,0,0,-10000,2025-08-02,5,True,12,True
2025080307030406,20250803,中京,1400,ダ,3勝,三連複,1-2-8,0.256,2.9,0.742,10000,0,0.0,0,0,-10000,2025-08-03,6,True,12,True
2025080907030507,20250809,中京,1800,ダ,3勝,三連複,3-10-13,0.2844,2.6,0.739,10000,1900,19.0,1,190000,180000,2025-08-09,5,True,12,True
2025081004020606,20250810,新潟,1800,芝,3勝,三連複,7-4-9,0.3254,2.3,0.748,10000,0,0.0,0,0,-10000,2025-08-10,6,True,12,True
2025081601010711,20250816,札幌,1700,ダ,3勝,三連複,12-5-3,0.2746,2.7,0.741,10000,0,0.0,0,0,-10000,2025-08-16,5,True,12,True
2025081604020707,20250816,新潟,1200,ダ,3勝,三連複,15-14-10,0.2776,2.7,0.749,10000,0,0.0,0,0,-10000,2025-08-16,5,True,12,True
2025081607030707,20250816,中京,2000,芝,3勝,三連複,5-6-4,0.4136,1.8,0.745,10000,0,0.0,0,0,-10000,2025-08-16,5,True,12,True
2025081704020806,20250817,新潟,1000,芝,3勝,三連複,9-5-11,0.3792,2.0,0.758,10000,0,0.0,0,0,-10000,2025-08-17,6,True,12,True
2025082301020111,20250823,札幌,2000,芝,3勝,三連複,3-10-6,0.3716,2.0,0.743,10000,0,0.0,0,0,-10000,2025-08-23,5,True,12,True
2025082307040111,20250823,中京,1400,ダ,3勝,三連複,11-15-14,0.2669,2.8,0.747,10000,0,0.0,0,0,-10000,2025-08-23,5,True,12,True
2025082404030209,20250824,新潟,1600,芝,3勝,三連複,7-8-18,0.2649,2.8,0.742,10000,0,0.0,0,0,-10000,2025-08-24,6,True,12,True
2025082407040211,20250824,中京,1200,芝,3勝,三連複,6-9-1,0.4743,1.6,0.759,10000,0,0.0,0,0,-10000,2025-08-24,6,True,12,True
2025083004030311,20250830,新潟,2200,芝,3勝,三連複,4-6-16,0.2932,2.6,0.762,10000,0,0.0,0,0,-10000,2025-08-30,5,True,12,True
2025083101020411,20250831,札幌,1500,芝,3勝,三連複,6-12-7,0.3103,2.4,0.745,10000,0,0.0,0,0,-10000,2025-08-31,6,True,12,True
2025083107040410,20250831,中京,1900,ダ,3勝,三連複,8-7-9,0.2881,2.6,0.749,10000,0,0.0,0,0,-10000,2025-08-31,6,True,12,True
2025090609040110,20250906,阪神,1800,芝,3勝,三連複,6-11-2,0.352,2.1,0.739,10000,0,0.0,0,0,-10000,2025-09-06,5,True,12,True
2025090706040210,20250907,中山,1200,芝,3勝,三連複,2-3-4,0.3619,2.1,0.76,10000,0,0.0,0,0,-10000,2025-09-07,6,True,12,True
2025090709040210,20250907,阪神,1200,ダ,3勝,三連複,2-5-1,0.3597,2.1,0.755,10000,640,6.4,1,64000,54000,2025-09-07,6,True,12,True
2025091306040311,20250913,中山,1200,ダ,3勝,三連複,5-4-6,0.3654,2.1,0.767,10000,0,0.0,0,0,-10000,2025-09-13,5,True,12,True
2025091406040410,20250914,中山,2000,芝,3勝,三連複,13-5-12,0.328,2.3,0.754,10000,0,0.0,0,0,-10000,2025-09-14,6,True,12,True
2025091409040410,20250914,阪神,1600,芝,3勝,三連複,1-4-7,0.4171,1.8,0.751,10000,0,0.0,0,0,-10000,2025-09-14,6,True,12,True
2025092009040611,20250920,阪神,1400,ダ,3勝,三連複,12-9-1,0.3276,2.3,0.753,10000,0,0.0,0,0,-10000,2025-09-20,5,True,12,True
2025092106040710,20250921,中山,1800,ダ,3勝,三連複,12-2-16,0.2927,2.6,0.761,10000,0,0.0,0,0,-10000,2025-09-21,6,True,12,True
2025092109040710,20250921,阪神,2200,芝,3勝,三連複,5-9-1,0.4201,1.8,0.756,10000,0,0.0,0,0,-10000,2025-09-21,6,True,12,True
2025092706040811,20250927,中山,1600,芝,3勝,三連複,7-10-1,0.2491,3.0,0.747,10000,0,0.0,0,0,-10000,2025-09-27,5,True,12,True
2025092709040810,20250927,阪神,1200,芝,3勝,三連複,10-6-11,0.2583,2.9,0.749,10000,0,0.0,0,0,-10000,2025-09-27,5,True,12,True
2025092806040912,20250928,中山,1200,ダ,3勝,三連複,3-8-10,0.2713,2.8,0.76,10000,0,0.0,0,0,-10000,2025-09-28,6,True,12,True
2025092809040910,20250928,阪神,1800,ダ,3勝,三連複,16-13-15,0.286,2.6,0.744,10000,2750,27.5,1,275000,265000,2025-09-28,6,True,12,True
2025100405040110,20251004,東京,1400,芝,3勝,三連複,1-7-15,0.2934,2.6,0.763,10000,0,0.0,0,0,-10000,2025-10-04,5,True,12,True
2025100408030110,20251004,京都,1200,ダ,3勝,三連複,15-5-16,0.2623,2.9,0.761,10000,0,0.0,0,0,-10000,2025-10-04,5,True,12,True
2025100505040210,20251005,東京,1600,ダ,3勝,三連複,1-15-6,0.279,2.7,0.753,10000,0,0.0,0,0,-10000,2025-10-05,6,True,12,True
2025100508030209,20251005,京都,2000,芝,3勝,三連複,1-6-3,0.397,1.9,0.754,10000,0,0.0,0,0,-10000,2025-10-05,6,True,12,True
2025101108030311,20251011,京都,1900,ダ,3勝,三連複,14-16-7,0.2929,2.6,0.761,10000,0,0.0,0,0,-10000,2025-10-11,5,True,12,True
2025101205040410,20251012,東京,1400,ダ,3勝,三連複,14-8-10,0.2868,2.6,0.746,10000,0,0.0,0,0,-10000,2025-10-12,6,True,12,True
2025101208030410,20251012,京都,1600,芝,3勝,三連複,2-4-6,0.35,2.1,0.735,10000,0,0.0,0,0,-10000,2025-10-12,6,True,12,True
2025101804040111,20251018,新潟,1200,芝,3勝,三連複,13-12-11,0.2626,2.9,0.762,10000,0,0.0,0,0,-10000,2025-10-18,5,True,12,True
2025101805040610,20251018,東京,2100,ダ,3勝,三連複,9-14-11,0.2841,2.6,0.739,10000,0,0.0,0,0,-10000,2025-10-18,5,True,12,True
2025101808030611,20251018,京都,1800,ダ,3勝,三連複,15-4-9,0.2643,2.8,0.74,10000,0,0.0,0,0,-10000,2025-10-18,5,True,12,True
2025101905040712,20251019,東京,1800,芝,3勝,三連複,12-8-10,0.2741,2.7,0.74,10000,0,0.0,0,0,-10000,2025-10-19,6,True,12,True
2025101908030710,20251019,京都,1400,ダ,3勝,三連複,13-11-9,0.3074,2.4,0.738,10000,0,0.0,0,0,-10000,2025-10-19,6,True,12,True
2025102504040311,20251025,新潟,2000,芝,3勝,三連複,15-8-4,0.2463,3.0,0.739,10000,0,0.0,0,0,-10000,2025-10-25,5,True,12,True
2025102505040810,20251025,東京,1600,ダ,3勝,三連複,9-3-6,0.3014,2.5,0.753,10000,0,0.0,0,0,-10000,2025-10-25,5,True,12,True
2025102508030810,20251025,京都,1400,芝,3勝,三連複,4-9-5,0.3241,2.3,0.746,10000,0,0.0,0,0,-10000,2025-10-25,5,True,12,True
2025110105041010,20251101,東京,1600,芝,3勝,三連複,5-11-2,0.3231,2.3,0.743,10000,0,0.0,0,0,-10000,2025-11-01,5,True,12,True
2025110108031010,20251101,京都,1800,ダ,3勝,三連複,2-3-10,0.3398,2.2,0.748,10000,0,0.0,0,0,-10000,2025-11-01,5,True,12,True
2025110205041110,20251102,東京,1300,ダ,3勝,三連複,6-9-7,0.3436,2.2,0.756,10000,0,0.0,0,0,-10000,2025-11-02,6,True,12,True
2025110208031110,20251102,京都,3000,芝,3勝,三連複,13-3-2,0.3241,2.3,0.745,10000,0,0.0,0,0,-10000,2025-11-02,6,True,12,True
2025110803030111,20251108,福島,1200,芝,3勝,三連複,14-13-1,0.2548,2.9,0.739,10000,0,0.0,0,0,-10000,2025-11-08,5,True,12,True
2025110805050110,20251108,東京,1600,ダ,3勝,三連複,7-4-3,0.3705,2.0,0.741,10000,0,0.0,0,0,-10000,2025-11-08,5,True,12,True
2025110808040110,20251108,京都,1600,芝,3勝,三連複,6-10-7,0.3341,2.2,0.735,10000,0,0.0,0,0,-10000,2025-11-08,5,True,12,True
2025110905050210,20251109,東京,2000,芝,3勝,三連複,12-6-10,0.3591,2.1,0.754,10000,2160,21.6,1,216000,206000,2025-11-09,6,True,12,True
2025110908040210,20251109,京都,1200,ダ,3勝,三連複,1-2-11,0.3561,2.1,0.748,10000,0,0.0,0,0,-10000,2025-11-09,6,True,12,True
2025111503030311,20251115,福島,1150,ダ,3勝,三連複,8-1-11,0.2912,2.6,0.757,10000,0,0.0,0,0,-10000,2025-11-15,5,True,12,True
2025111505050310,20251115,東京,1400,芝,3勝,三連複,8-2-10,0.2574,2.9,0.746,10000,0,0.0,0,0,-10000,2025-11-15,5,True,12,True
2025111605050409,20251116,東京,1400,ダ,3勝,三連複,2-5-7,0.3655,2.1,0.768,10000,0,0.0,0,0,-10000,2025-11-16,6,True,12,True
2025111605050410,20251116,東京,1800,芝,3勝,三連複,6-5-8,0.3374,2.2,0.742,10000,0,0.0,0,0,-10000,2025-11-16,6,True,12,True
2025111608040410,20251116,京都,1800,ダ,3勝,三連複,5-4-9,0.2978,2.5,0.745,10000,0,0.0,0,0,-10000,2025-11-16,6,True,12,True
2025111608040412,20251116,京都,1800,芝,3勝,三連複,6-8-1,0.3302,2.3,0.759,10000,0,0.0,0,0,-10000,2025-11-16,6,True,12,True
2025112208040510,20251122,京都,2400,芝,3勝,三連複,5-2-4,0.2698,2.8,0.755,10000,2010,20.1,1,201000,191000,2025-11-22,5,True,12,True
2025112305050510,20251123,東京,1600,芝,3勝,三連複,11-3-1,0.295,2.5,0.737,10000,0,0.0,0,0,-10000,2025-11-23,6,True,12,True
2025112308040610,20251123,京都,1400,ダ,3勝,三連複,7-14-6,0.2634,2.8,0.738,10000,0,0.0,0,0,-10000,2025-11-23,6,True,12,True
2025112308040612,20251123,京都,1200,芝,3勝,三連複,3-11-2,0.2937,2.6,0.764,10000,0,0.0,0,0,-10000,2025-11-23,6,True,12,True
2025112905050710,20251129,東京,1400,ダ,3勝,三連複,4-15-13,0.2649,2.8,0.742,10000,0,0.0,0,0,-10000,2025-11-29,5,True,12,True
2025112908040710,20251129,京都,1400,芝,3勝,三連複,8-11-1,0.3561,2.1,0.748,10000,0,0.0,0,0,-10000,2025-11-29,5,True,12,True
2025113005050811,20251130,東京,2000,芝,3勝,三連複,4-15-9,0.3017,2.5,0.754,10000,0,0.0,0,0,-10000,2025-11-30,6,True,12,True
2025113008040810,20251130,京都,1800,ダ,3勝,三連複,9-12-8,0.2623,2.9,0.761,10000,0,0.0,0,0,-10000,2025-11-30,6,True,12,True
2025120607050111,20251206,中京,1400,芝,3勝,三連複,2-1-6,0.3601,2.1,0.756,10000,0,0.0,0,0,-10000,2025-12-06,5,True,12,True
2025120609050110,20251206,阪神,1200,ダ,3勝,三連複,15-4-3,0.2928,2.6,0.761,10000,0,0.0,0,0,-10000,2025-12-06,5,True,12,True
2025120706050209,20251207,中山,1200,芝,3勝,三連複,4-3-11,0.3271,2.3,0.752,10000,0,0.0,0,0,-10000,2025-12-07,6,True,12,True
2025120706050210,20251207,中山,1800,ダ,3勝,三連複,5-10-14,0.2991,2.5,0.748,10000,0,0.0,0,0,-10000,2025-12-07,6,True,12,True
2025120709050210,20251207,阪神,1800,芝,3勝,三連複,6-17-9,0.2486,3.0,0.746,10000,0,0.0,0,0,-10000,2025-12-07,6,True,12,True
2025121306050310,20251213,中山,1200,ダ,3勝,三連複,11-9-15,0.2802,2.7,0.757,10000,0,0.0,0,0,-10000,2025-12-13,5,True,12,True
2025121306050311,20251213,中山,1800,芝,3勝,三連複,4-15-3,0.2552,2.9,0.74,10000,0,0.0,0,0,-10000,2025-12-13,5,True,12,True
2025121407050411,20251214,中京,1200,芝,3勝,三連複,8-2-1,0.4146,1.8,0.746,10000,0,0.0,0,0,-10000,2025-12-14,6,True,12,True
2025121409050409,20251214,阪神,2200,芝,3勝,三連複,4-10-6,0.3686,2.0,0.737,10000,0,0.0,0,0,-10000,2025-12-14,6,True,12,True
2025121409050410,20251214,阪神,2000,ダ,3勝,三連複,2-8-4,0.3138,2.4,0.753,10000,0,0.0,0,0,-10000,2025-12-14,6,True,12,True
2025122007050511,20251220,中京,1800,ダ,3勝,三連複,6-8-7,0.369,2.0,0.738,10000,0,0.0,0,0,-10000,2025-12-20,5,True,12,True
2025122106050610,20251221,中山,1800,ダ,3勝,三連複,14-13-11,0.2869,2.6,0.746,10000,0,0.0,0,0,-10000,2025-12-21,6,True,12,True
2025122109050609,20251221,阪神,1400,ダ,3勝,三連複,5-6-4,0.259,2.9,0.751,10000,0,0.0,0,0,-10000,2025-12-21,6,True,12,True
2025122109050612,20251221,阪神,1400,芝,3勝,三連複,11-3-12,0.3306,2.3,0.76,10000,0,0.0,0,0,-10000,2025-12-21,6,True,12,True
2025122706050712,20251227,中山,2500,芝,3勝,三連複,14-4-12,0.3173,2.4,0.761,10000,0,0.0,0,0,-10000,2025-12-27,5,True,12,True
2025122709050710,20251227,阪神,1800,ダ,3勝,三連複,10-3-9,0.2588,2.9,0.751,10000,0,0.0,0,0,-10000,2025-12-27,5,True,12,True
2025122806050810,20251228,中山,1200,ダ,3勝,三連複,8-7-11,0.2594,2.9,0.752,10000,0,0.0,0,0,-10000,2025-12-28,6,True,12,True
2025122806050812,20251228,中山,1600,芝,3勝,三連複,6-11-8,0.2629,2.9,0.762,10000,0,0.0,0,0,-10000,2025-12-28,6,True,12,True
2025122809050810,20251228,阪神,2000,芝,3勝,三連複,7-8-10,0.4372,1.7,0.743,10000,0,0.0,0,0,-10000,2025-12-28,6,True,12,True
2025122809050812,20251228,阪神,1200,芝,3勝,三連複,2-6-9,0.368,2.0,0.736,10000,0,0.0,0,0,-10000,2025-12-28,6,True,12,True
