場所,クラス,馬券種,回収率,ウェイト,配分額,レース数/年,年間投資,年間払戻
中京,1000万,三連単,176.3,0.3045,3000,17.8,53400.0,94144.2
中京,1000万,三連複,170.8,0.295,2900,17.8,51620.0,88166.96
中京,1000万,馬連,130.6,0.2256,2200,17.8,39160.0,51142.96
中京,1000万,複勝,101.3,0.175,1700,17.8,30260.0,30653.38
中京,1600万,馬連,115.7,0.5254,5200,5.8,30160.0,34895.12
中京,1600万,複勝,104.5,0.4746,4700,5.8,27260.0,28486.7
中京,1勝,三連複,143.3,0.566,5600,46.7,261520.00000000003,374758.1600000001
中京,1勝,馬連,109.9,0.434,4300,46.7,200810.0,220690.19
中京,2勝,三連単,221.9,0.5043,5000,19.4,97000.0,215243.0
中京,2勝,三連複,218.1,0.4957,4900,19.4,95060.0,207325.86
中京,3勝,馬連,180.0,1.0,10000,8.3,83000.0,149400.0
中京,500万,三連複,153.7,0.4006,4000,79.0,316000.0,485692.0
中京,500万,三連単,117.0,0.3049,3000,79.0,237000.0,277290.0
中京,500万,馬連,113.0,0.2945,2900,79.0,229100.0,258883.0
中京,OP(L),三連複,265.6,0.6034,6000,2.7,16200.000000000002,43027.20000000001
中京,OP(L),三連単,174.6,0.3966,3900,2.7,10530.0,18385.38
中京,新馬,三連複,454.9,0.359,3500,20.5,71750.0,326390.75
中京,新馬,三連単,426.0,0.3361,3300,20.5,67650.0,288189.0
中京,新馬,馬連,236.3,0.1865,1800,20.5,36900.0,87194.7
中京,新馬,複勝,150.1,0.1184,1100,20.5,22550.0,33847.55
中京,未勝利,三連複,202.6,0.4332,4300,113.6,488480.0,989660.48
中京,未勝利,三連単,153.1,0.3273,3200,113.6,363520.0,556549.12
中京,未勝利,馬連,112.0,0.2395,2300,113.6,261280.0,292633.6
中京,Ｇ２,三連複,335.0,0.4762,4700,3.2,15040.0,50384.0
中京,Ｇ２,三連単,246.8,0.3508,3500,3.2,11200.0,27641.6
中京,Ｇ２,複勝,121.7,0.173,1700,3.2,5440.0,6620.48
中京,Ｇ３,三連単,178.9,0.3842,3800,6.3,23940.0,42828.66
中京,Ｇ３,三連複,177.9,0.382,3800,6.3,23940.0,42589.26
中京,Ｇ３,複勝,108.9,0.2338,2300,6.3,14490.0,15779.61
中京,ｵｰﾌﾟﾝ,三連複,163.6,0.4031,4000,9.0,36000.0,58896.0
中京,ｵｰﾌﾟﾝ,馬連,132.3,0.3259,3200,9.0,28800.0,38102.4
中京,ｵｰﾌﾟﾝ,複勝,110.0,0.271,2700,9.0,24300.0,26730.0
中山,1000万,馬連,171.4,0.4412,4400,41.1,180840.0,309959.76
中山,1000万,三連単,110.5,0.2844,2800,41.1,115080.0,127163.4
中山,1000万,複勝,106.6,0.2744,2700,41.1,110970.0,118294.02
中山,1600万,三連単,388.2,0.3961,3900,19.1,74490.0,289170.18
中山,1600万,三連複,299.0,0.3051,3000,19.1,57300.00000000001,171327.00000000003
中山,1600万,馬連,176.8,0.1804,1800,19.1,34380.0,60783.84
中山,1600万,複勝,116.0,0.1184,1100,19.1,21010.0,24371.6
中山,1勝,馬連,140.2,0.3984,3900,38.3,149370.0,209416.74
中山,1勝,三連複,111.6,0.3171,3100,38.3,118729.99999999999,132502.68
中山,1勝,三連単,100.1,0.2845,2800,38.3,107239.99999999999,107347.23999999998
中山,2勝,三連複,392.9,0.5549,5500,23.0,126500.0,497018.5
中山,2勝,馬連,202.8,0.2864,2800,23.0,64400.0,130603.2
中山,2勝,複勝,112.4,0.1587,1500,23.0,34500.0,38778.0
中山,3勝,三連複,232.7,0.33,3200,10.5,33600.0,78187.2
中山,3勝,三連単,203.6,0.2887,2800,10.5,29400.0,59858.4
中山,3勝,馬連,155.4,0.2204,2200,10.5,23100.0,35897.4
中山,3勝,複勝,113.5,0.1609,1600,10.5,16800.0,19068.0
中山,500万,三連複,169.9,0.3327,3300,71.9,237270.00000000003,403121.7300000001
中山,500万,馬連,135.2,0.2648,2600,71.9,186940.00000000003,252742.88
中山,500万,三連単,103.8,0.2033,2000,71.9,143800.0,149264.4
中山,500万,複勝,101.7,0.1992,1900,71.9,136610.0,138932.37
中山,OP(L),複勝,107.6,1.0,10000,3.3,33000.0,35508.0
中山,新馬,三連単,2097.8,0.4802,4800,41.8,200640.0,4209025.920000001
中山,新馬,三連複,1563.9,0.358,3500,41.8,146300.0,2287985.7
中山,新馬,馬連,525.6,0.1203,1200,41.8,50160.0,263640.96
中山,新馬,複勝,181.7,0.0416,400,41.8,16720.0,30380.24
中山,未勝利,三連単,169.3,0.3787,3700,153.9,569430.0,964044.99
中山,未勝利,三連複,164.2,0.3673,3600,153.9,554040.0,909733.68
中山,未勝利,馬連,113.6,0.2541,2500,153.9,384750.0,437076.0
中山,Ｇ１,複勝,107.5,0.3449,3400,3.2,10880.0,11696.0
中山,Ｇ１,馬連,102.7,0.3295,3200,3.2,10240.0,10516.48
中山,Ｇ１,三連単,101.5,0.3256,3200,3.2,10240.0,10393.6
中山,Ｇ２,三連単,265.3,0.3815,3800,8.3,31540.000000000004,83675.62000000001
中山,Ｇ２,馬連,157.5,0.2265,2200,8.3,18260.0,28759.5
中山,Ｇ２,三連複,149.6,0.2151,2100,8.3,17430.0,26075.28
中山,Ｇ２,複勝,123.1,0.177,1700,8.3,14110.000000000002,17369.410000000003
中山,Ｇ３,三連複,261.9,0.3324,3300,9.4,31020.0,81241.37999999999
中山,Ｇ３,三連単,257.9,0.3274,3200,9.4,30080.0,77576.31999999999
中山,Ｇ３,馬連,144.9,0.1839,1800,9.4,16920.0,24517.08
中山,Ｇ３,複勝,123.1,0.1563,1500,9.4,14100.0,17357.1
中山,ｵｰﾌﾟﾝ,三連複,576.2,0.5268,5200,18.9,98279.99999999999,566289.3599999999
中山,ｵｰﾌﾟﾝ,馬連,209.0,0.1911,1900,18.9,35910.0,75051.9
中山,ｵｰﾌﾟﾝ,三連単,201.8,0.1845,1800,18.9,34020.0,68652.36
中山,ｵｰﾌﾟﾝ,複勝,106.7,0.0976,900,18.9,17010.0,18149.67
京都,1000万,三連単,190.6,0.3221,3200,52.8,168960.0,322037.76
京都,1000万,三連複,149.7,0.253,2500,52.8,132000.0,197604.0
京都,1000万,馬連,148.7,0.2513,2500,52.8,132000.0,196284.0
京都,1000万,複勝,102.7,0.1736,1700,52.8,89760.0,92183.52
京都,1600万,三連複,120.0,0.3485,3400,24.9,84660.0,101592.0
京都,1600万,馬連,119.7,0.3477,3400,24.9,84660.0,101338.02
京都,1600万,複勝,104.6,0.3038,3000,24.9,74700.0,78136.2
京都,1勝,三連複,112.6,0.3509,3500,14.1,49350.0,55568.1
京都,1勝,複勝,106.9,0.3331,3300,14.1,46530.0,49740.57
京都,1勝,馬連,101.4,0.316,3100,14.1,43710.0,44321.94
京都,2勝,三連複,171.7,0.324,3200,10.1,32320.0,55493.44
京都,2勝,三連単,133.3,0.2515,2500,10.1,25250.0,33658.25000000001
京都,2勝,馬連,119.8,0.226,2200,10.1,22220.0,26619.56
京都,2勝,複勝,105.2,0.1985,1900,10.1,19190.0,20187.88
京都,3勝,馬連,144.6,0.5907,5900,4.7,27730.0,40097.58
京都,3勝,複勝,100.2,0.4093,4000,4.7,18800.0,18837.6
京都,500万,三連複,115.9,0.3597,3500,83.7,292950.0,339529.05
京都,500万,三連単,105.7,0.3281,3200,83.7,267840.0,283106.88
京都,500万,馬連,100.6,0.3122,3100,83.7,259470.0,261026.82
京都,OP(L),三連複,423.0,0.4093,4000,2.7,10800.0,45684.0
京都,OP(L),三連単,337.7,0.3268,3200,2.7,8640.0,29177.28
京都,OP(L),馬連,150.4,0.1455,1400,2.7,3780.0000000000005,5685.120000000001
京都,OP(L),複勝,122.4,0.1184,1100,2.7,2970.0,3635.28
京都,新馬,三連複,448.1,0.3369,3300,35.7,117810.00000000001,527906.6100000001
京都,新馬,三連単,429.0,0.3226,3200,35.7,114240.00000000001,490089.6000000001
京都,新馬,馬連,290.0,0.2181,2100,35.7,74970.0,217413.0
京都,新馬,複勝,162.8,0.1224,1200,35.7,42840.0,69743.52
京都,未勝利,三連複,161.3,0.3692,3600,127.2,457920.0,738624.96
京都,未勝利,三連単,152.2,0.3484,3400,127.2,432480.0,658234.5599999999
京都,未勝利,馬連,123.4,0.2824,2800,127.2,356160.0,439501.44
京都,Ｇ１,三連単,768.1,0.4377,4300,4.1,17630.0,135416.03
京都,Ｇ１,三連複,543.7,0.3098,3000,4.1,12299.999999999998,66875.1
京都,Ｇ１,馬連,273.2,0.1557,1500,4.1,6149.999999999999,16801.8
京都,Ｇ１,複勝,169.8,0.0968,900,4.1,3689.9999999999995,6265.62
京都,Ｇ２,三連単,514.5,0.469,4600,5.0,23000.0,118335.0
京都,Ｇ２,三連複,309.4,0.282,2800,5.0,14000.0,43316.0
京都,Ｇ２,複勝,137.5,0.1253,1200,5.0,6000.0,8250.0
京都,Ｇ２,馬連,135.6,0.1236,1200,5.0,6000.0,8136.0
京都,Ｇ３,三連複,389.1,0.4996,4900,7.0,34300.0,133461.3
京都,Ｇ３,馬連,169.5,0.2176,2100,7.0,14700.0,24916.5
京都,Ｇ３,複勝,113.9,0.1463,1400,7.0,9800.0,11162.2
京都,Ｇ３,三連単,106.3,0.1365,1300,7.0,9100.0,9673.3
京都,ｵｰﾌﾟﾝ,馬連,162.3,0.3722,3700,19.7,72890.0,118300.47
京都,ｵｰﾌﾟﾝ,三連単,159.9,0.3667,3600,19.7,70920.0,113401.08
京都,ｵｰﾌﾟﾝ,複勝,113.8,0.261,2600,19.7,51220.0,58288.36
函館,1000万,三連単,161.6,0.4166,4100,10.8,44280.0,71556.48
函館,1000万,三連複,123.4,0.3181,3100,10.8,33480.0,41314.32
函館,1000万,馬連,102.9,0.2653,2600,10.8,28080.000000000004,28894.320000000003
函館,1勝,三連複,105.7,1.0,10000,17.5,175000.0,184975.0
函館,2勝,三連単,395.1,0.3965,3900,6.9,26910.0,106321.41
函館,2勝,三連複,325.9,0.327,3200,6.9,22080.0,71958.71999999999
函館,2勝,馬連,166.3,0.1669,1600,6.9,11040.0,18359.520000000004
函館,2勝,複勝,109.2,0.1096,1000,6.9,6900.0,7534.8
函館,500万,三連複,145.6,0.4037,4000,34.4,137600.0,200345.6
函館,500万,三連単,114.9,0.3185,3100,34.4,106640.0,122529.36
函館,500万,馬連,100.2,0.2778,2700,34.4,92880.0,93065.76
函館,新馬,三連複,535.5,0.4868,4800,14.1,67680.0,362426.4
函館,新馬,三連単,230.8,0.2098,2000,14.1,28200.0,65085.6
函館,新馬,馬連,201.6,0.1833,1800,14.1,25380.0,51166.08
函館,新馬,複勝,132.1,0.1201,1200,14.1,16920.0,22351.32
函館,未勝利,馬連,112.0,0.5025,5000,64.2,321000.0,359520.0
函館,未勝利,三連複,110.9,0.4975,4900,64.2,314580.0,348869.22
函館,Ｇ３,複勝,122.1,0.5056,5000,3.5,17500.0,21367.5
函館,Ｇ３,馬連,119.4,0.4944,4900,3.5,17150.0,20477.1
函館,ｵｰﾌﾟﾝ,馬連,244.7,0.7003,7000,3.2,22400.0,54812.8
函館,ｵｰﾌﾟﾝ,複勝,104.7,0.2997,2900,3.2,9280.0,9716.16
小倉,1000万,三連単,351.1,0.5954,5900,13.0,76700.0,269293.7
小倉,1000万,三連複,238.6,0.4046,4000,13.0,52000.0,124072.0
小倉,1600万,三連複,250.5,0.5348,5300,4.3,22790.0,57088.95
小倉,1600万,馬連,112.7,0.2406,2400,4.3,10320.0,11630.64
小倉,1600万,複勝,105.2,0.2246,2200,4.3,9460.0,9951.92
小倉,1勝,三連複,140.6,0.3608,3600,34.2,123120.00000000001,173106.72
小倉,1勝,馬連,136.5,0.3503,3500,34.2,119700.00000000001,163390.50000000003
小倉,1勝,三連単,112.6,0.2889,2800,34.2,95760.00000000001,107825.76000000002
小倉,2勝,三連複,253.7,0.3357,3300,11.9,39270.0,99627.99
小倉,2勝,三連単,202.1,0.2674,2600,11.9,30940.0,62529.74
小倉,2勝,馬連,192.9,0.2553,2500,11.9,29750.0,57387.75
小倉,2勝,複勝,107.0,0.1416,1400,11.9,16660.0,17826.2
小倉,3勝,馬連,197.5,0.6605,6600,4.4,29040.000000000004,57354.00000000001
小倉,3勝,複勝,101.5,0.3395,3300,4.4,14520.000000000002,14737.800000000003
小倉,500万,三連複,165.4,0.2894,2800,59.2,165760.0,274167.04
小倉,500万,馬連,158.5,0.2773,2700,59.2,159840.0,253346.4
小倉,500万,三連単,145.6,0.2547,2500,59.2,148000.0,215488.0
小倉,500万,複勝,102.1,0.1786,1700,59.2,100640.0,102753.44
小倉,新馬,三連単,1323.3,0.4914,4900,17.9,87710.0,1160666.43
小倉,新馬,三連複,910.3,0.338,3300,17.9,59069.99999999999,537714.21
小倉,新馬,馬連,314.2,0.1167,1100,17.9,19690.0,61865.98
小倉,新馬,複勝,145.1,0.0539,500,17.9,8950.0,12986.45
小倉,未勝利,三連複,163.6,0.364,3600,103.2,371520.0,607806.72
小倉,未勝利,三連単,150.4,0.3346,3300,103.2,340560.0,512202.24
小倉,未勝利,馬連,135.5,0.3014,3000,103.2,309600.0,419508.0
小倉,Ｇ３,三連複,626.8,0.4756,4700,4.7,22090.0,138460.12
小倉,Ｇ３,三連単,421.7,0.32,3200,4.7,15040.0,63423.68
小倉,Ｇ３,馬連,144.4,0.1096,1000,4.7,4700.0,6786.8
小倉,Ｇ３,複勝,124.9,0.0948,900,4.7,4230.0,5283.27
小倉,ｵｰﾌﾟﾝ,三連複,148.7,0.3992,3900,7.8,30420.0,45234.54
小倉,ｵｰﾌﾟﾝ,馬連,120.1,0.3224,3200,7.8,24960.0,29976.96
小倉,ｵｰﾌﾟﾝ,複勝,103.7,0.2784,2700,7.8,21060.0,21839.22
新潟,1000万,三連複,261.4,0.3369,3300,14.4,47520.0,124217.27999999998
新潟,1000万,三連単,236.3,0.3045,3000,14.4,43200.0,102081.6
新潟,1000万,馬連,159.0,0.2049,2000,14.4,28800.0,45792.0
新潟,1000万,複勝,119.3,0.1537,1500,14.4,21600.0,25768.8
新潟,1600万,三連単,225.4,0.3567,3500,5.3,18550.0,41811.7
新潟,1600万,三連複,147.5,0.2334,2300,5.3,12190.0,17980.25
新潟,1600万,馬連,143.6,0.2273,2200,5.3,11660.0,16743.76
新潟,1600万,複勝,115.4,0.1826,1800,5.3,9540.0,11009.16
新潟,1勝,三連単,301.2,0.3785,3700,39.8,147260.0,443547.12
新潟,1勝,三連複,248.8,0.3126,3100,39.8,123379.99999999999,306969.43999999994
新潟,1勝,馬連,138.1,0.1735,1700,39.8,67660.0,93438.46
新潟,1勝,複勝,107.7,0.1353,1300,39.8,51739.99999999999,55723.97999999999
新潟,2勝,三連複,134.6,0.3861,3800,12.3,46740.0,62912.04
新潟,2勝,馬連,108.8,0.3121,3100,12.3,38130.0,41485.44
新潟,2勝,複勝,105.2,0.3018,3000,12.3,36900.0,38818.8
新潟,3勝,三連単,389.0,0.4081,4000,5.2,20800.0,80912.0
新潟,3勝,馬連,257.2,0.2698,2600,5.2,13520.0,34773.44
新潟,3勝,三連複,198.1,0.2078,2000,5.2,10400.0,20602.4
新潟,3勝,複勝,108.9,0.1142,1100,5.2,5720.0,6229.08
新潟,500万,馬連,164.7,0.2843,2800,71.2,199360.0,328345.92
新潟,500万,三連複,157.9,0.2726,2700,71.2,192240.0,303546.96
新潟,500万,三連単,145.9,0.2519,2500,71.2,178000.0,259702.0
新潟,500万,複勝,110.8,0.1913,1900,71.2,135280.0,149890.24
新潟,OP(L),馬連,188.3,0.5765,5700,2.1,11970.0,22539.51
新潟,OP(L),複勝,138.3,0.4235,4200,2.1,8820.0,12198.06
新潟,新馬,三連複,629.9,0.3741,3700,23.2,85840.0,540706.16
新潟,新馬,三連単,612.5,0.3638,3600,23.2,83520.0,511560.0
新潟,新馬,馬連,303.4,0.1802,1800,23.2,41760.0,126699.83999999998
新潟,新馬,複勝,137.8,0.0818,800,23.2,18560.0,25575.68
新潟,未勝利,三連複,165.4,0.371,3700,127.3,471010.0,779050.54
新潟,未勝利,三連単,159.7,0.3582,3500,127.3,445550.0,711543.35
新潟,未勝利,馬連,120.7,0.2707,2700,127.3,343710.0,414857.97
新潟,Ｇ３,三連単,352.1,0.3575,3500,6.1,21350.0,75173.35
新潟,Ｇ３,三連複,283.0,0.2874,2800,6.1,17080.0,48336.4
新潟,Ｇ３,馬連,215.9,0.2192,2100,6.1,12810.0,27656.79
新潟,Ｇ３,複勝,133.8,0.1359,1300,6.1,7929.999999999999,10610.34
新潟,ｵｰﾌﾟﾝ,三連単,363.0,0.3863,3800,12.2,46360.0,168286.8
新潟,ｵｰﾌﾟﾝ,三連複,311.3,0.3313,3300,12.2,40260.0,125329.38
新潟,ｵｰﾌﾟﾝ,馬連,152.8,0.1626,1600,12.2,19520.0,29826.56
新潟,ｵｰﾌﾟﾝ,複勝,112.5,0.1197,1100,12.2,13420.0,15097.5
札幌,1000万,三連単,213.9,0.3601,3600,8.9,32040.0,68533.56
札幌,1000万,三連複,150.8,0.2539,2500,8.9,22250.0,33553.00000000001
札幌,1000万,馬連,125.0,0.2104,2100,8.9,18690.0,23362.5
札幌,1000万,複勝,104.3,0.1756,1700,8.9,15130.0,15780.59
札幌,1勝,馬連,128.1,0.3517,3500,19.2,67200.0,86083.2
札幌,1勝,三連複,124.6,0.3421,3400,19.2,65280.0,81338.88
札幌,1勝,複勝,111.5,0.3062,3000,19.2,57600.0,64224.0
札幌,2勝,三連単,556.1,0.4605,4600,8.3,38180.0,212318.98
札幌,2勝,三連複,368.4,0.3051,3000,8.3,24900.000000000004,91731.6
札幌,2勝,馬連,166.1,0.1376,1300,8.3,10790.000000000002,17922.190000000002
札幌,2勝,複勝,116.9,0.0968,900,8.3,7470.000000000001,8732.43
札幌,500万,三連単,137.7,0.3711,3700,23.6,87320.0,120239.63999999998
札幌,500万,馬連,122.9,0.3312,3300,23.6,77880.0,95714.52
札幌,500万,三連複,110.5,0.2978,2900,23.6,68440.0,75626.2
札幌,新馬,三連複,423.4,0.435,4300,11.6,49880.0,211191.92
札幌,新馬,三連単,218.6,0.2246,2200,11.6,25520.0,55786.72
札幌,新馬,馬連,197.3,0.2027,2000,11.6,23200.0,45773.6
札幌,新馬,複勝,134.1,0.1378,1300,11.6,15080.0,20222.28
札幌,未勝利,三連複,197.8,0.4123,4100,54.8,224680.0,444417.04
札幌,未勝利,三連単,152.7,0.3183,3100,54.8,169880.0,259406.75999999995
札幌,未勝利,馬連,129.3,0.2695,2600,54.8,142480.0,184226.64
札幌,Ｇ３,三連単,875.0,0.4337,4300,3.5,15050.0,131687.5
札幌,Ｇ３,三連複,774.9,0.3841,3800,3.5,13300.0,103061.7
札幌,Ｇ３,馬連,218.1,0.1081,1000,3.5,3500.0,7633.5
札幌,Ｇ３,複勝,149.3,0.074,700,3.5,2450.0,3657.85
札幌,ｵｰﾌﾟﾝ,三連複,236.9,0.3952,3900,5.1,19890.0,47119.41
札幌,ｵｰﾌﾟﾝ,三連単,134.6,0.2245,2200,5.1,11220.0,15102.12
札幌,ｵｰﾌﾟﾝ,馬連,114.7,0.1913,1900,5.1,9690.0,11114.43
札幌,ｵｰﾌﾟﾝ,複勝,113.3,0.189,1800,5.1,9180.0,10400.94
東京,1000万,三連複,175.9,0.3223,3200,49.5,158400.0,278625.6
東京,1000万,馬連,137.2,0.2514,2500,49.5,123750.0,169785.0
東京,1000万,三連単,125.8,0.2305,2300,49.5,113850.0,143223.3
東京,1000万,複勝,106.8,0.1957,1900,49.5,94050.0,100445.4
東京,1600万,複勝,107.7,1.0,10000,23.6,236000.0,254172.0
東京,1勝,三連複,156.3,0.311,3100,41.5,128650.0,201079.95
東京,1勝,馬連,130.2,0.2591,2500,41.5,103750.0,135082.49999999997
東京,1勝,三連単,110.9,0.2207,2200,41.5,91300.0,101251.7
東京,1勝,複勝,105.2,0.2093,2000,41.5,83000.0,87316.0
東京,2勝,三連複,174.4,0.2912,2900,29.2,84680.0,147681.92
東京,2勝,三連単,171.8,0.2868,2800,29.2,81760.0,140463.68
東京,2勝,馬連,151.3,0.2526,2500,29.2,73000.0,110449.0
東京,2勝,複勝,101.5,0.1694,1600,29.2,46720.0,47420.8
東京,3勝,三連複,165.6,0.4138,4100,14.1,57810.0,95733.36
東京,3勝,馬連,126.3,0.3156,3100,14.1,43710.0,55205.73
東京,3勝,三連単,108.3,0.2706,2700,14.1,38070.0,41229.81
東京,500万,三連単,198.4,0.3045,3000,85.0,255000.0,505920.0
東京,500万,三連複,197.0,0.3024,3000,85.0,255000.0,502350.0
東京,500万,馬連,150.5,0.231,2300,85.0,195500.0,294227.5
東京,500万,複勝,105.6,0.1621,1600,85.0,136000.0,143616.0
東京,OP(L),三連単,731.5,0.4621,4600,5.7,26220.0,191799.3
東京,OP(L),三連複,517.4,0.3268,3200,5.7,18240.0,94373.76
東京,OP(L),馬連,222.4,0.1405,1400,5.7,7980.0,17747.52
東京,OP(L),複勝,111.8,0.0706,700,5.7,3990.0,4460.82
東京,新馬,三連複,507.8,0.354,3500,50.3,176050.0,893981.9
東京,新馬,三連単,503.8,0.3512,3500,50.3,176050.0,886939.9
東京,新馬,馬連,282.6,0.197,1900,50.3,95570.0,270080.82000000007
東京,新馬,複勝,140.3,0.0978,900,50.3,45270.0,63513.81000000001
東京,未勝利,三連複,166.9,0.3768,3700,171.4,634180.0,1058446.42
東京,未勝利,三連単,159.8,0.3608,3600,171.4,617040.0,986029.92
東京,未勝利,馬連,116.2,0.2624,2600,171.4,445640.0,517833.68
東京,Ｇ１,三連単,729.2,0.5415,5400,8.0,43200.0,315014.4
東京,Ｇ１,三連複,342.5,0.2543,2500,8.0,20000.0,68500.0
東京,Ｇ１,馬連,144.0,0.1069,1000,8.0,8000.0,11520.0
東京,Ｇ１,複勝,130.9,0.0972,900,8.0,7200.0,9424.8
東京,Ｇ２,三連複,223.5,0.4552,4500,8.3,37350.0,83477.25
東京,Ｇ２,三連単,141.9,0.289,2800,8.3,23240.000000000004,32977.560000000005
東京,Ｇ２,複勝,125.6,0.2558,2500,8.3,20750.0,26062.0
東京,Ｇ３,複勝,116.0,1.0,10000,10.3,103000.0,119480.0
東京,ｵｰﾌﾟﾝ,三連複,395.7,0.3914,3900,17.4,67860.0,268522.02
東京,ｵｰﾌﾟﾝ,三連単,368.1,0.3641,3600,17.4,62639.99999999999,230577.84
東京,ｵｰﾌﾟﾝ,馬連,139.9,0.1384,1300,17.4,22619.999999999996,31645.379999999994
東京,ｵｰﾌﾟﾝ,複勝,107.3,0.1061,1000,17.4,17400.0,18670.2
福島,1000万,三連複,179.4,0.6405,6400,11.5,73600.0,132038.4
福島,1000万,複勝,100.7,0.3595,3500,11.5,40250.0,40531.75
福島,1600万,三連複,194.4,0.6219,6200,2.5,15500.0,30132.0
福島,1600万,馬連,118.2,0.3781,3700,2.5,9250.0,10933.5
福島,1勝,馬連,118.0,0.5191,5100,27.1,138210.0,163087.8
福島,1勝,三連複,109.3,0.4809,4800,27.1,130080.0,142177.44
福島,2勝,馬連,118.5,0.5379,5300,7.7,40810.0,48359.85
福島,2勝,三連複,101.8,0.4621,4600,7.7,35420.0,36057.56
福島,3勝,三連単,144.6,0.3653,3600,3.3,11880.0,17178.48
福島,3勝,馬連,131.5,0.3322,3300,3.3,10890.0,14320.35
福島,3勝,三連複,119.7,0.3024,3000,3.3,9900.0,11850.3
福島,500万,三連単,308.2,0.4071,4000,63.5,254000.0,782828.0
福島,500万,三連複,216.0,0.2853,2800,63.5,177800.0,384048.0
福島,500万,馬連,129.6,0.1712,1700,63.5,107950.0,139903.2
福島,500万,複勝,103.3,0.1364,1300,63.5,82550.0,85274.15
福島,新馬,三連複,725.4,0.4396,4300,16.0,68800.0,499075.2
福島,新馬,三連単,590.4,0.3578,3500,16.0,56000.0,330624.0
福島,新馬,馬連,179.2,0.1086,1000,16.0,16000.0,28672.0
福島,新馬,複勝,155.2,0.094,900,16.0,14400.0,22348.8
福島,未勝利,三連単,255.4,0.4037,4000,90.0,360000.0,919440.0
福島,未勝利,三連複,241.4,0.3815,3800,90.0,342000.0,825588.0
福島,未勝利,馬連,135.9,0.2148,2100,90.0,189000.0,256851.0
福島,Ｇ３,三連複,141.8,0.3908,3900,3.9,15210.0,21567.78
福島,Ｇ３,複勝,117.3,0.3233,3200,3.9,12480.0,14639.04
福島,Ｇ３,馬連,103.7,0.2858,2800,3.9,10920.0,11324.04
福島,ｵｰﾌﾟﾝ,三連複,388.2,0.411,4100,8.8,36080.0,140062.56
福島,ｵｰﾌﾟﾝ,馬連,285.6,0.3024,3000,8.8,26400.000000000004,75398.40000000002
福島,ｵｰﾌﾟﾝ,三連単,142.2,0.1506,1500,8.8,13200.000000000002,18770.4
福島,ｵｰﾌﾟﾝ,複勝,128.5,0.1361,1300,8.8,11440.000000000002,14700.400000000001
阪神,1000万,三連単,181.5,0.3163,3100,41.9,129890.0,235750.35
阪神,1000万,三連複,172.7,0.301,3000,41.9,125700.0,217083.9
阪神,1000万,馬連,114.6,0.1997,1900,41.9,79610.0,91233.06
阪神,1000万,複勝,105.0,0.183,1800,41.9,75420.0,79191.0
阪神,1600万,三連単,305.1,0.3864,3800,21.4,81320.0,248107.32
阪神,1600万,三連複,242.2,0.3068,3000,21.4,64199.99999999999,155492.4
阪神,1600万,馬連,138.5,0.1754,1700,21.4,36380.0,50386.3
阪神,1600万,複勝,103.7,0.1313,1300,21.4,27819.999999999996,28849.339999999997
阪神,1勝,三連複,225.9,0.4129,4100,46.7,191470.0,432530.73
阪神,1勝,三連単,213.5,0.3902,3900,46.7,182130.0,388847.55
阪神,1勝,馬連,107.7,0.1969,1900,46.7,88730.0,95562.21
阪神,2勝,三連単,168.5,0.4144,4100,33.0,135300.0,227980.5
阪神,2勝,三連複,125.1,0.3077,3000,33.0,99000.0,123849.0
阪神,2勝,馬連,113.0,0.2779,2700,33.0,89100.0,100683.0
阪神,3勝,三連複,147.2,0.3669,3600,16.3,58680.0,86376.96
阪神,3勝,三連単,144.8,0.3609,3600,16.3,58680.0,84968.64
阪神,3勝,馬連,109.2,0.2722,2700,16.3,44010.0,48058.92
阪神,500万,三連複,153.7,0.2932,2900,79.1,229389.99999999997,352572.42999999993
阪神,500万,三連単,149.7,0.2855,2800,79.1,221479.99999999997,331555.55999999994
阪神,500万,馬連,119.6,0.2281,2200,79.1,174020.0,208127.92
阪神,500万,複勝,101.3,0.1932,1900,79.1,150290.0,152243.77
阪神,OP(L),三連単,269.1,0.3244,3200,5.6,17920.0,48222.72
阪神,OP(L),馬連,232.2,0.2799,2700,5.6,15119.999999999998,35108.63999999999
阪神,OP(L),三連複,205.2,0.2473,2400,5.6,13440.0,27578.88
阪神,OP(L),複勝,123.1,0.1484,1400,5.6,7839.999999999999,9651.039999999999
阪神,新馬,三連単,596.3,0.3709,3700,45.2,167240.0,997252.1199999999
阪神,新馬,三連複,521.2,0.3241,3200,45.2,144640.0,753863.68
阪神,新馬,馬連,334.8,0.2082,2000,45.2,90400.0,302659.2
阪神,新馬,複勝,155.6,0.0968,900,45.2,40680.0,63298.08
阪神,未勝利,三連複,133.8,0.3589,3500,182.2,637700.0,853242.6
阪神,未勝利,三連単,128.9,0.3458,3400,182.2,619480.0,798509.72
阪神,未勝利,馬連,110.1,0.2953,2900,182.2,528380.0,581746.38
阪神,Ｇ１,三連複,1370.5,0.4638,4600,5.8,26680.0,365649.4
阪神,Ｇ１,三連単,1299.4,0.4398,4300,5.8,24940.0,324070.36000000004
阪神,Ｇ１,馬連,165.5,0.056,500,5.8,2900.0,4799.5
阪神,Ｇ１,複勝,119.3,0.0404,400,5.8,2320.0,2767.76
阪神,Ｇ２,馬連,117.9,0.5304,5300,7.9,41870.0,49364.73
阪神,Ｇ２,複勝,104.4,0.4696,4600,7.9,36340.0,37938.96
阪神,Ｇ３,三連単,871.6,0.5255,5200,9.8,50960.00000000001,444167.3600000001
阪神,Ｇ３,三連複,487.0,0.2936,2900,9.8,28420.000000000004,138405.40000000002
阪神,Ｇ３,馬連,183.3,0.1105,1100,9.8,10780.0,19759.74
阪神,Ｇ３,複勝,116.6,0.0703,700,9.8,6860.000000000001,7998.760000000001
阪神,ｵｰﾌﾟﾝ,三連複,209.6,0.3166,3100,19.1,59210.00000000001,124104.16000000002
阪神,ｵｰﾌﾟﾝ,三連単,195.1,0.2947,2900,19.1,55390.00000000001,108065.89000000001
阪神,ｵｰﾌﾟﾝ,馬連,145.3,0.2195,2100,19.1,40110.0,58279.83
阪神,ｵｰﾌﾟﾝ,複勝,112.1,0.1693,1600,19.1,30560.000000000004,34257.76
