date,race_id,umaban,horse_name,venue,race_no,pos_raw,pos,finish_status,miss_stage,month,weekday,血統登録番号
260307,2026030706020304,4,プラチナドリーム,中山,4,1,1.0,finished,weekly_join,3,土,
260307,2026030706020304,3,メイショウソムリエ,中山,4,2,2.0,finished,weekly_join,3,土,
260307,2026030706020304,1,コレクテイニア,中山,4,3,3.0,finished,weekly_join,3,土,
260307,2026030706020304,7,ホークフィールド,中山,4,4,4.0,finished,weekly_join,3,土,
260307,2026030706020304,9,ヴラディア,中山,4,5,5.0,finished,weekly_join,3,土,
260307,2026030706020304,5,キングサーガ,中山,4,6,6.0,finished,weekly_join,3,土,
260307,2026030706020304,6,インディゴブラック,中山,4,7,7.0,finished,weekly_join,3,土,
260307,2026030706020304,11,コンテナワールド,中山,4,8,8.0,finished,weekly_join,3,土,
260307,2026030706020304,2,アルカンサス,中山,4,9,9.0,finished,weekly_join,3,土,
260307,2026030706020304,14,ロードリベラシオン,中山,4,10,10.0,finished,weekly_join,3,土,
260307,2026030706020304,13,アメリカンピース,中山,4,11,11.0,finished,weekly_join,3,土,
260307,2026030706020304,12,クラウンセト,中山,4,12,12.0,finished,weekly_join,3,土,
260307,2026030706020304,8,マルベリーシチー,中山,4,13,13.0,finished,weekly_join,3,土,
260307,2026030706020304,10,アスクオンディープ,中山,4,14,14.0,finished,weekly_join,3,土,
260308,2026030806020404,4,バルサムノート,中山,4,1,1.0,finished,weekly_join,3,日,
260308,2026030806020404,1,シャンデルナゴル,中山,4,2,2.0,finished,weekly_join,3,日,
260308,2026030806020404,6,モンツァフレイバー,中山,4,3,3.0,finished,weekly_join,3,日,
260308,2026030806020404,9,ロードヴァレンチ,中山,4,4,4.0,finished,weekly_join,3,日,
260308,2026030806020404,10,ライラスター,中山,4,5,5.0,finished,weekly_join,3,日,
260308,2026030806020404,2,ダスク,中山,4,6,6.0,finished,weekly_join,3,日,
260308,2026030806020404,3,グラヴィテ,中山,4,7,7.0,finished,weekly_join,3,日,
260308,2026030806020404,8,ニシノルアノーヴァ,中山,4,8,8.0,finished,weekly_join,3,日,
260308,2026030806020404,12,ノーブルクライ,中山,4,9,9.0,finished,weekly_join,3,日,
260308,2026030806020404,14,プレミアブルー,中山,4,10,10.0,finished,weekly_join,3,日,
260308,2026030806020404,13,テイエムタワードン,中山,4,11,11.0,finished,weekly_join,3,日,
260308,2026030806020404,7,ホウオウスターツ,中山,4,12,12.0,finished,weekly_join,3,日,
260308,2026030806020404,5,グランナヴィール,中山,4,13,13.0,finished,weekly_join,3,日,
260308,2026030806020404,11,ルーチェロッサ,中山,4,14,14.0,finished,weekly_join,3,日,
260315,2026031509010804,14,ヴァランセカズマ,阪神,4,1,1.0,finished,weekly_join,3,日,
260315,2026031509010804,3,フォーディアライフ,阪神,4,2,2.0,finished,weekly_join,3,日,
260315,2026031509010804,13,インターステラ,阪神,4,3,3.0,finished,weekly_join,3,日,
260315,2026031509010804,9,ヴォンヌヴォー,阪神,4,4,4.0,finished,weekly_join,3,日,
260315,2026031509010804,4,ジロラータ,阪神,4,5,5.0,finished,weekly_join,3,日,
260315,2026031509010804,7,セイフウサツキ,阪神,4,6,6.0,finished,weekly_join,3,日,
260315,2026031509010804,8,コルデアニル,阪神,4,7,7.0,finished,weekly_join,3,日,
260315,2026031509010804,10,メイショウコガシラ,阪神,4,8,8.0,finished,weekly_join,3,日,
260315,2026031509010804,1,ポワンキュルミナン,阪神,4,9,9.0,finished,weekly_join,3,日,
260315,2026031509010804,2,オリンポスカズマ,阪神,4,10,10.0,finished,weekly_join,3,日,
260315,2026031509010804,5,ヴァルトバーデン,阪神,4,11,11.0,finished,weekly_join,3,日,
260315,2026031509010804,6,ロワゾブルー,阪神,4,12,12.0,finished,weekly_join,3,日,
260315,2026031509010804,12,スノーリン,阪神,4,13,13.0,finished,weekly_join,3,日,
260315,2026031509010804,11,スラーヴァ,阪神,4,14,14.0,finished,weekly_join,3,日,
260322,2026032206020804,14,モズバンディット,中山,4,1,1.0,finished,weekly_join,3,日,
260322,2026032206020804,7,バラジ,中山,4,2,2.0,finished,weekly_join,3,日,
260322,2026032206020804,1,ミレニアムヒロイン,中山,4,3,3.0,finished,weekly_join,3,日,
260322,2026032206020804,9,カルマンフィルター,中山,4,4,4.0,finished,weekly_join,3,日,
260322,2026032206020804,3,デスティネ,中山,4,5,5.0,finished,weekly_join,3,日,
260322,2026032206020804,10,サラフィエル,中山,4,6,6.0,finished,weekly_join,3,日,
260322,2026032206020804,2,ゴーツウキリシマ,中山,4,7,7.0,finished,weekly_join,3,日,
260322,2026032206020804,8,タガノバルコス,中山,4,8,8.0,finished,weekly_join,3,日,
260322,2026032206020804,6,クリアクォーツ,中山,4,9,9.0,finished,weekly_join,3,日,
260322,2026032206020804,12,ハーバーライト,中山,4,10,10.0,finished,weekly_join,3,日,
260322,2026032206020804,11,コスモゴレアドール,中山,4,11,11.0,finished,weekly_join,3,日,
260322,2026032206020804,5,ベラトール,中山,4,12,12.0,finished,weekly_join,3,日,
260322,2026032206020804,13,レヴァントリ,中山,4,13,13.0,finished,weekly_join,3,日,
260322,2026032206020804,4,クラウンウルル,中山,4,14,14.0,finished,weekly_join,3,日,
260328,2026032809020108,4,ホウオウプロサンゲ,阪神,8,1,1.0,finished,weekly_join,3,土,
260328,2026032809020108,3,スマイルスルー,阪神,8,2,2.0,finished,weekly_join,3,土,
260328,2026032809020108,6,オールザワールド,阪神,8,3,3.0,finished,weekly_join,3,土,
260328,2026032809020108,1,ブラックボイス,阪神,8,4,4.0,finished,weekly_join,3,土,
260328,2026032809020108,9,トーアモルペウス,阪神,8,5,5.0,finished,weekly_join,3,土,
260328,2026032809020108,2,クラップサンダー,阪神,8,6,6.0,finished,weekly_join,3,土,
260328,2026032809020108,10,デシマルサーガ,阪神,8,7,7.0,finished,weekly_join,3,土,
260328,2026032809020108,7,ナリノモンターニュ,阪神,8,8,8.0,finished,weekly_join,3,土,
260328,2026032809020108,11,クラウンセト,阪神,8,9,9.0,finished,weekly_join,3,土,
260328,2026032809020108,8,エンデュミオン,阪神,8,10,10.0,finished,weekly_join,3,土,
260328,2026032809020108,5,アルカンサス,阪神,8,11,11.0,finished,weekly_join,3,土,
260329,2026032909020204,2,ケイテンアイジン,阪神,4,1,1.0,finished,weekly_join,3,日,
260329,2026032909020204,8,アナザーエース,阪神,4,2,2.0,finished,weekly_join,3,日,
260329,2026032909020204,9,セキテイオー,阪神,4,3,3.0,finished,weekly_join,3,日,
260329,2026032909020204,14,サルヴァトーレ,阪神,4,4,4.0,finished,weekly_join,3,日,
260329,2026032909020204,13,スティルシャイニン,阪神,4,5,5.0,finished,weekly_join,3,日,
260329,2026032909020204,1,メイショウトム,阪神,4,6,6.0,finished,weekly_join,3,日,
260329,2026032909020204,6,ゴールデンルーキー,阪神,4,7,7.0,finished,weekly_join,3,日,
260329,2026032909020204,3,モズナイスバディー,阪神,4,8,8.0,finished,weekly_join,3,日,
260329,2026032909020204,7,ツリートップムーン,阪神,4,9,9.0,finished,weekly_join,3,日,
260329,2026032909020204,12,リケアキャンディ,阪神,4,10,10.0,finished,weekly_join,3,日,
260329,2026032909020204,11,ローガンパス,阪神,4,11,11.0,finished,weekly_join,3,日,
260329,2026032909020204,10,コトブキヘスペラス,阪神,4,12,12.0,finished,weekly_join,3,日,
260329,2026032909020204,5,ヒロピアーナ,阪神,4,13,13.0,finished,weekly_join,3,日,
260329,2026032909020204,4,タツアレックス,阪神,4,14,14.0,finished,weekly_join,3,日,
260404,2026040406030304,12,ミレニアムヒロイン,中山,4,1,1.0,finished,weekly_join,4,土,
260404,2026040406030304,8,アバットゥータ,中山,4,2,2.0,finished,weekly_join,4,土,
260404,2026040406030304,11,モンツァフレイバー,中山,4,3,3.0,finished,weekly_join,4,土,
260404,2026040406030304,14,ディベルティスマン,中山,4,4,4.0,finished,weekly_join,4,土,
260404,2026040406030304,10,マテンロウノカゼ,中山,4,5,5.0,finished,weekly_join,4,土,
260404,2026040406030304,1,エンジョイドライブ,中山,4,6,6.0,finished,weekly_join,4,土,
260404,2026040406030304,5,フォルガイル,中山,4,7,7.0,finished,weekly_join,4,土,
260404,2026040406030304,4,メイショウゲキリン,中山,4,8,8.0,finished,weekly_join,4,土,
260404,2026040406030304,13,ゴールデンステップ,中山,4,9,9.0,finished,weekly_join,4,土,
260404,2026040406030304,3,ユナホークパワー,中山,4,10,10.0,finished,weekly_join,4,土,
260404,2026040406030304,7,ジオパーククラウン,中山,4,11,11.0,finished,weekly_join,4,土,
260404,2026040406030304,2,アルシミスト,中山,4,12,12.0,finished,weekly_join,4,土,
260404,2026040406030304,9,プラウドヘリテージ,中山,4,13,13.0,finished,weekly_join,4,土,
260404,2026040406030304,6,ラキアレクサンダー,中山,4,14,14.0,finished,weekly_join,4,土,
260405,2026040506030404,12,シャンデルナゴル,中山,4,1,1.0,finished,weekly_join,4,日,
260405,2026040506030404,4,グランナヴィール,中山,4,2,2.0,finished,weekly_join,4,日,
260405,2026040506030404,9,ドーバーホーク,中山,4,3,3.0,finished,weekly_join,4,日,
260405,2026040506030404,6,リードアクトレス,中山,4,4,4.0,finished,weekly_join,4,日,
260405,2026040506030404,10,クラウングスタフ,中山,4,5,5.0,finished,weekly_join,4,日,
260405,2026040506030404,14,ホウオウスターツ,中山,4,6,6.0,finished,weekly_join,4,日,
260405,2026040506030404,13,デスティネ,中山,4,7,7.0,finished,weekly_join,4,日,
260405,2026040506030404,8,アウルムレガリア,中山,4,8,8.0,finished,weekly_join,4,日,
260405,2026040506030404,11,エクロジャイト,中山,4,9,9.0,finished,weekly_join,4,日,
260405,2026040506030404,3,ヴォンヌヴォー,中山,4,10,10.0,finished,weekly_join,4,日,
260405,2026040506030404,5,エターナルシルバー,中山,4,11,11.0,finished,weekly_join,4,日,
260405,2026040506030404,7,アルデツヨシ,中山,4,12,12.0,finished,weekly_join,4,日,
260405,2026040506030404,1,シュバルツガイスト,中山,4,13,13.0,finished,weekly_join,4,日,
260405,2026040506030404,2,オンクラウドナイン,中山,4,0,,non_finish_zero,weekly_join,4,日,
260411,2026041106030504,2,メイショウソムリエ,中山,4,1,1.0,finished,weekly_join,4,土,
260411,2026041106030504,10,コレクテイニア,中山,4,2,2.0,finished,weekly_join,4,土,
260411,2026041106030504,13,コンテナワールド,中山,4,3,3.0,finished,weekly_join,4,土,
260411,2026041106030504,12,トゥラッタッタ,中山,4,4,4.0,finished,weekly_join,4,土,
260411,2026041106030504,3,シャンドゥレール,中山,4,5,5.0,finished,weekly_join,4,土,
260411,2026041106030504,14,ヒットアンドロール,中山,4,6,6.0,finished,weekly_join,4,土,
260411,2026041106030504,6,ヴラディア,中山,4,7,7.0,finished,weekly_join,4,土,
260411,2026041106030504,7,ウイングランブルー,中山,4,8,8.0,finished,weekly_join,4,土,
260411,2026041106030504,4,グラニットピーク,中山,4,9,9.0,finished,weekly_join,4,土,
260411,2026041106030504,5,シゲルタヌキ,中山,4,10,10.0,finished,weekly_join,4,土,
260411,2026041106030504,1,パープルアドミラル,中山,4,11,11.0,finished,weekly_join,4,土,
260411,2026041106030504,8,ソルアマゾン,中山,4,12,12.0,finished,weekly_join,4,土,
260411,2026041106030504,9,メイショウウネビ,中山,4,13,13.0,finished,weekly_join,4,土,
260411,2026041106030504,11,ウィズユアドリーム,中山,4,14,14.0,finished,weekly_join,4,土,
260412,2026041206030604,10,マオノアラシ,中山,4,1,1.0,finished,weekly_join,4,日,
260412,2026041206030604,5,グランナヴィール,中山,4,2,2.0,finished,weekly_join,4,日,
260412,2026041206030604,11,コスモアミマネラ,中山,4,3,3.0,finished,weekly_join,4,日,
260412,2026041206030604,9,ブラックバラード,中山,4,4,4.0,finished,weekly_join,4,日,
260412,2026041206030604,8,カイコウ,中山,4,5,5.0,finished,weekly_join,4,日,
260412,2026041206030604,1,ストラクチャー,中山,4,6,6.0,finished,weekly_join,4,日,
260412,2026041206030604,4,バラジ,中山,4,7,7.0,finished,weekly_join,4,日,
260412,2026041206030604,13,ソルトチューダ,中山,4,8,8.0,finished,weekly_join,4,日,
260412,2026041206030604,14,カルマンフィルター,中山,4,9,9.0,finished,weekly_join,4,日,
260412,2026041206030604,7,ブライトマン,中山,4,10,10.0,finished,weekly_join,4,日,
260412,2026041206030604,2,チャイボーグ,中山,4,11,11.0,finished,weekly_join,4,日,
260412,2026041206030604,12,サトミノマロン,中山,4,12,12.0,finished,weekly_join,4,日,
260412,2026041206030604,6,ヒノタマボーイ,中山,4,13,13.0,finished,weekly_join,4,日,
260412,2026041206030604,3,テンカオーライ,中山,4,14,14.0,finished,weekly_join,4,日,
260425,2026042508030104,7,ホークフィールド,京都,4,1,1.0,finished,weekly_join,4,土,
260425,2026042508030104,5,アルマーザアミール,京都,4,2,2.0,finished,weekly_join,4,土,
260425,2026042508030104,11,マテンロウジョイ,京都,4,3,3.0,finished,weekly_join,4,土,
260425,2026042508030104,1,アトラクティーボ,京都,4,4,4.0,finished,weekly_join,4,土,
260425,2026042508030104,4,フームスムート,京都,4,5,5.0,finished,weekly_join,4,土,
260425,2026042508030104,10,ヴァレッタカズマ,京都,4,6,6.0,finished,weekly_join,4,土,
260425,2026042508030104,2,テイエムエメラルド,京都,4,7,7.0,finished,weekly_join,4,土,
260425,2026042508030104,8,ゴールドブリーズ,京都,4,8,8.0,finished,weekly_join,4,土,
260425,2026042508030104,6,ケイテンアイジン,京都,4,9,9.0,finished,weekly_join,4,土,
260425,2026042508030104,9,ワールドスケール,京都,4,10,10.0,finished,weekly_join,4,土,
260425,2026042508030104,3,ナックエルドラド,京都,4,0,,non_finish_zero,weekly_join,4,土,
260426,2026042608030204,5,スノーディーヴァ,京都,4,1,1.0,finished,weekly_join,4,日,
260426,2026042608030204,12,アバットゥータ,京都,4,2,2.0,finished,weekly_join,4,日,
260426,2026042608030204,8,クラウングスタフ,京都,4,3,3.0,finished,weekly_join,4,日,
260426,2026042608030204,14,ライツフォル,京都,4,4,4.0,finished,weekly_join,4,日,
260426,2026042608030204,11,アルヴィア,京都,4,5,5.0,finished,weekly_join,4,日,
260426,2026042608030204,1,アウスヴァール,京都,4,6,6.0,finished,weekly_join,4,日,
260426,2026042608030204,3,フジフォンテ,京都,4,7,7.0,finished,weekly_join,4,日,
260426,2026042608030204,4,アナザーエース,京都,4,8,8.0,finished,weekly_join,4,日,
260426,2026042608030204,9,インターステラ,京都,4,9,9.0,finished,weekly_join,4,日,
260426,2026042608030204,7,ボールドハーテッド,京都,4,10,10.0,finished,weekly_join,4,日,
260426,2026042608030204,13,スノーリン,京都,4,11,11.0,finished,weekly_join,4,日,
260426,2026042608030204,2,ブライトライツ,京都,4,12,12.0,finished,weekly_join,4,日,
260426,2026042608030204,6,ホウオウサンデー,京都,4,0,,non_finish_zero,weekly_join,4,日,
260426,2026042608030204,10,ルーンファクター,京都,4,0,,non_finish_zero,weekly_join,4,日,
260502,2026050204010104,2,パープルアドミラル,新潟,4,1,1.0,finished,weekly_join,5,土,
260502,2026050204010104,3,ハイウェイスター,新潟,4,2,2.0,finished,weekly_join,5,土,
260502,2026050204010104,11,ウォーターリーダー,新潟,4,3,3.0,finished,weekly_join,5,土,
260502,2026050204010104,10,グアラニア,新潟,4,4,4.0,finished,weekly_join,5,土,
260502,2026050204010104,8,ベイビーベリッシモ,新潟,4,5,5.0,finished,weekly_join,5,土,
260502,2026050204010104,9,サルサロッサ,新潟,4,6,6.0,finished,weekly_join,5,土,
260502,2026050204010104,1,コンバスチョン,新潟,4,7,7.0,finished,weekly_join,5,土,
260502,2026050204010104,7,レッドラマンシュ,新潟,4,8,8.0,finished,weekly_join,5,土,
260502,2026050204010104,4,アメリカンピース,新潟,4,9,9.0,finished,weekly_join,5,土,
260502,2026050204010104,6,トモジャシック,新潟,4,10,10.0,finished,weekly_join,5,土,
260502,2026050204010104,5,ヴィアルークス,新潟,4,11,11.0,finished,weekly_join,5,土,
260503,2026050304010204,5,コレペティトール,新潟,4,1,1.0,finished,weekly_join,5,日,
260503,2026050304010204,11,キャネル,新潟,4,2,2.0,finished,weekly_join,5,日,
260503,2026050304010204,10,サングラデーション,新潟,4,3,3.0,finished,weekly_join,5,日,
260503,2026050304010204,9,フォルガイル,新潟,4,4,4.0,finished,weekly_join,5,日,
260503,2026050304010204,13,ランフォースマイル,新潟,4,5,5.0,finished,weekly_join,5,日,
260503,2026050304010204,8,メイショウカゼマチ,新潟,4,6,6.0,finished,weekly_join,5,日,
260503,2026050304010204,12,グランジョルノ,新潟,4,7,7.0,finished,weekly_join,5,日,
260503,2026050304010204,1,メイショウソウセキ,新潟,4,8,8.0,finished,weekly_join,5,日,
260503,2026050304010204,7,モズナイスバディー,新潟,4,9,9.0,finished,weekly_join,5,日,
260503,2026050304010204,6,イーサンバーニング,新潟,4,10,10.0,finished,weekly_join,5,日,
260503,2026050304010204,4,ヴェルトラウム,新潟,4,11,11.0,finished,weekly_join,5,日,
260503,2026050304010204,2,クレプスクルム,新潟,4,12,12.0,finished,weekly_join,5,日,
260503,2026050304010204,3,ピスタ,新潟,4,0,,non_finish_zero,weekly_join,5,日,
260503,2026050304010204,14,イデアユウシン,新潟,4,0,,non_finish_zero,weekly_join,5,日,
260509,2026050904010304,11,ルドヴィクス,新潟,4,1,1.0,finished,weekly_join,5,土,
260509,2026050904010304,7,コレクテイニア,新潟,4,2,2.0,finished,weekly_join,5,土,
260509,2026050904010304,2,スコラーリ,新潟,4,3,3.0,finished,weekly_join,5,土,
260509,2026050904010304,6,ロードリベラシオン,新潟,4,4,4.0,finished,weekly_join,5,土,
260509,2026050904010304,10,バルサムノート,新潟,4,5,5.0,finished,weekly_join,5,土,
260509,2026050904010304,8,ジーティーオウジャ,新潟,4,6,6.0,finished,weekly_join,5,土,
260509,2026050904010304,9,モズバンディット,新潟,4,7,7.0,finished,weekly_join,5,土,
260509,2026050904010304,4,ローンウルフ,新潟,4,8,8.0,finished,weekly_join,5,土,
260509,2026050904010304,5,タイセイジャスパー,新潟,4,9,9.0,finished,weekly_join,5,土,
260509,2026050904010304,1,テクネチウム,新潟,4,10,10.0,finished,weekly_join,5,土,
260509,2026050904010304,3,キングサーガ,新潟,4,11,11.0,finished,weekly_join,5,土,
260510,2026051004010404,5,ニシノルアノーヴァ,新潟,4,1,1.0,finished,weekly_join,5,日,
260510,2026051004010404,12,ラパンラピッド,新潟,4,2,2.0,finished,weekly_join,5,日,
260510,2026051004010404,8,ドラギニャン,新潟,4,3,3.0,finished,weekly_join,5,日,
260510,2026051004010404,3,ポワンキュルミナン,新潟,4,4,4.0,finished,weekly_join,5,日,
260510,2026051004010404,7,ブランフォルテ,新潟,4,5,5.0,finished,weekly_join,5,日,
260510,2026051004010404,10,フレイムジョーカー,新潟,4,6,6.0,finished,weekly_join,5,日,
260510,2026051004010404,6,ベールドインパクト,新潟,4,7,7.0,finished,weekly_join,5,日,
260510,2026051004010404,9,ガイ,新潟,4,8,8.0,finished,weekly_join,5,日,
260510,2026051004010404,4,レヴァントリ,新潟,4,9,9.0,finished,weekly_join,5,日,
260510,2026051004010404,2,グラスビジョン,新潟,4,10,10.0,finished,weekly_join,5,日,
260510,2026051004010404,11,シャトーホークビル,新潟,4,11,11.0,finished,weekly_join,5,日,
260510,2026051004010404,1,ロイガヴェーグル,新潟,4,0,,non_finish_zero,weekly_join,5,日,
260517,2026051704010604,8,ヴェールランス,新潟,4,1,1.0,finished,weekly_join,5,日,
260517,2026051704010604,12,アルヴィア,新潟,4,2,2.0,finished,weekly_join,5,日,
260517,2026051704010604,7,ガストン,新潟,4,3,3.0,finished,weekly_join,5,日,
260517,2026051704010604,9,コルデアニル,新潟,4,4,4.0,finished,weekly_join,5,日,
260517,2026051704010604,11,タイセイレスポンス,新潟,4,5,5.0,finished,weekly_join,5,日,
260517,2026051704010604,4,オーサムストローク,新潟,4,6,6.0,finished,weekly_join,5,日,
260517,2026051704010604,14,クロライナ,新潟,4,7,7.0,finished,weekly_join,5,日,
260517,2026051704010604,1,コイヌール,新潟,4,8,8.0,finished,weekly_join,5,日,
260517,2026051704010604,6,テーオーサンドニ,新潟,4,9,9.0,finished,weekly_join,5,日,
260517,2026051704010604,3,スティルシャイニン,新潟,4,10,10.0,finished,weekly_join,5,日,
260517,2026051704010604,2,ロワゾブルー,新潟,4,11,11.0,finished,weekly_join,5,日,
260517,2026051704010604,5,トモジャシャトー,新潟,4,12,12.0,finished,weekly_join,5,日,
260517,2026051704010604,10,アクロスザリバー,新潟,4,13,13.0,finished,weekly_join,5,日,
260517,2026051704010604,13,エーティータキオン,新潟,4,0,,non_finish_zero,weekly_join,5,日,
260523,2026052304010704,4,コレペティトール,新潟,4,1,1.0,finished,weekly_join,5,土,
260523,2026052304010704,5,トゥラッタッタ,新潟,4,2,2.0,finished,weekly_join,5,土,
260523,2026052304010704,3,サトノエピック,新潟,4,3,3.0,finished,weekly_join,5,土,
260523,2026052304010704,12,パープルアドミラル,新潟,4,4,4.0,finished,weekly_join,5,土,
260523,2026052304010704,2,サルサロッサ,新潟,4,5,5.0,finished,weekly_join,5,土,
260523,2026052304010704,7,ゲインサポート,新潟,4,6,6.0,finished,weekly_join,5,土,
260523,2026052304010704,8,ジーククローネ,新潟,4,7,7.0,finished,weekly_join,5,土,
260523,2026052304010704,1,トモジャシック,新潟,4,8,8.0,finished,weekly_join,5,土,
260523,2026052304010704,13,ウイングランブルー,新潟,4,9,9.0,finished,weekly_join,5,土,
260523,2026052304010704,6,グアラニア,新潟,4,10,10.0,finished,weekly_join,5,土,
260523,2026052304010704,11,ダイスアローリング,新潟,4,11,11.0,finished,weekly_join,5,土,
260523,2026052304010704,10,ケイテンアイジン,新潟,4,12,12.0,finished,weekly_join,5,土,
260523,2026052304010704,9,ジオフロント,新潟,4,13,13.0,finished,weekly_join,5,土,
260523,2026052304010701,2,ランフォースマイル,新潟,1,1,1.0,finished,weekly_join,5,土,
260523,2026052304010701,8,キャネル,新潟,1,2,2.0,finished,weekly_join,5,土,
260523,2026052304010701,9,ゴールデンステップ,新潟,1,3,3.0,finished,weekly_join,5,土,
260523,2026052304010701,5,メイショウトム,新潟,1,4,4.0,finished,weekly_join,5,土,
260523,2026052304010701,11,プレミアブルー,新潟,1,5,5.0,finished,weekly_join,5,土,
260523,2026052304010701,12,エターナルシルバー,新潟,1,6,6.0,finished,weekly_join,5,土,
260523,2026052304010701,1,コンフェルマ,新潟,1,7,7.0,finished,weekly_join,5,土,
260523,2026052304010701,10,セイウンビッグバン,新潟,1,8,8.0,finished,weekly_join,5,土,
260523,2026052304010701,4,バンデルオーラ,新潟,1,9,9.0,finished,weekly_join,5,土,
260523,2026052304010701,3,コトブキヘスペラス,新潟,1,10,10.0,finished,weekly_join,5,土,
260523,2026052304010701,14,パーセルペーパー,新潟,1,11,11.0,finished,weekly_join,5,土,
260523,2026052304010701,6,ヨシノヤッタルデー,新潟,1,12,12.0,finished,weekly_join,5,土,
260523,2026052304010701,13,イェルマーク,新潟,1,13,13.0,finished,weekly_join,5,土,
260523,2026052304010701,7,ヴァルトバーデン,新潟,1,0,,non_finish_zero,weekly_join,5,土,
260524,2026052404010804,5,サングラデーション,新潟,4,1,1.0,finished,weekly_join,5,日,
260524,2026052404010804,1,ノーブルクライ,新潟,4,2,2.0,finished,weekly_join,5,日,
260524,2026052404010804,10,ダスク,新潟,4,3,3.0,finished,weekly_join,5,日,
260524,2026052404010804,9,ジロラータ,新潟,4,4,4.0,finished,weekly_join,5,日,
260524,2026052404010804,12,デスティネ,新潟,4,5,5.0,finished,weekly_join,5,日,
260524,2026052404010804,8,マグナレガリア,新潟,4,6,6.0,finished,weekly_join,5,日,
260524,2026052404010804,4,クラウンウルル,新潟,4,7,7.0,finished,weekly_join,5,日,
260524,2026052404010804,13,スノーリン,新潟,4,8,8.0,finished,weekly_join,5,日,
260524,2026052404010804,11,バニーラビット,新潟,4,9,9.0,finished,weekly_join,5,日,
260524,2026052404010804,2,リアルフォルゴーレ,新潟,4,10,10.0,finished,weekly_join,5,日,
260524,2026052404010804,7,ヴォルスター,新潟,4,11,11.0,finished,weekly_join,5,日,
260524,2026052404010804,6,ルルフィーユ,新潟,4,12,12.0,finished,weekly_join,5,日,
260524,2026052404010804,3,セットアップ,新潟,4,0,,non_finish_zero,weekly_join,5,日,
260530,2026053005021104,13,モンツァフレイバー,東京,4,1,1.0,finished,weekly_join,5,土,
260530,2026053005021104,9,キュピドン,東京,4,2,2.0,finished,weekly_join,5,土,
260530,2026053005021104,4,ハーバーライト,東京,4,3,3.0,finished,weekly_join,5,土,
260530,2026053005021104,5,コスモゴレアドール,東京,4,4,4.0,finished,weekly_join,5,土,
260530,2026053005021104,10,マルディランダ,東京,4,5,5.0,finished,weekly_join,5,土,
260530,2026053005021104,11,アヴニールドブリエ,東京,4,6,6.0,finished,weekly_join,5,土,
260530,2026053005021104,2,ノブダブルホワイト,東京,4,7,7.0,finished,weekly_join,5,土,
260530,2026053005021104,6,アウルムレガリア,東京,4,8,8.0,finished,weekly_join,5,土,
260530,2026053005021104,12,ロイガヴェーグル,東京,4,9,9.0,finished,weekly_join,5,土,
260530,2026053005021104,1,トウカイファクター,東京,4,10,10.0,finished,weekly_join,5,土,
260530,2026053005021104,3,プラウドヘリテージ,東京,4,0,,non_finish_zero,weekly_join,5,土,
260530,2026053005021104,7,カイコウ,東京,4,0,,non_finish_zero,weekly_join,5,土,
260530,2026053005021104,8,インターステラ,東京,4,0,,non_finish_zero,weekly_join,5,土,
260531,2026053108031204,3,コンテナワールド,京都,4,1,1.0,finished,weekly_join,5,日,
260531,2026053108031204,5,アトラクティーボ,京都,4,2,2.0,finished,weekly_join,5,日,
260531,2026053108031204,2,アルマーザアミール,京都,4,3,3.0,finished,weekly_join,5,日,
260531,2026053108031204,9,スノーディーヴァ,京都,4,4,4.0,finished,weekly_join,5,日,
260531,2026053108031204,6,フームスムート,京都,4,5,5.0,finished,weekly_join,5,日,
260531,2026053108031204,7,ベイビーベリッシモ,京都,4,6,6.0,finished,weekly_join,5,日,
260531,2026053108031204,1,ハイウェイスター,京都,4,7,7.0,finished,weekly_join,5,日,
260531,2026053108031204,8,ソルアマゾン,京都,4,8,8.0,finished,weekly_join,5,日,
260531,2026053108031204,4,マホロバ,京都,4,9,9.0,finished,weekly_join,5,日,
260531,2026053108031204,10,エンデュミオン,京都,4,0,,non_finish_zero,weekly_join,5,日,
260606,2026060605030101,14,ライラスター,東京,1,1,1.0,finished,weekly_join,6,土,
260606,2026060605030101,1,サルヴァトーレ,東京,1,2,2.0,finished,weekly_join,6,土,
260606,2026060605030101,12,タガノバルコス,東京,1,3,3.0,finished,weekly_join,6,土,
260606,2026060605030101,6,ボールドハーテッド,東京,1,4,4.0,finished,weekly_join,6,土,
260606,2026060605030101,9,アウスヴァール,東京,1,5,5.0,finished,weekly_join,6,土,
260606,2026060605030101,10,コスモアミマネラ,東京,1,6,6.0,finished,weekly_join,6,土,
260606,2026060605030101,2,ベラトール,東京,1,7,7.0,finished,weekly_join,6,土,
260606,2026060605030101,13,フェスティヴビーム,東京,1,8,8.0,finished,weekly_join,6,土,
260606,2026060605030101,7,ブラックシールド,東京,1,9,9.0,finished,weekly_join,6,土,
260606,2026060605030101,5,モナコブル,東京,1,10,10.0,finished,weekly_join,6,土,
260606,2026060605030101,3,コルデアニル,東京,1,11,11.0,finished,weekly_join,6,土,
260606,2026060605030101,8,ナスノソナタ,東京,1,12,12.0,finished,weekly_join,6,土,
260606,2026060605030101,11,シャトーホークビル,東京,1,13,13.0,finished,weekly_join,6,土,
260606,2026060605030101,4,ワキノノーブル,東京,1,14,14.0,finished,weekly_join,6,土,
260607,2026060709030201,5,ロードオールライト,阪神,1,1,1.0,finished,weekly_join,6,日,
260607,2026060709030201,13,モズナイスバディー,阪神,1,2,2.0,finished,weekly_join,6,日,
260607,2026060709030201,2,アルヴィア,阪神,1,3,3.0,finished,weekly_join,6,日,
260607,2026060709030201,7,ゴールデンルーキー,阪神,1,4,4.0,finished,weekly_join,6,日,
260607,2026060709030201,12,アクロスザリバー,阪神,1,5,5.0,finished,weekly_join,6,日,
260607,2026060709030201,6,オリンポスカズマ,阪神,1,6,6.0,finished,weekly_join,6,日,
260607,2026060709030201,3,セイフウサツキ,阪神,1,7,7.0,finished,weekly_join,6,日,
260607,2026060709030201,9,クリアクォーツ,阪神,1,8,8.0,finished,weekly_join,6,日,
260607,2026060709030201,10,フォーディアライフ,阪神,1,9,9.0,finished,weekly_join,6,日,
260607,2026060709030201,8,コトブキヘスペラス,阪神,1,10,10.0,finished,weekly_join,6,日,
260607,2026060709030201,14,スペイドアン,阪神,1,11,11.0,finished,weekly_join,6,日,
260607,2026060709030201,4,テンカオーライ,阪神,1,12,12.0,finished,weekly_join,6,日,
260607,2026060709030201,11,イモータルバード,阪神,1,13,13.0,finished,weekly_join,6,日,
260607,2026060709030201,1,オーサムデアラー,阪神,1,14,14.0,finished,weekly_join,6,日,
260613,2026061305030304,2,スズカハービン,東京,4,1,1.0,finished,weekly_join,6,土,
260613,2026061305030304,9,ジューンベロシティ,東京,4,2,2.0,finished,weekly_join,6,土,
260613,2026061305030304,6,ブラックボイス,東京,4,3,3.0,finished,weekly_join,6,土,
260613,2026061305030304,8,コレクテイニア,東京,4,4,4.0,finished,weekly_join,6,土,
260613,2026061305030304,4,ローディアマント,東京,4,5,5.0,finished,weekly_join,6,土,
260613,2026061305030304,7,マオノアラシ,東京,4,6,6.0,finished,weekly_join,6,土,
260613,2026061305030304,3,ゲインサポート,東京,4,7,7.0,finished,weekly_join,6,土,
260613,2026061305030304,10,メイショウソムリエ,東京,4,8,8.0,finished,weekly_join,6,土,
260613,2026061305030304,5,ジーティーオウジャ,東京,4,9,9.0,finished,weekly_join,6,土,
260613,2026061305030304,1,ピーターサイト,東京,4,10,10.0,finished,weekly_join,6,土,
260620,2026062009030501,8,ロードリベラシオン,阪神,1,1,1.0,finished,weekly_join,6,土,
260620,2026062009030501,4,オオキニ,阪神,1,2,2.0,finished,weekly_join,6,土,
260620,2026062009030501,7,ネイチャーシップ,阪神,1,3,3.0,finished,weekly_join,6,土,
260620,2026062009030501,1,ライツフォル,阪神,1,4,4.0,finished,weekly_join,6,土,
260620,2026062009030501,2,グラニットピーク,阪神,1,5,5.0,finished,weekly_join,6,土,
260620,2026062009030501,6,シャンデルナゴル,阪神,1,6,6.0,finished,weekly_join,6,土,
260620,2026062009030501,3,テイエムエメラルド,阪神,1,7,7.0,finished,weekly_join,6,土,
260620,2026062009030501,5,タマモエース,阪神,1,0,,non_finish_zero,weekly_join,6,土,
260620,2026062009030501,9,タイセイジャスパー,阪神,1,0,,non_finish_zero,weekly_join,6,土,
260621,2026062105030601,8,ブライトマン,東京,1,1,1.0,finished,weekly_join,6,日,
260621,2026062105030601,11,ゴールデンステップ,東京,1,2,2.0,finished,weekly_join,6,日,
260621,2026062105030601,9,ダスク,東京,1,3,3.0,finished,weekly_join,6,日,
260621,2026062105030601,7,アップストローク,東京,1,4,4.0,finished,weekly_join,6,日,
260621,2026062105030601,2,セイウンパシュート,東京,1,5,5.0,finished,weekly_join,6,日,
260621,2026062105030601,13,デスティネ,東京,1,6,6.0,finished,weekly_join,6,日,
260621,2026062105030601,10,プレミアブルー,東京,1,7,7.0,finished,weekly_join,6,日,
260621,2026062105030601,12,アルシミスト,東京,1,8,8.0,finished,weekly_join,6,日,
260621,2026062105030601,14,ジャクソン,東京,1,9,9.0,finished,weekly_join,6,日,
260621,2026062105030601,4,テーオーレガシー,東京,1,10,10.0,finished,weekly_join,6,日,
260621,2026062105030601,3,グランジョルノ,東京,1,11,11.0,finished,weekly_join,6,日,
260621,2026062105030601,1,キャプテンシー,東京,1,12,12.0,finished,weekly_join,6,日,
260621,2026062105030601,5,メイショウカゼマチ,東京,1,13,13.0,finished,weekly_join,6,日,
260621,2026062105030601,6,ヒロピアーナ,東京,1,14,14.0,finished,weekly_join,6,日,
260627,2026062703020104,3,ミレニアムヒロイン,福島,4,1,1.0,finished,weekly_join,6,土,
260627,2026062703020104,8,ヴェールランス,福島,4,2,2.0,finished,weekly_join,6,土,
260627,2026062703020104,2,ブラックバラード,福島,4,3,3.0,finished,weekly_join,6,土,
260627,2026062703020104,10,ローンウルフ,福島,4,4,4.0,finished,weekly_join,6,土,
260627,2026062703020104,9,アメリカンピース,福島,4,5,5.0,finished,weekly_join,6,土,
260627,2026062703020104,4,ゴールドブリーズ,福島,4,6,6.0,finished,weekly_join,6,土,
260627,2026062703020104,6,コンバスチョン,福島,4,7,7.0,finished,weekly_join,6,土,
260627,2026062703020104,7,ウォーターリーダー,福島,4,8,8.0,finished,weekly_join,6,土,
260627,2026062703020104,5,シャンドゥレール,福島,4,9,9.0,finished,weekly_join,6,土,
260627,2026062703020104,1,トモジャシック,福島,4,10,10.0,finished,weekly_join,6,土,
260627,2026062703020101,5,ディベルティスマン,福島,1,1,1.0,finished,weekly_join,6,土,
260627,2026062703020101,10,ブライテストドーン,福島,1,2,2.0,finished,weekly_join,6,土,
260627,2026062703020101,12,オーサムストローク,福島,1,3,3.0,finished,weekly_join,6,土,
260627,2026062703020101,9,キュピドン,福島,1,4,4.0,finished,weekly_join,6,土,
260627,2026062703020101,4,バラジ,福島,1,5,5.0,finished,weekly_join,6,土,
260627,2026062703020101,8,エンジョイドライブ,福島,1,6,6.0,finished,weekly_join,6,土,
260627,2026062703020101,6,セキテイオー,福島,1,7,7.0,finished,weekly_join,6,土,
260627,2026062703020101,1,グラヴィテ,福島,1,8,8.0,finished,weekly_join,6,土,
260627,2026062703020101,14,フォルガイル,福島,1,9,9.0,finished,weekly_join,6,土,
260627,2026062703020101,2,ナチュラルリバー,福島,1,10,10.0,finished,weekly_join,6,土,
260627,2026062703020101,7,クロライナ,福島,1,11,11.0,finished,weekly_join,6,土,
260627,2026062703020101,3,ワールドシリーズ,福島,1,12,12.0,finished,weekly_join,6,土,
260627,2026062703020101,11,アスクアットバット,福島,1,0,,non_finish_zero,weekly_join,6,土,
260627,2026062703020101,13,トラマンダーレ,福島,1,0,,non_finish_zero,weekly_join,6,土,
260628,2026062803020201,4,ポワンキュルミナン,福島,1,1,1.0,finished,weekly_join,6,日,
260628,2026062803020201,2,アウスヴァール,福島,1,2,2.0,finished,weekly_join,6,日,
260628,2026062803020201,9,トーアマリシテン,福島,1,3,3.0,finished,weekly_join,6,日,
260628,2026062803020201,14,サマーアゲイン,福島,1,4,4.0,finished,weekly_join,6,日,
260628,2026062803020201,6,グロッシェン,福島,1,5,5.0,finished,weekly_join,6,日,
260628,2026062803020201,3,シュハリ,福島,1,6,6.0,finished,weekly_join,6,日,
260628,2026062803020201,1,フレイムジョーカー,福島,1,7,7.0,finished,weekly_join,6,日,
260628,2026062803020201,13,ロワゾブルー,福島,1,8,8.0,finished,weekly_join,6,日,
260628,2026062803020201,5,ブランフォルテ,福島,1,9,9.0,finished,weekly_join,6,日,
260628,2026062803020201,7,ラパンラピッド,福島,1,10,10.0,finished,weekly_join,6,日,
260628,2026062803020201,12,ニシノインヴィクタ,福島,1,11,11.0,finished,weekly_join,6,日,
260628,2026062803020201,11,モズクルードラゴン,福島,1,12,12.0,finished,weekly_join,6,日,
260628,2026062803020201,8,ヴォンヌヴォー,福島,1,0,,non_finish_zero,weekly_join,6,日,
260628,2026062803020201,10,ブライトライツ,福島,1,0,,non_finish_zero,weekly_join,6,日,
260704,2026070410020301,11,アクロスザリバー,小倉,1,1,1.0,finished,weekly_join,7,土,
260704,2026070410020301,7,ゴールデンルーキー,小倉,1,2,2.0,finished,weekly_join,7,土,
260704,2026070410020301,6,メイショウソウセキ,小倉,1,3,3.0,finished,weekly_join,7,土,
260704,2026070410020301,12,テイエムリステット,小倉,1,4,4.0,finished,weekly_join,7,土,
260704,2026070410020301,4,アバットゥータ,小倉,1,5,5.0,finished,weekly_join,7,土,
260704,2026070410020301,2,ゴーツウキリシマ,小倉,1,6,6.0,finished,weekly_join,7,土,
260704,2026070410020301,3,アドアプローズ,小倉,1,7,7.0,finished,weekly_join,7,土,
260704,2026070410020301,10,シークレットキー,小倉,1,8,8.0,finished,weekly_join,7,土,
260704,2026070410020301,5,パーセルペーパー,小倉,1,9,9.0,finished,weekly_join,7,土,
260704,2026070410020301,8,アニージョ,小倉,1,10,10.0,finished,weekly_join,7,土,
260704,2026070410020301,1,キムタックフェイス,小倉,1,11,11.0,finished,weekly_join,7,土,
260704,2026070410020301,9,シュエットアムール,小倉,1,12,12.0,finished,weekly_join,7,土,
260705,2026070510020401,12,ドラギニャン,小倉,1,1,1.0,finished,weekly_join,7,日,
260705,2026070510020401,3,ガストン,小倉,1,2,2.0,finished,weekly_join,7,日,
260705,2026070510020401,2,ボールドハーテッド,小倉,1,3,3.0,finished,weekly_join,7,日,
260705,2026070510020401,6,ホウオウスターツ,小倉,1,4,4.0,finished,weekly_join,7,日,
260705,2026070510020401,8,タガノバルコス,小倉,1,5,5.0,finished,weekly_join,7,日,
260705,2026070510020401,5,ストラクチャー,小倉,1,6,6.0,finished,weekly_join,7,日,
260705,2026070510020401,4,モズナイスバディー,小倉,1,7,7.0,finished,weekly_join,7,日,
260705,2026070510020401,11,メイショウブレゲ,小倉,1,8,8.0,finished,weekly_join,7,日,
260705,2026070510020401,10,リッケンバッカー,小倉,1,9,9.0,finished,weekly_join,7,日,
260705,2026070510020401,9,ルルフィーユ,小倉,1,10,10.0,finished,weekly_join,7,日,
260705,2026070510020401,1,スペルキャスター,小倉,1,11,11.0,finished,weekly_join,7,日,
260705,2026070510020401,7,ベールドインパクト,小倉,1,0,,non_finish_zero,weekly_join,7,日,
260711,2026071103020501,6,シャンデルナゴル,福島,1,1,1.0,finished,weekly_join,7,土,
260711,2026071103020501,3,トゥラッタッタ,福島,1,2,2.0,finished,weekly_join,7,土,
260711,2026071103020501,11,クラウンセト,福島,1,3,3.0,finished,weekly_join,7,土,
260711,2026071103020501,2,ジーククローネ,福島,1,4,4.0,finished,weekly_join,7,土,
260711,2026071103020501,4,ナックエルドラド,福島,1,5,5.0,finished,weekly_join,7,土,
260711,2026071103020501,5,フームスムート,福島,1,6,6.0,finished,weekly_join,7,土,
260711,2026071103020501,1,ヒットアンドロール,福島,1,7,7.0,finished,weekly_join,7,土,
260711,2026071103020501,7,ネイチャーシップ,福島,1,8,8.0,finished,weekly_join,7,土,
260711,2026071103020501,8,グラニットピーク,福島,1,9,9.0,finished,weekly_join,7,土,
260711,2026071103020501,10,コスモチプリア,福島,1,10,10.0,finished,weekly_join,7,土,
260711,2026071103020501,9,タマモエース,福島,1,11,11.0,finished,weekly_join,7,土,
260712,2026071203020601,3,トーアマリシテン,福島,1,1,1.0,finished,weekly_join,7,日,
260712,2026071203020601,13,ノブダブルホワイト,福島,1,2,2.0,finished,weekly_join,7,日,
260712,2026071203020601,6,モスクロッサー,福島,1,3,3.0,finished,weekly_join,7,日,
260712,2026071203020601,10,サラフィエル,福島,1,4,4.0,finished,weekly_join,7,日,
260712,2026071203020601,12,トモジャシャトー,福島,1,5,5.0,finished,weekly_join,7,日,
260712,2026071203020601,11,エポカスピーガ,福島,1,6,6.0,finished,weekly_join,7,日,
260712,2026071203020601,4,アウルムレガリア,福島,1,7,7.0,finished,weekly_join,7,日,
260712,2026071203020601,1,ジャスパーグレイト,福島,1,8,8.0,finished,weekly_join,7,日,
260712,2026071203020601,14,ゲレル,福島,1,9,9.0,finished,weekly_join,7,日,
260712,2026071203020601,7,スノーリン,福島,1,10,10.0,finished,weekly_join,7,日,
260712,2026071203020601,8,ブライテストドーン,福島,1,11,11.0,finished,weekly_join,7,日,
260712,2026071203020601,9,クラウンウルル,福島,1,12,12.0,finished,weekly_join,7,日,
260712,2026071203020601,5,フェイトライン,福島,1,13,13.0,finished,weekly_join,7,日,
260712,2026071203020601,2,シグムンド,福島,1,14,14.0,finished,weekly_join,7,日,
260718,2026071810020704,5,ヴァレッタカズマ,小倉,4,1,1.0,finished,weekly_join,7,土,
260718,2026071810020704,7,アトラクティーボ,小倉,4,2,2.0,finished,weekly_join,7,土,
260718,2026071810020704,4,スマイルスルー,小倉,4,3,3.0,finished,weekly_join,7,土,
260718,2026071810020704,2,コンテナワールド,小倉,4,4,4.0,finished,weekly_join,7,土,
260718,2026071810020704,6,オールザワールド,小倉,4,5,5.0,finished,weekly_join,7,土,
260718,2026071810020704,3,トーアモルペウス,小倉,4,6,6.0,finished,weekly_join,7,土,
260718,2026071810020704,8,スノーディーヴァ,小倉,4,7,7.0,finished,weekly_join,7,土,
260718,2026071810020704,1,マテンロウジョイ,小倉,4,8,8.0,finished,weekly_join,7,土,
260718,2026071810020701,2,セイウンパシュート,小倉,1,1,1.0,finished,weekly_join,7,土,
260718,2026071810020701,6,メイショウトム,小倉,1,2,2.0,finished,weekly_join,7,土,
260718,2026071810020701,9,セイフウサツキ,小倉,1,3,3.0,finished,weekly_join,7,土,
260718,2026071810020701,11,タイセイレスポンス,小倉,1,4,4.0,finished,weekly_join,7,土,
260718,2026071810020701,7,コイヌール,小倉,1,5,5.0,finished,weekly_join,7,土,
260718,2026071810020701,3,アドアプローズ,小倉,1,6,6.0,finished,weekly_join,7,土,
260718,2026071810020701,4,ホウオウスターツ,小倉,1,7,7.0,finished,weekly_join,7,土,
260718,2026071810020701,5,トゥデイイズザデイ,小倉,1,8,8.0,finished,weekly_join,7,土,
260718,2026071810020701,10,エーオーキング,小倉,1,9,9.0,finished,weekly_join,7,土,
260718,2026071810020701,8,アスクアットバット,小倉,1,10,10.0,finished,weekly_join,7,土,
260718,2026071810020701,12,スラッシュ,小倉,1,11,11.0,finished,weekly_join,7,土,
260718,2026071810020701,1,フジフォンテ,小倉,1,12,12.0,finished,weekly_join,7,土,
260719,2026071910020801,10,バニーラビット,小倉,1,1,1.0,finished,weekly_join,7,日,
260719,2026071910020801,5,ブランフォルテ,小倉,1,2,2.0,finished,weekly_join,7,日,
260719,2026071910020801,8,メイショウソウセキ,小倉,1,3,3.0,finished,weekly_join,7,日,
260719,2026071910020801,9,アウスヴァール,小倉,1,4,4.0,finished,weekly_join,7,日,
260719,2026071910020801,4,クリアクォーツ,小倉,1,5,5.0,finished,weekly_join,7,日,
260719,2026071910020801,7,シュエットアムール,小倉,1,6,6.0,finished,weekly_join,7,日,
260719,2026071910020801,1,ニシノクードクール,小倉,1,7,7.0,finished,weekly_join,7,日,
260719,2026071910020801,3,ブルーセルリアン,小倉,1,8,8.0,finished,weekly_join,7,日,
260719,2026071910020801,11,エイカイボクサー,小倉,1,9,9.0,finished,weekly_join,7,日,
260719,2026071910020801,6,フラムリンガム,小倉,1,10,10.0,finished,weekly_join,7,日,
260719,2026071910020801,2,スティルシャイニン,小倉,1,11,11.0,finished,weekly_join,7,日,
260725,2026072504020109,8,モンツァフレイバー,新潟,9,1,1.0,finished,weekly_join,7,土,
260725,2026072504020109,4,サングラデーション,新潟,9,2,2.0,finished,weekly_join,7,土,
260725,2026072504020109,10,アメリカンピース,新潟,9,3,3.0,finished,weekly_join,7,土,
260725,2026072504020109,9,ローンウルフ,新潟,9,4,4.0,finished,weekly_join,7,土,
260725,2026072504020109,3,スコラーリ,新潟,9,5,5.0,finished,weekly_join,7,土,
260725,2026072504020109,1,ウォーターリーダー,新潟,9,6,6.0,finished,weekly_join,7,土,
260725,2026072504020109,6,パープルアドミラル,新潟,9,7,7.0,finished,weekly_join,7,土,
260725,2026072504020109,5,サルサロッサ,新潟,9,8,8.0,finished,weekly_join,7,土,
260725,2026072504020109,2,コスモチプリア,新潟,9,0,,non_finish_zero,weekly_join,7,土,
260725,2026072504020109,7,ダノンロッキー,新潟,9,0,,non_finish_zero,weekly_join,7,土,
260726,2026072604020209,5,キャネル,新潟,9,1,1.0,finished,weekly_join,7,日,
260726,2026072604020209,10,ノブダブルホワイト,新潟,9,2,2.0,finished,weekly_join,7,日,
260726,2026072604020209,4,セイウンビッグバン,新潟,9,3,3.0,finished,weekly_join,7,日,
260726,2026072604020209,14,オーサムストローク,新潟,9,4,4.0,finished,weekly_join,7,日,
260726,2026072604020209,6,グロッシェン,新潟,9,5,5.0,finished,weekly_join,7,日,
260726,2026072604020209,8,ノーブルクライ,新潟,9,6,6.0,finished,weekly_join,7,日,
260726,2026072604020209,7,フェスティヴビーム,新潟,9,7,7.0,finished,weekly_join,7,日,
260726,2026072604020209,3,コトブキヘスペラス,新潟,9,8,8.0,finished,weekly_join,7,日,
260726,2026072604020209,12,バラジ,新潟,9,9,9.0,finished,weekly_join,7,日,
260726,2026072604020209,11,バンデルオーラ,新潟,9,10,10.0,finished,weekly_join,7,日,
260726,2026072604020209,13,ニシノブレイゼスト,新潟,9,11,11.0,finished,weekly_join,7,日,
260726,2026072604020209,9,タイキエクセロン,新潟,9,12,12.0,finished,weekly_join,7,日,
260726,2026072604020209,1,ジュリアスローズ,新潟,9,13,13.0,finished,weekly_join,7,日,
260726,2026072604020209,2,スマートフランキー,新潟,9,14,14.0,finished,weekly_join,7,日,
260801,2026080107020309,7,ソレルビュレット,中京,9,1,1.0,finished,weekly_join,8,土,
260801,2026080107020309,8,マルディランダ,中京,9,2,2.0,finished,weekly_join,8,土,
260801,2026080107020309,2,サマーアゲイン,中京,9,3,3.0,finished,weekly_join,8,土,
260801,2026080107020309,1,モナコブル,中京,9,4,4.0,finished,weekly_join,8,土,
260801,2026080107020309,4,リッケンバッカー,中京,9,5,5.0,finished,weekly_join,8,土,
260801,2026080107020309,6,クロライナ,中京,9,6,6.0,finished,weekly_join,8,土,
260801,2026080107020309,5,メイショウカゼマチ,中京,9,7,7.0,finished,weekly_join,8,土,
260801,2026080107020309,9,サトノドルチェ,中京,9,8,8.0,finished,weekly_join,8,土,
260801,2026080107020309,3,アバットゥータ,中京,9,9,9.0,finished,weekly_join,8,土,
260801,2026080107020309,10,エターナルシルバー,中京,9,0,,non_finish_zero,weekly_join,8,土,
260801,2026080107020309,11,マーゴットデイズ,中京,9,0,,non_finish_zero,weekly_join,8,土,
260802,2026080207020409,4,ボールドハーテッド,中京,9,1,1.0,finished,weekly_join,8,日,
260802,2026080207020409,8,ゴールデンステップ,中京,9,2,2.0,finished,weekly_join,8,日,
260802,2026080207020409,6,セイフウサツキ,中京,9,3,3.0,finished,weekly_join,8,日,
260802,2026080207020409,7,テーオーレガシー,中京,9,4,4.0,finished,weekly_join,8,日,
260802,2026080207020409,2,メイショウヘール,中京,9,5,5.0,finished,weekly_join,8,日,
260802,2026080207020409,1,トモジャシャトー,中京,9,6,6.0,finished,weekly_join,8,日,
260802,2026080207020409,9,メラーキ,中京,9,7,7.0,finished,weekly_join,8,日,
260802,2026080207020409,3,ガイ,中京,9,8,8.0,finished,weekly_join,8,日,
260802,2026080207020409,5,オンクラウドナイン,中京,9,9,9.0,finished,weekly_join,8,日,
260802,2026080207020409,10,サスツルギ,中京,9,0,,non_finish_zero,weekly_join,8,日,
260808,2026080807020509,3,クラウンセト,中京,9,1,1.0,finished,weekly_join,8,土,
260808,2026080807020509,10,ヒットアンドロール,中京,9,2,2.0,finished,weekly_join,8,土,
260808,2026080807020509,4,ベイビーベリッシモ,中京,9,3,3.0,finished,weekly_join,8,土,
260808,2026080807020509,2,ゴールドブリーズ,中京,9,4,4.0,finished,weekly_join,8,土,
260808,2026080807020509,1,トーアマリシテン,中京,9,5,5.0,finished,weekly_join,8,土,
260808,2026080807020509,9,ゲインサポート,中京,9,6,6.0,finished,weekly_join,8,土,
260808,2026080807020509,6,ポワンキュルミナン,中京,9,7,7.0,finished,weekly_join,8,土,
260808,2026080807020509,5,テクネチウム,中京,9,0,,non_finish_zero,weekly_join,8,土,
260808,2026080807020509,7,サトノエピック,中京,9,0,,non_finish_zero,weekly_join,8,土,
260808,2026080807020509,8,ニシノルアノーヴァ,中京,9,0,,non_finish_zero,weekly_join,8,土,
260809,2026080907020609,5,メイショウソウセキ,中京,9,1,1.0,finished,weekly_join,8,日,
260809,2026080907020609,2,アップストローク,中京,9,2,2.0,finished,weekly_join,8,日,
260809,2026080907020609,6,ナヴァラトゥナ,中京,9,3,3.0,finished,weekly_join,8,日,
260809,2026080907020609,12,オリンポスカズマ,中京,9,4,4.0,finished,weekly_join,8,日,
260809,2026080907020609,9,ナスノソナタ,中京,9,5,5.0,finished,weekly_join,8,日,
260809,2026080907020609,13,アナザーエース,中京,9,6,6.0,finished,weekly_join,8,日,
260809,2026080907020609,10,ヨシノヤッタルデー,中京,9,7,7.0,finished,weekly_join,8,日,
260809,2026080907020609,11,クリアクォーツ,中京,9,8,8.0,finished,weekly_join,8,日,
260809,2026080907020609,7,スラッシュ,中京,9,9,9.0,finished,weekly_join,8,日,
260809,2026080907020609,1,ルクスマーベリック,中京,9,10,10.0,finished,weekly_join,8,日,
260809,2026080907020609,8,ヴォンヌヴォー,中京,9,11,11.0,finished,weekly_join,8,日,
260809,2026080907020609,4,アレナリア,中京,9,12,12.0,finished,weekly_join,8,日,
260809,2026080907020609,3,ヴィーデ,中京,9,13,13.0,finished,weekly_join,8,日,
260815,2026081504020709,8,ローディアマント,新潟,9,1,1.0,finished,weekly_join,8,土,
260815,2026081504020709,11,ヴェールランス,新潟,9,2,2.0,finished,weekly_join,8,土,
260815,2026081504020709,6,プラチナドリーム,新潟,9,3,3.0,finished,weekly_join,8,土,
260815,2026081504020709,5,セイウンパシュート,新潟,9,4,4.0,finished,weekly_join,8,土,
260815,2026081504020709,10,パープルアドミラル,新潟,9,5,5.0,finished,weekly_join,8,土,
260815,2026081504020709,2,アメリカンピース,新潟,9,6,6.0,finished,weekly_join,8,土,
260815,2026081504020709,1,シャンデルナゴル,新潟,9,7,7.0,finished,weekly_join,8,土,
260815,2026081504020709,7,ビーンスターク,新潟,9,8,8.0,finished,weekly_join,8,土,
260815,2026081504020709,3,ローンウルフ,新潟,9,9,9.0,finished,weekly_join,8,土,
260815,2026081504020709,4,ブラックボイス,新潟,9,10,10.0,finished,weekly_join,8,土,
260815,2026081504020709,9,ピーターサイト,新潟,9,0,,non_finish_zero,weekly_join,8,土,
260816,2026081604020809,5,ビジューブリランテ,新潟,9,1,1.0,finished,weekly_join,8,日,
260816,2026081604020809,4,メイショウトム,新潟,9,2,2.0,finished,weekly_join,8,日,
260816,2026081604020809,12,プレミアブルー,新潟,9,3,3.0,finished,weekly_join,8,日,
260816,2026081604020809,2,アウスヴァール,新潟,9,4,4.0,finished,weekly_join,8,日,
260816,2026081604020809,6,ノーブルクライ,新潟,9,5,5.0,finished,weekly_join,8,日,
260816,2026081604020809,9,セイウンビッグバン,新潟,9,6,6.0,finished,weekly_join,8,日,
260816,2026081604020809,11,タイセイレスポンス,新潟,9,7,7.0,finished,weekly_join,8,日,
260816,2026081604020809,3,ジロラータ,新潟,9,8,8.0,finished,weekly_join,8,日,
260816,2026081604020809,7,スペイドアン,新潟,9,9,9.0,finished,weekly_join,8,日,
260816,2026081604020809,1,ラッキーダンス,新潟,9,0,,non_finish_zero,weekly_join,8,日,
260816,2026081604020809,8,クラリティー,新潟,9,0,,non_finish_zero,weekly_join,8,日,
260816,2026081604020809,10,サミアド,新潟,9,0,,non_finish_zero,weekly_join,8,日,
260829,2026082904030301,6,リッケンバッカー,新潟,1,1,1.0,finished,weekly_join,8,土,
260829,2026082904030301,1,ウインシュクラン,新潟,1,2,2.0,finished,weekly_join,8,土,
260829,2026082904030301,10,オリンポスカズマ,新潟,1,3,3.0,finished,weekly_join,8,土,
260829,2026082904030301,9,フォーディアライフ,新潟,1,4,4.0,finished,weekly_join,8,土,
260829,2026082904030301,11,ラパンラピッド,新潟,1,5,5.0,finished,weekly_join,8,土,
260829,2026082904030301,4,アスクアットバット,新潟,1,6,6.0,finished,weekly_join,8,土,
260829,2026082904030301,2,ホウオウサンデー,新潟,1,7,7.0,finished,weekly_join,8,土,
260829,2026082904030301,8,エナジーグラン,新潟,1,8,8.0,finished,weekly_join,8,土,
260829,2026082904030301,5,ワールドシリーズ,新潟,1,9,9.0,finished,weekly_join,8,土,
260829,2026082904030301,7,マイネルニコラス,新潟,1,10,10.0,finished,weekly_join,8,土,
260829,2026082904030301,3,コスモグラニット,新潟,1,11,11.0,finished,weekly_join,8,土,
260829,2026082904030301,12,バダジェフスカ,新潟,1,12,12.0,finished,weekly_join,8,土,
260830,2026083004030401,9,オーサムストローク,新潟,1,1,1.0,finished,weekly_join,8,日,
260830,2026083004030401,13,ゴールデンステップ,新潟,1,2,2.0,finished,weekly_join,8,日,
260830,2026083004030401,6,エポカスピーガ,新潟,1,3,3.0,finished,weekly_join,8,日,
260830,2026083004030401,5,マルディランダ,新潟,1,4,4.0,finished,weekly_join,8,日,
260830,2026083004030401,11,トラマンダーレ,新潟,1,5,5.0,finished,weekly_join,8,日,
260830,2026083004030401,8,ブラックシールド,新潟,1,6,6.0,finished,weekly_join,8,日,
260830,2026083004030401,4,メイショウブレゲ,新潟,1,7,7.0,finished,weekly_join,8,日,
260830,2026083004030401,1,フレイムジョーカー,新潟,1,8,8.0,finished,weekly_join,8,日,
260830,2026083004030401,10,ヨシノヤッタルデー,新潟,1,9,9.0,finished,weekly_join,8,日,
260830,2026083004030401,7,バトンロード,新潟,1,10,10.0,finished,weekly_join,8,日,
260830,2026083004030401,12,スノーリン,新潟,1,11,11.0,finished,weekly_join,8,日,
260830,2026083004030401,3,ニシノクードクール,新潟,1,12,12.0,finished,weekly_join,8,日,
260830,2026083004030401,2,ニシノインヴィクタ,新潟,1,0,,non_finish_zero,weekly_join,8,日,
260905,2026090506040101,4,コンテナワールド,中山,1,1,1.0,finished,weekly_join,9,土,
260905,2026090506040101,3,メイショウアツイタ,中山,1,2,2.0,finished,weekly_join,9,土,
260905,2026090506040101,1,バニーラビット,中山,1,3,3.0,finished,weekly_join,9,土,
260905,2026090506040101,2,ナックエルドラド,中山,1,4,4.0,finished,weekly_join,9,土,
260905,2026090506040101,7,サングラデーション,中山,1,5,5.0,finished,weekly_join,9,土,
260905,2026090506040101,6,ヒットアンドロール,中山,1,6,6.0,finished,weekly_join,9,土,
260905,2026090506040101,8,アクロスザリバー,中山,1,7,7.0,finished,weekly_join,9,土,
260905,2026090506040101,5,マイネルメサイア,中山,1,8,8.0,finished,weekly_join,9,土,
260906,2026090606040201,2,エーオーキング,中山,1,1,1.0,finished,weekly_join,9,日,
260906,2026090606040201,7,ベラトール,中山,1,2,2.0,finished,weekly_join,9,日,
260906,2026090606040201,6,エンジョイドライブ,中山,1,3,3.0,finished,weekly_join,9,日,
260906,2026090606040201,3,グロッシェン,中山,1,4,4.0,finished,weekly_join,9,日,
260906,2026090606040201,1,ヴェストラン,中山,1,5,5.0,finished,weekly_join,9,日,
260906,2026090606040201,5,スラッシュ,中山,1,6,6.0,finished,weekly_join,9,日,
260906,2026090606040201,4,シグムンド,中山,1,7,7.0,finished,weekly_join,9,日,
260906,2026090609040211,8,ファストネットワー,阪神,11,15,15.0,finished,name_filter,9,日,
