week,rid16,top1_changed,top3_set_changed,any_score_changed,top1_old_fin,top1_new_fin,ndcg3_old,ndcg3_new
20260104,2026010406010101,False,False,True,1,1,0.7761084336317209,0.7761084336317209
20260104,2026010406010102,False,False,True,1,1,0.9852768631153933,0.9852768631153933
20260104,2026010406010103,False,False,True,2,2,0.33791127296832285,0.33791127296832285
20260104,2026010406010104,False,False,True,6,6,0.5916995616199073,0.5916995616199073
20260104,2026010406010105,False,False,True,5,5,0.6168569118872922,0.6168569118872922
20260104,2026010406010106,False,True,True,1,1,0.8092393083178818,0.7664035070407403
20260104,2026010406010107,False,False,True,1,1,0.7730004685182206,0.7730004685182206
20260104,2026010406010108,True,False,True,1,15,0.7241678299831044,0.4917555553405128
20260104,2026010406010109,False,False,True,4,4,0.32842562103846445,0.32842562103846445
20260104,2026010406010110,False,False,True,1,1,0.8479675735649798,0.8479675735649798
20260104,2026010406010111,False,True,True,2,2,0.45443541158171724,0.3982100827966478
20260104,2026010406010112,False,False,True,10,10,0.34778618609319467,0.34778618609319467
20260104,2026010408010101,False,False,True,7,7,0.2590343052068453,0.2590343052068453
20260104,2026010408010102,False,False,True,2,2,0.44087627860860323,0.44087627860860323
20260104,2026010408010103,False,False,True,5,5,0.244377467121493,0.244377467121493
20260104,2026010408010104,False,False,True,7,7,0.6772113068071622,0.6772113068071622
20260104,2026010408010105,False,False,True,11,11,0.6115340920304294,0.6115340920304294
20260104,2026010408010106,False,False,True,4,4,0.4297145223228673,0.4297145223228673
20260104,2026010408010107,False,False,True,2,2,0.5635868972273727,0.5635868972273727
20260104,2026010408010108,False,False,True,1,1,0.7977411016909877,0.7977411016909877
20260104,2026010408010109,False,False,True,5,5,0.30750608157901105,0.30750608157901105
20260104,2026010408010110,False,False,True,1,1,0.9437746712149305,0.9437746712149305
20260104,2026010408010111,False,False,True,9,9,0.3287812502055787,0.3287812502055787
20260104,2026010408010112,False,False,True,8,8,0.2354878138402935,0.2354878138402935
20260118,2026011806010701,False,False,True,6,6,0.31153312921235105,0.31153312921235105
20260118,2026011806010702,False,False,True,16,16,0.152208470532691,0.152208470532691
20260118,2026011806010703,False,False,True,3,3,0.4645257671651619,0.4645257671651619
20260118,2026011806010704,False,False,True,10,10,0.5467192985918518,0.5467192985918518
20260118,2026011806010705,False,False,True,6,6,0.2313240136447917,0.2313240136447917
20260118,2026011806010706,False,False,True,2,2,0.8754934242986115,0.8754934242986115
20260118,2026011806010707,False,False,True,3,3,0.7180625037004172,0.7180625037004172
20260118,2026011806010708,False,False,True,2,2,0.72791529467309,0.72791529467309
20260118,2026011806010709,False,False,True,3,3,0.49999999999999994,0.49999999999999994
20260118,2026011806010710,False,False,True,14,14,0.2835286674816868,0.2835286674816868
20260118,2026011806010711,False,False,True,15,15,0.19290515343303236,0.19290515343303236
20260118,2026011806010712,False,False,True,1,1,0.7894484238854411,0.8052232134046625
20260118,2026011808010701,False,False,True,4,4,0.4792489040497685,0.4792489040497685
20260118,2026011808010702,False,False,True,1,1,0.9143283974457173,0.9143283974457173
20260118,2026011808010703,False,False,True,3,3,0.49999999999999994,0.49999999999999994
20260118,2026011808010704,False,False,True,1,1,0.9250328949532407,0.9250328949532407
20260118,2026011808010705,False,False,True,2,2,0.7030833316887033,0.7855328982425005
20260118,2026011808010706,False,False,True,10,10,0.2969593514712996,0.2969593514712996
20260118,2026011808010707,False,False,True,10,10,0.3927664491212502,0.3927664491212502
20260118,2026011808010708,False,False,True,3,3,0.4859398511079367,0.4859398511079367
20260118,2026011808010709,False,False,True,6,6,0.2039319892996393,0.2039319892996393
20260118,2026011808010710,False,False,True,8,8,0.5281126643925347,0.5281126643925347
20260118,2026011808010711,False,False,True,6,6,0.5803104481769971,0.5803104481769971
20260118,2026011808010712,False,False,True,2,2,0.7653606369886217,0.7653606369886217
20260208,2026020810010601,False,False,True,15,15,0.1680174192982102,0.1680174192982102
20260208,2026020810010602,True,False,True,1,10,0.773498353607708,0.5493865173452089
20260208,2026020810010603,False,False,True,1,1,0.7064943370018033,0.7064943370018033
20260208,2026020810010605,False,False,True,3,3,0.48497268481064015,0.5458806130081154
20260208,2026020810010606,False,False,True,3,3,0.7180625037004172,0.7180625037004172
20260208,2026020810010607,False,False,True,3,3,0.3419396144993551,0.3419396144993551
20260208,2026020810010608,False,False,True,3,3,0.8192680955135421,0.8192680955135421
20260208,2026020810010609,False,False,True,4,4,0.23079056989412028,0.23079056989412028
20260208,2026020810010610,False,False,True,1,1,0.8813367087448151,0.8813367087448151
20260208,2026020810010611,False,False,True,7,7,0.18585425161918126,0.18585425161918126
20260208,2026020810010612,False,True,True,7,7,0.5501897363278527,0.5480272236822732
20260228,2026022806020101,False,False,True,7,7,0.2768960502931857,0.2768960502931857
20260228,2026022806020102,False,False,True,1,1,0.7436738174102795,0.7436738174102795
20260228,2026022806020103,False,False,True,5,5,0.39597932505182565,0.39597932505182565
20260228,2026022806020104,False,False,True,2,2,0.8005263192518524,0.8005263192518524
20260228,2026022806020105,False,False,True,1,1,0.8020111008132462,0.8020111008132462
20260228,2026022806020106,False,False,True,1,1,0.9437746712149305,0.9437746712149305
20260228,2026022806020107,False,False,True,1,1,0.910039473943889,0.910039473943889
20260228,2026022806020108,False,False,True,1,1,1.0,1.0
20260228,2026022806020109,False,False,True,2,2,0.4564935773387234,0.4564935773387234
20260228,2026022806020110,True,False,True,7,3,0.2757667617799935,0.3231978382376653
20260228,2026022806020111,False,False,True,6,6,0.3534087189717016,0.3534087189717016
20260228,2026022806020112,False,False,True,1,1,0.9156620068223958,0.9156620068223958
20260228,2026022809010301,False,False,True,2,2,0.5,0.5
20260228,2026022809010302,False,False,True,8,8,0.5943667803732645,0.5943667803732645
20260228,2026022809010303,False,False,True,1,1,0.9852768631153933,0.9852768631153933
20260228,2026022809010304,False,False,True,7,7,0.5558122692063597,0.5558122692063597
20260228,2026022809010305,False,False,True,2,2,0.5214179006385706,0.5214179006385706
20260228,2026022809010306,False,False,True,4,4,0.7188733560746529,0.7188733560746529
20260228,2026022809010307,False,False,True,1,1,0.8373519727104164,0.8373519727104164
20260228,2026022809010308,False,True,True,7,7,0.23164595031302332,0.1596095721340906
20260228,2026022809010309,False,False,True,2,2,0.8112359056871036,0.8112359056871036
20260228,2026022809010310,False,False,True,2,2,0.8192680955135421,0.8192680955135421
20260228,2026022809010311,False,False,True,2,2,0.4825029364620286,0.4825029364620286
20260228,2026022809010312,False,True,True,7,7,0.5501897363278527,0.5461736414146335
20260228,2026022810011101,False,False,True,1,1,0.7953856892151734,0.7953856892151734
20260228,2026022810011102,False,False,True,2,2,0.8192680955135421,0.8192680955135421
20260228,2026022810011103,False,False,True,4,4,0.2893577301495486,0.2893577301495486
20260228,2026022810011104,False,True,True,3,3,0.5791088608367899,0.6455653564941389
20260228,2026022810011105,True,False,True,1,3,0.7763766377156597,0.6455653564941389
20260228,2026022810011106,False,False,True,7,7,0.6064150651129222,0.6064150651129222
20260228,2026022810011107,False,False,True,4,4,0.43774671214930577,0.43774671214930577
20260228,2026022810011108,False,False,True,2,2,0.44578399090347215,0.44578399090347215
20260228,2026022810011109,False,False,True,2,2,0.49196781017356145,0.49196781017356145
20260228,2026022810011110,False,True,True,11,11,0.1386446410425573,0.14049822331019696
20260228,2026022810011111,False,False,True,14,14,0.18902318279664013,0.18902318279664013
20260228,2026022810011112,False,True,True,13,13,0.2781352280108664,0.2244655959887547
20260321,2026032106020701,False,False,True,9,9,0.26572779672887736,0.26572779672887736
20260321,2026032106020702,False,False,True,1,1,0.9202522052111813,0.9202522052111813
20260321,2026032106020703,False,False,True,1,1,0.6819672217727683,0.6819672217727683
20260321,2026032106020704,False,False,True,1,1,0.8122885095908974,0.8122885095908974
20260321,2026032106020705,False,False,True,1,1,0.9718873356074652,0.9718873356074652
20260321,2026032106020706,False,False,True,1,1,0.6819672217727683,0.6819672217727683
20260321,2026032106020707,False,False,True,7,7,0.3966416379707416,0.3966416379707416
20260321,2026032106020708,True,False,True,5,7,0.533105732368591,0.5188764094312895
20260321,2026032106020709,False,False,True,5,5,0.4271890785378846,0.4271890785378846
20260321,2026032106020710,False,False,True,5,5,0.19858958435730037,0.19858958435730037
20260321,2026032106020711,False,False,True,11,11,0.28250601421231253,0.28250601421231253
20260321,2026032106020712,False,False,True,4,4,0.3670870086853021,0.3670870086853021
20260321,2026032107010301,False,False,True,1,1,0.8263636382865661,0.8263636382865661
20260321,2026032107010302,False,True,True,2,2,0.4662463246480312,0.4308028602974451
20260321,2026032107010303,False,True,True,1,1,0.8503360740312267,0.929051534330324
20260321,2026032107010304,False,False,True,10,10,0.16118995580336098,0.16118995580336098
20260321,2026032107010305,False,False,True,2,2,0.3438839884195972,0.3438839884195972
20260321,2026032107010306,False,True,True,2,2,0.5349407890841665,0.5916995616199073
20260321,2026032107010307,False,False,True,6,6,0.21124506575701385,0.21124506575701385
20260321,2026032107010308,False,False,True,1,1,0.7763766377156597,0.7763766377156597
20260321,2026032107010309,True,False,True,6,1,0.4683480347412084,0.6318621362681093
20260321,2026032107010310,True,False,True,4,9,0.25879221257188656,0.23153986231740303
20260321,2026032107010311,False,False,True,11,11,0.5095176478430689,0.5095176478430689
20260321,2026032107010312,False,False,True,2,2,0.6273737328869011,0.6273737328869011
20260321,2026032109010901,False,False,True,5,5,0.3020252481345628,0.3020252481345628
20260321,2026032109010902,False,False,True,1,1,0.8875351611952557,0.8875351611952557
20260321,2026032109010903,True,False,True,2,4,0.6155107261154192,0.566456495657349
20260321,2026032109010904,False,False,True,1,1,0.9556956695617674,0.9556956695617674
20260321,2026032109010905,False,False,True,3,3,0.3030965430101192,0.3030965430101192
20260321,2026032109010906,False,False,True,2,2,0.43228247828674476,0.43228247828674476
20260321,2026032109010907,False,False,True,1,1,0.9651954696014428,0.9651954696014428
20260321,2026032109010908,False,True,True,4,4,0.5015762825698828,0.5569566956176737
20260321,2026032109010909,False,False,True,4,4,0.34968474348602346,0.34968474348602346
20260321,2026032109010910,False,False,True,7,7,0.16820947205679798,0.16820947205679798
20260321,2026032109010911,True,False,True,3,1,0.526902065238954,0.7041193869918846
20260321,2026032109010912,False,False,True,4,4,0.26107608260955817,0.26107608260955817
20260411,2026041103010101,False,False,True,2,2,0.5563973010558347,0.5563973010558347
20260411,2026041103010102,False,False,True,3,3,0.6107608260955816,0.6107608260955816
20260411,2026041103010103,False,False,True,5,5,0.3509157525524922,0.3509157525524922
20260411,2026041103010104,False,False,True,6,6,0.29584978080995367,0.31057291769456025
20260411,2026041103010105,False,False,True,2,2,0.4787154602990972,0.4787154602990972
20260411,2026041103010106,False,False,True,4,4,0.42015151419005026,0.42015151419005026
20260411,2026041103010107,False,True,True,4,4,0.3333333333333333,0.2978898689827472
20260411,2026041103010108,False,True,True,7,7,0.17616045176057363,0.3976821039517368
20260411,2026041103010109,False,False,True,4,4,0.19233571691453763,0.19233571691453763
20260411,2026041103010110,False,False,True,2,2,0.7341740173706042,0.7341740173706042
20260411,2026041103010111,False,False,True,9,9,0.1466076017795658,0.1466076017795658
20260411,2026041103010112,True,True,True,1,6,0.6052795380051699,0.512652365179441
20260411,2026041106030501,False,False,True,1,1,0.7320723072774271,0.7320723072774271
20260411,2026041106030502,False,False,True,2,2,0.3658259826293958,0.3658259826293958
20260411,2026041106030503,False,False,True,4,4,0.42015151419005026,0.42015151419005026
20260411,2026041106030505,True,False,True,1,9,0.6450469464075743,0.4087571840703336
20260411,2026041106030506,False,False,True,2,2,0.5596048855443342,0.5596048855443342
20260411,2026041106030507,False,False,True,1,1,1.0,1.0
20260411,2026041106030508,False,False,True,1,1,1.0,1.0
20260411,2026041106030509,False,True,True,6,6,0.5569566956176737,0.47720890082885487
20260411,2026041106030510,False,False,True,2,2,0.44066835437240753,0.44066835437240753
20260411,2026041106030511,True,False,True,6,2,0.32278267824706947,0.38818831885782984
20260411,2026041106030512,False,False,True,5,5,0.39451871190958815,0.4594871686535618
20260411,2026041109020501,False,False,True,5,5,0.3510550655086264,0.3510550655086264
20260411,2026041109020502,False,False,True,3,3,0.4783232260416616,0.4783232260416616
20260411,2026041109020503,False,False,True,1,1,0.8018777398755783,0.8018777398755783
20260411,2026041109020504,False,False,True,0,0,0.777938566775601,0.777938566775601
20260411,2026041109020505,False,False,True,2,2,0.46677175217132555,0.44066835437240753
20260411,2026041109020506,True,False,True,2,2,0.6993694869720469,0.6993694869720469
20260411,2026041109020507,False,False,True,2,2,0.4382934043624887,0.4382934043624887
20260411,2026041109020508,False,False,True,1,1,0.9556956695617674,0.9556956695617674
20260411,2026041109020509,False,False,True,2,2,0.5221521652191163,0.5221521652191163
20260411,2026041109020510,False,False,True,1,1,0.9556956695617674,0.9556956695617674
20260411,2026041109020511,False,True,True,8,8,0.3105729176945603,0.22824424420549777
20260411,2026041109020512,False,False,True,16,16,0.13480874086059516,0.13480874086059516
20260502,2026050204010101,False,False,True,1,1,0.8186101964487267,0.8186101964487267
20260502,2026050204010102,False,False,True,6,6,0.6224794447657992,0.5562253287850694
20260502,2026050204010103,False,False,True,1,1,0.8293197828839779,0.8293197828839779
20260502,2026050204010105,False,False,True,4,4,0.5911661178692359,0.5911661178692359
20260502,2026050204010106,False,False,True,1,1,0.8092393083178818,0.8092393083178818
20260502,2026050204010107,False,False,True,1,1,0.7432231765695938,0.7432231765695938
20260502,2026050204010108,False,False,True,10,10,0.25086951778189814,0.25086951778189814
20260502,2026050204010109,False,False,True,4,4,0.7630427667284727,0.7630427667284727
20260502,2026050204010110,False,False,True,1,1,0.7749197856566129,0.7857922559713993
20260502,2026050204010111,False,False,True,1,1,0.9116459119091767,0.9116459119091767
20260502,2026050204010112,False,False,True,12,12,0.2553078004272817,0.2553078004272817
20260502,2026050205020301,False,False,True,1,1,0.9437746712149305,0.9143283974457173
20260502,2026050205020302,False,False,True,2,2,0.8305131612705561,0.8305131612705561
20260502,2026050205020303,False,False,True,5,5,0.5787154602990972,0.5787154602990972
20260502,2026050205020304,False,False,True,1,1,0.9498026302805552,0.9498026302805552
20260502,2026050205020305,False,False,True,6,6,0.3734891935377978,0.3734891935377978
20260502,2026050205020306,False,False,True,2,2,0.8112359056871036,0.8112359056871036
20260502,2026050205020307,False,False,True,4,4,0.7630427667284727,0.7630427667284727
20260502,2026050205020308,False,False,True,1,1,0.9009388699377892,0.9009388699377892
20260502,2026050205020309,False,False,True,1,1,0.6482135464207994,0.6482135464207994
20260502,2026050205020310,False,False,True,3,3,0.35823261290251984,0.35823261290251984
20260502,2026050205020311,False,False,True,9,9,0.5343930963358572,0.5343930963358572
20260502,2026050205020312,False,False,True,2,2,0.43190014055546616,0.43190014055546616
20260502,2026050208030301,False,False,True,1,1,1.0,1.0
20260502,2026050208030302,False,False,True,1,1,0.9852768631153933,0.9852768631153933
20260502,2026050208030303,False,False,True,2,2,0.47188733560746526,0.47188733560746526
20260502,2026050208030304,False,False,True,1,1,0.9285180905796524,0.9285180905796524
20260502,2026050208030305,False,False,True,1,1,0.8728262055452545,0.8728262055452545
20260502,2026050208030306,False,False,True,1,1,0.8540844292835647,0.8540844292835647
20260502,2026050208030307,False,False,True,5,5,0.5109919248871336,0.5109919248871336
20260502,2026050208030308,False,False,True,3,3,0.3522084705326909,0.3522084705326909
20260502,2026050208030309,False,True,True,1,1,0.7973256567478239,0.8080352431830751
20260502,2026050208030310,False,False,True,2,2,0.5467192985918518,0.5467192985918518
20260502,2026050208030311,False,False,True,1,1,0.9718873356074652,0.9718873356074652
20260502,2026050208030312,False,False,True,10,10,0.3365411203361808,0.3365411203361808
20260523,2026052304010702,False,False,True,5,5,0.6141896931339351,0.6141896931339351
20260523,2026052304010703,False,False,True,3,3,0.35318468025636895,0.35318468025636895
20260523,2026052304010705,False,False,True,6,6,0.5132389060476152,0.4586118974081649
20260523,2026052304010706,False,False,True,2,2,0.4812582237383102,0.4812582237383102
20260523,2026052304010707,False,False,True,2,2,0.5068281246916319,0.5068281246916319
20260523,2026052304010708,False,False,True,1,1,0.8935773014954859,0.8935773014954859
20260523,2026052304010709,False,True,True,2,2,0.4764083049066838,0.3888429562918215
20260523,2026052304010710,False,False,True,1,1,0.9182177035853535,0.8820790948685917
20260523,2026052304010711,False,False,True,3,3,0.5052171066913891,0.5052171066913891
20260523,2026052304010712,False,False,True,9,9,0.158270207134795,0.158270207134795
20260523,2026052305020901,False,False,True,2,2,0.7220029225339503,0.7220029225339503
20260523,2026052305020902,False,False,True,2,2,0.8166008767601851,0.8166008767601851
20260523,2026052305020903,False,False,True,2,2,0.8112359056871036,0.8112359056871036
20260523,2026052305020904,False,False,True,1,1,0.9285180905796524,0.9285180905796524
20260523,2026052305020905,False,False,True,1,1,0.8297236823927775,0.8297236823927775
20260523,2026052305020906,False,False,True,3,3,0.34558305893461794,0.34558305893461794
20260523,2026052305020907,False,False,True,6,6,0.338685582087095,0.338685582087095
20260523,2026052305020908,False,False,True,6,6,0.32369572332715263,0.32369572332715263
20260523,2026052305020909,False,False,True,1,1,0.7654661637812695,0.7654661637812695
20260523,2026052305020910,False,False,True,10,10,0.28634375061673617,0.28634375061673617
20260523,2026052305020911,False,False,True,1,1,0.935742481388492,0.935742481388492
20260523,2026052305020912,False,False,True,1,1,0.823295640514149,0.823295640514149
20260523,2026052308030901,False,False,True,2,2,0.45443541158171724,0.45443541158171724
20260523,2026052308030902,False,False,True,3,3,0.28628835884989473,0.28628835884989473
20260523,2026052308030903,False,False,True,1,1,0.8117950050808395,0.8117950050808395
20260523,2026052308030904,False,False,True,10,10,0.5306447410835191,0.45212134436561713
20260523,2026052308030905,False,False,True,10,10,0.15113776633555223,0.15113776633555223
20260523,2026052308030906,False,False,True,13,13,0.2612676293753456,0.2612676293753456
20260523,2026052308030907,False,False,True,8,8,0.6345353628970487,0.6345353628970487
20260523,2026052308030908,False,False,True,1,1,0.8935773014954859,0.8935773014954859
20260523,2026052308030909,False,False,True,4,4,0.28754934242986113,0.28754934242986113
20260523,2026052308030910,False,False,True,8,8,0.28246025330202557,0.28246025330202557
20260523,2026052308030911,False,True,True,7,7,0.15274291495122097,0.1605279604753075
20260523,2026052308030912,False,False,True,1,1,0.8299904042681131,0.8299904042681131
20260613,2026061302010101,False,False,True,4,4,0.25879221257188656,0.27426089274902316
20260613,2026061302010102,False,False,True,1,1,0.864794015718816,0.864794015718816
20260613,2026061302010103,False,False,True,4,4,0.6479248904049768,0.7068174379434033
20260613,2026061302010104,False,False,True,1,1,0.864794015718816,0.864794015718816
20260613,2026061302010105,False,False,True,7,7,0.16706802171160218,0.16706802171160218
20260613,2026061302010106,False,False,True,2,2,0.7967779639995144,0.7967779639995144
20260613,2026061302010107,False,False,True,2,2,0.5635868972273727,0.5635868972273727
20260613,2026061302010108,False,True,True,3,3,0.6095522649638114,0.3203934312120259
20260613,2026061302010109,False,True,True,4,4,0.3419396144993551,0.3981649432844245
20260613,2026061302010110,False,False,True,10,10,0.25756046484006623,0.25756046484006623
20260613,2026061302010111,False,False,True,12,12,0.2,0.2
20260613,2026061302010112,False,False,True,3,3,0.47991570873810785,0.47991570873810785
20260613,2026061305030301,False,False,True,2,2,0.4825480759742519,0.4825480759742519
20260613,2026061305030302,False,False,True,2,2,0.4116478202570745,0.4116478202570745
20260613,2026061305030303,False,True,True,14,14,0.522077071935318,0.5113674855000668
20260613,2026061305030305,False,False,True,2,2,0.5068281246916319,0.5112450657570139
20260613,2026061305030306,True,False,True,3,4,0.3624506575701388,0.3527419142833623
20260613,2026061305030307,False,False,True,3,3,0.7349301023359379,0.7349301023359379
20260613,2026061305030308,False,False,True,5,5,0.2654600570679961,0.2654600570679961
20260613,2026061305030309,False,False,True,3,3,0.5052171066913891,0.5052171066913891
20260613,2026061305030310,False,False,True,7,7,0.5188764094312895,0.5188764094312895
20260613,2026061305030311,True,False,True,13,4,0.19580655452180393,0.2389049845722845
20260613,2026061305030312,False,False,True,1,1,0.9041929023500491,0.9041929023500491
20260613,2026061309030301,False,False,True,4,4,0.6425599193318954,0.6425599193318954
20260613,2026061309030302,False,False,True,4,4,0.6168569118872922,0.6168569118872922
20260613,2026061309030303,False,True,True,5,5,0.5195917389077004,0.6449695762798269
20260613,2026061309030304,False,False,True,3,3,0.7180625037004172,0.7180625037004172
20260613,2026061309030305,False,False,True,1,1,0.8587698733489871,0.8587698733489871
20260613,2026061309030306,False,True,True,13,13,0.29285836489547307,0.29848089777398
20260613,2026061309030307,False,False,True,16,16,0.25814396005712764,0.25814396005712764
20260613,2026061309030308,False,False,True,7,7,0.5895474664774013,0.5895474664774013
20260613,2026061309030309,False,False,True,3,3,0.8192680955135421,0.8192680955135421
20260613,2026061309030310,False,False,True,1,1,0.8479675735649798,0.8479675735649798
20260613,2026061309030311,False,False,True,1,1,0.9852768631153933,0.9852768631153933
20260613,2026061309030312,False,False,True,3,3,0.31436928884219706,0.31436928884219706
20260704,2026070402010701,False,False,True,4,4,0.4297145223228673,0.4297145223228673
20260704,2026070402010702,False,False,True,2,2,0.7911554311210075,0.7911554311210075
20260704,2026070402010703,False,False,True,9,9,0.4388118144490534,0.4388118144490534
20260704,2026070402010704,False,False,True,16,16,0.21606208963539944,0.21606208963539944
20260704,2026070402010705,False,False,True,2,2,0.5635868972273727,0.5562253287850694
20260704,2026070402010706,False,False,True,1,1,0.6191871264540473,0.6191871264540473
20260704,2026070402010707,False,True,True,2,2,0.4646591281028298,0.5068281246916319
20260704,2026070402010708,False,False,True,1,1,0.8198549091724451,0.8198549091724451
20260704,2026070402010709,False,False,True,3,3,0.6473914466543053,0.6473914466543053
20260704,2026070402010710,False,False,True,2,2,0.7911554311210075,0.7911554311210075
20260704,2026070402010711,False,False,True,10,10,0.1404281799003009,0.1404281799003009
20260704,2026070402010712,True,False,True,3,1,0.8192680955135421,0.9852768631153933
20260704,2026070403020301,False,False,True,2,2,0.8473807599060769,0.8473807599060769
20260704,2026070403020302,False,False,True,15,15,0.21445641500927087,0.21445641500927087
20260704,2026070403020303,False,False,True,2,2,0.5635868972273727,0.5635868972273727
20260704,2026070403020304,False,False,True,1,1,0.8788541646108792,0.8788541646108792
20260704,2026070403020305,False,True,True,4,4,0.6425599193318954,0.6224794447657992
20260704,2026070403020306,False,False,True,1,1,0.823295640514149,0.823295640514149
20260704,2026070403020307,False,False,True,7,7,0.322621202434218,0.322621202434218
20260704,2026070403020308,False,False,True,4,4,0.272200292253395,0.272200292253395
20260704,2026070403020309,False,False,True,6,6,0.4230235752646991,0.4230235752646991
20260704,2026070403020310,False,False,True,1,1,0.8840712713022684,0.8840712713022684
20260704,2026070403020311,False,False,True,1,1,0.8485970384674304,0.8485970384674304
20260704,2026070403020312,False,False,True,15,15,0.5081546095694914,0.5081546095694914
20260704,2026070410020302,False,False,True,7,7,0.5783024007203875,0.5783024007203875
20260704,2026070410020303,False,False,True,1,1,0.9718873356074652,0.9718873356074652
20260704,2026070410020304,False,False,True,2,2,0.7134031085133835,0.7134031085133835
20260704,2026070410020305,False,False,True,11,11,0.31166567184339256,0.31166567184339256
20260704,2026070410020306,False,False,True,13,13,0.14977718332299755,0.14977718332299755
20260704,2026070410020307,False,False,True,1,1,0.7476617307790506,0.7476617307790506
20260704,2026070410020308,False,False,True,1,1,0.8198549091724451,0.8198549091724451
20260704,2026070410020309,False,False,True,1,1,0.7905104653799365,0.7905104653799365
20260704,2026070410020310,False,False,True,2,2,0.4504694349688946,0.4504694349688946
20260704,2026070410020311,False,False,True,1,1,0.9156620068223958,0.9156620068223958
20260704,2026070410020312,False,False,True,2,2,0.7598421042244442,0.7598421042244442
20260725,2026072501010101,False,False,True,3,3,0.6332017535203701,0.6332017535203701
20260725,2026072501010102,False,False,True,2,2,0.8305131612705561,0.8305131612705561
20260725,2026072501010103,False,False,True,4,4,0.7068174379434033,0.7068174379434033
20260725,2026072501010104,False,True,True,1,1,1.0,0.935742481388492
20260725,2026072501010105,False,False,True,6,6,0.3662648027289583,0.3662648027289583
20260725,2026072501010106,False,True,True,8,8,0.40963404775677104,0.29370531905903946
20260725,2026072501010107,False,False,True,4,4,0.31660087676018506,0.31660087676018506
20260725,2026072501010108,False,False,True,5,5,0.5943667803732645,0.5943667803732645
20260725,2026072501010109,False,False,True,5,5,0.224408762786086,0.224408762786086
20260725,2026072501010110,False,False,True,5,5,0.2750986848597223,0.2750986848597223
20260725,2026072501010111,False,False,True,3,3,0.5977275206855321,0.5977275206855321
20260725,2026072501010112,True,False,True,3,1,0.7180625037004172,0.8840712713022684
20260725,2026072504020101,False,True,True,1,1,1.0,0.9718873356074652
20260725,2026072504020102,False,False,True,4,4,0.37605113580296706,0.37605113580296706
20260725,2026072504020103,False,False,True,4,4,0.7068174379434033,0.7068174379434033
20260725,2026072504020104,False,False,True,12,12,0.6505921091583339,0.6505921091583339
20260725,2026072504020105,False,False,True,3,3,0.3231978382376653,0.3231978382376653
20260725,2026072504020106,False,False,True,3,3,0.3203934312120259,0.3203934312120259
20260725,2026072504020107,False,False,True,4,4,0.21898757018781398,0.21898757018781398
20260725,2026072504020108,True,False,True,11,12,0.2654869415010311,0.26360047823282823
20260725,2026072504020110,True,False,True,3,4,0.6686759863552082,0.6479248904049768
20260725,2026072504020111,False,False,True,4,4,0.5485970384674304,0.5485970384674304
20260725,2026072504020112,False,False,True,6,6,0.17831359636138885,0.17831359636138885
20260725,2026072507020101,False,False,True,4,4,0.7188733560746529,0.7188733560746529
20260725,2026072507020102,False,False,True,8,8,0.5582219261542912,0.5582219261542912
20260725,2026072507020103,False,False,True,2,2,0.8473807599060769,0.8473807599060769
20260725,2026072507020104,False,False,True,1,1,0.935742481388492,0.935742481388492
20260725,2026072507020105,True,False,True,7,1,0.5558122692063597,0.7692521132658826
20260725,2026072507020106,False,False,True,5,5,0.3183399123239814,0.3183399123239814
20260725,2026072507020107,False,False,True,1,1,0.8935773014954859,0.8935773014954859
20260725,2026072507020108,False,False,True,2,2,0.46563533782650773,0.46563533782650773
20260725,2026072507020109,False,False,True,7,7,0.5501897363278527,0.5501897363278527
20260725,2026072507020110,True,False,True,1,7,0.6681799180533298,0.49999398505423165
20260725,2026072507020111,False,False,True,2,2,0.7355169159948409,0.7355169159948409
20260725,2026072507020112,False,False,True,8,8,0.4825029364620286,0.5582219261542912
20260815,2026081501010701,False,False,True,1,1,0.5871549489687741,0.5871549489687741
20260815,2026081501010702,False,False,True,1,1,0.9498026302805552,0.9498026302805552
20260815,2026081501010703,False,False,True,4,4,0.35876605665319117,0.35876605665319117
20260815,2026081501010704,False,False,True,5,5,0.5432412274642591,0.5432412274642591
20260815,2026081501010705,False,True,True,8,8,0.538141451588195,0.54751233971904
20260815,2026081501010706,False,False,True,2,2,0.5,0.5
20260815,2026081501010707,False,False,True,10,10,0.14833855422343592,0.14833855422343592
20260815,2026081501010708,False,False,True,3,3,0.5421885854715961,0.5421885854715961
20260815,2026081501010709,False,False,True,3,3,0.5101303130676283,0.5101303130676283
20260815,2026081501010710,False,False,True,14,14,0.5113674855000668,0.5113674855000668
20260815,2026081501010711,False,False,True,7,7,0.19810244597037227,0.19810244597037227
20260815,2026081501010712,False,False,True,1,1,0.9852768631153933,0.9852768631153933
20260815,2026081504020701,False,False,True,1,1,0.8441800974020482,0.8485970384674304
20260815,2026081504020702,False,False,True,6,6,0.3534087189717016,0.3534087189717016
20260815,2026081504020703,False,False,True,10,10,0.23011842183166678,0.22275685338936346
20260815,2026081504020704,False,False,True,1,1,0.8029873105369243,0.8029873105369243
20260815,2026081504020705,False,False,True,2,2,0.7817845429901624,0.7817845429901624
20260815,2026081504020706,False,False,True,5,5,0.47653606369886214,0.47653606369886214
20260815,2026081504020707,True,True,True,4,3,0.3412412788500527,0.6686759863552082
20260815,2026081504020708,False,False,True,2,2,0.4220900487010241,0.4220900487010241
20260815,2026081504020710,False,False,True,2,2,0.43320175352037016,0.43320175352037016
20260815,2026081504020711,False,False,True,9,9,0.17637159325764717,0.17637159325764717
20260815,2026081504020712,False,False,True,4,4,0.7188733560746529,0.7188733560746529
20260815,2026081507020701,False,False,True,7,7,0.15071581593208735,0.15071581593208735
20260815,2026081507020702,False,False,True,1,1,0.872292761794583,0.872292761794583
20260815,2026081507020703,False,False,True,4,4,0.3981649432844245,0.3981649432844245
20260815,2026081507020704,False,False,True,1,1,0.8403659522432289,0.8403659522432289
20260815,2026081507020705,False,False,True,1,1,0.8840712713022684,0.872292761794583
20260815,2026081507020706,False,False,True,2,2,0.8112359056871036,0.8112359056871036
20260815,2026081507020707,False,False,True,6,6,0.5562253287850694,0.5562253287850694
20260815,2026081507020708,False,False,True,2,2,0.8166008767601851,0.8166008767601851
20260815,2026081507020709,False,False,True,7,7,0.23092164081431063,0.23092164081431063
20260815,2026081507020710,False,True,True,12,12,0.1963832245606251,0.21887335607465286
20260815,2026081507020711,False,False,True,3,3,0.3118478616635763,0.3118478616635763
20260815,2026081507020712,False,False,True,2,2,0.8754934242986115,0.8754934242986115
