年月日,馬名,5F,4F,3F,Lap3,Lap2,Lap1
20260703,シュタットパーク,89.3,70.7,52.1,17.1,17.4,17.6
20260703,モヴレクス,106.8,84.9,63.0,21.3,20.7,21.0
20260703,サトミノエンジェル,79.9,62.3,45.5,16.3,15.1,14.1
20260703,ペプチドドリーム,,72.4,52.9,18.3,17.5,17.1
20260703,ベアアッコチャン,103.1,81.1,59.4,20.2,19.8,19.4
20260703,ネオロマーネ,,71.7,52.0,18.1,17.7,16.2
20260703,シリアスドラマ,,70.1,50.7,18.0,17.5,15.2
20260703,エレスレイプニル,103.3,82.1,59.9,19.9,20.1,19.9
20260703,ダノンゴーイチ,,68.2,48.4,17.0,15.9,15.5
20260703,フォルマシオン,,58.1,39.2,14.9,12.5,11.8
20260703,エンジェルサン,,67.9,49.0,17.0,16.3,15.7
20260703,シュタットパーク,77.1,61.2,45.9,15.3,15.5,15.1
20260703,フォンターナドーロ,,59.5,39.8,15.3,12.8,11.7
20260703,モヴレクス,92.0,72.3,53.1,18.8,17.0,17.3
20260703,ブレイクフォース,,68.1,49.1,17.2,16.5,15.4
20260703,エターナルシルバー,,68.0,49.3,17.0,16.5,15.8
20260703,ウインテラジーナ,,63.2,44.8,16.0,14.6,14.2
20260703,ハルオーブ,68.6,52.2,37.4,13.7,12.1,11.6
20260703,アドミラルシップ,,67.8,49.6,17.1,16.3,16.2
20260703,バードウォッチャー,,64.7,47.7,16.5,16.0,15.2
20260703,ハルノアラシ,,68.6,50.0,17.2,16.6,16.2
20260703,オスロクィーン,65.4,51.1,37.6,13.4,12.4,11.8
20260703,モミスケ,,69.9,51.0,17.3,17.4,16.3
20260703,クリアクォーツ,90.8,70.4,51.0,18.3,16.5,16.2
20260703,サイモングリーマン,94.1,73.3,53.9,19.0,18.2,16.7
20260703,ケンブリッジ,,69.7,50.6,17.1,17.0,16.5
20260703,セイウンリリーナ,,68.5,50.2,17.5,16.4,16.3
20260703,ライングラウス,,69.8,50.6,17.4,17.0,16.2
20260703,ハビレ,90.4,69.1,50.3,17.4,16.8,16.1
20260703,ホウオウブースター,,68.4,50.2,17.0,16.8,16.4
20260703,フランシスガリバー,,69.0,50.2,17.9,16.3,16.0
20260703,ステラルミノーザ,,72.4,51.5,17.8,17.2,16.5
20260703,ジャガーライズ,,71.6,51.6,17.8,17.1,16.7
20260703,ロードスカイブルー,,71.9,51.7,19.0,17.0,15.7
20260703,ミッシオーネ,66.0,50.7,36.1,12.0,11.9,12.2
20260703,ダイユウサルターレ,,78.7,56.8,19.1,17.9,19.8
20260703,ブラーヴジャン,,73.4,53.3,19.1,17.5,16.7
20260703,ヤマニンジェンナ,,77.7,55.7,19.4,18.6,17.7
20260703,ランドフォートレス,,72.2,51.8,17.8,17.7,16.3
20260703,カリーン,,71.8,52.1,18.5,17.5,16.1
20260703,ツキノマバタキ,,55.7,39.7,14.4,12.8,12.5
20260703,アイアムジャイアン,91.3,72.0,52.9,18.7,17.7,16.5
20260703,バトルボーン,120.2,94.0,69.1,23.8,22.5,22.8
20260703,ブランフォルテ,92.1,72.9,54.5,18.6,18.4,17.5
20260703,シークレットシティ,70.0,54.5,40.0,14.5,13.1,12.4
20260703,スウィフトミモザ,95.8,74.7,54.9,19.0,18.3,17.6
20260703,ミュークチェルシー,81.9,63.8,46.1,17.1,15.0,14.0
20260703,フライングビーナス,80.2,62.4,45.9,16.0,15.3,14.6
20260703,ケイベエ,95.9,76.1,56.6,19.5,18.9,18.2
20260703,ハイビスカス,95.9,75.9,56.5,19.6,18.8,18.1
20260703,ハッピースーニャ,,77.8,54.9,20.1,18.0,16.8
20260703,アシャカルッカ,,71.4,50.7,18.0,16.4,16.3
20260703,キョウエイボニータ,,69.4,51.0,17.6,16.6,16.8
20260703,アピーリングルック,95.1,73.3,53.1,18.6,17.6,16.9
20260703,ワタシマツワ,68.2,53.3,38.9,14.2,12.7,12.0
20260703,ペカリーナ,71.7,55.2,40.0,14.3,13.4,12.3
20260703,ファータカリーナ,95.0,74.1,54.1,19.2,18.0,16.9
20260703,イサチルシーキング,94.5,74.2,54.3,19.1,18.2,17.0
20260703,サンタピア,66.9,52.0,37.2,13.5,12.0,11.7
20260703,ダイヒョウカーク,66.6,51.7,36.9,13.3,11.9,11.7
20260703,アルティシモ,70.8,54.4,39.5,13.7,13.2,12.6
20260703,ウンスイ,70.8,54.9,39.9,14.3,13.2,12.4
20260703,エイシンイクサボシ,,105.1,76.9,27.6,26.4,22.9
20260703,ラヴアンドライク,97.3,76.3,55.9,19.7,18.2,18.0
20260703,ディメンシア,84.9,66.4,48.3,17.1,16.1,15.1
20260703,アグアフレスカ,84.2,65.7,47.4,17.5,15.7,14.2
20260703,ステラガーネット,,63.0,46.2,15.4,15.4,15.4
20260703,ヴォンフレ,67.9,52.4,37.7,13.5,12.3,11.9
20260703,ヤマニンルーバス,71.2,55.5,40.8,14.2,13.6,13.0
20260703,シェンロン,,86.9,63.7,21.7,21.8,20.2
20260703,ｱﾒﾘの24,,86.9,63.7,21.7,21.7,20.3
20260703,トレンドマーチ,,67.5,49.8,17.4,16.3,16.1
20260703,ラスカンブレス,68.7,52.4,37.2,13.6,12.2,11.4
20260703,フランベリー,98.5,77.3,56.9,19.5,18.8,18.6
20260703,アミノショコラ,98.9,77.7,57.1,19.7,18.9,18.5
20260703,ニンジャトットリ,,90.1,65.7,23.4,21.6,20.7
20260703,ニシノギャルズ,,68.3,50.8,18.0,16.8,16.0
20260703,ハイテイラオユエ,,71.8,51.9,17.1,17.5,17.3
20260703,クレオズニードル,,64.3,46.8,16.5,15.1,15.2
20260703,リーズメイリー,86.1,67.7,49.6,17.8,15.9,15.9
20260703,リコルディオーロ,85.3,67.0,49.1,17.2,16.3,15.6
20260703,ジオパークカツキ,85.3,67.0,49.1,17.3,16.3,15.5
20260703,アオイゲート,87.0,67.9,50.0,17.8,16.6,15.6
20260703,デルマジュテーム,92.4,73.2,53.9,18.7,17.6,17.6
20260703,サファイアプレミア,,74.7,52.1,19.2,17.2,15.7
20260703,カウェーカネム,,74.4,52.0,19.1,17.1,15.8
20260703,アイスブレイカー,84.8,65.6,47.6,17.1,16.0,14.5
20260703,キョウキランブ,,58.4,42.6,15.0,13.8,13.8
20260703,ノクターナルハント,,66.2,48.3,16.8,16.5,15.0
20260703,ニシノアナベル,,64.5,47.3,16.1,16.1,15.1
20260703,アーティキュレート,,65.2,47.8,16.5,15.9,15.4
20260703,レイヤードホワイト,,67.1,49.0,16.5,16.2,16.3
20260703,シェーンリヒト,,69.5,51.8,17.0,17.4,17.4
20260703,ジョーティス,,67.2,49.0,16.5,16.1,16.4
20260703,スクリプトール,,65.0,47.0,16.3,15.6,15.1
20260703,ダノンロッキー,,67.6,48.9,17.0,16.5,15.4
20260703,モスクロッサー,,64.7,45.8,17.0,14.4,14.4
20260703,ファビュラススター,80.0,63.5,46.9,16.2,15.4,15.3
20260703,レオライジング,101.7,80.9,60.3,20.5,19.9,19.9
20260703,ラパンチュール,,69.4,50.5,17.3,16.6,16.6
20260703,ゴットタレント,82.5,64.5,47.0,16.4,15.6,15.0
20260703,ロジャリーマイン,121.7,95.9,70.1,24.5,23.0,22.6
20260703,ワザモノ,,80.3,57.8,20.9,18.7,18.2
20260703,トップデュオ,,80.7,57.9,21.0,19.3,17.6
20260703,ミスデルマー,70.0,54.3,39.6,14.7,13.4,11.5
20260703,ラルルジェンヌ,68.0,52.5,38.3,13.4,13.1,11.8
20260703,スズカミエール,68.9,53.8,39.2,13.9,12.7,12.6
20260703,ビケイムフリー,69.2,54.3,39.6,14.1,12.8,12.7
20260703,グッジョブ,,82.0,59.7,21.8,19.0,18.9
20260703,エコロヴァルド,,80.7,59.2,21.5,19.0,18.7
20260703,サンデーファンデー,,137.4,101.9,36.3,35.1,30.5
20260703,キャプテンシー,,72.5,52.5,19.0,17.3,16.2
20260703,ウォーブレイク,,68.0,50.1,17.6,16.6,15.9
20260703,ゼットリアン,,67.1,47.6,17.3,15.6,14.7
20260703,サンライズジュピタ,,80.0,57.5,21.6,18.2,17.7
20260703,ジューンオアシス,69.9,53.7,38.3,14.9,12.0,11.4
20260703,フェンダー,,167.2,122.7,41.2,40.4,41.1
20260703,レジェルテ,,167.6,122.3,40.5,41.1,40.7
20260703,マリアンデール,69.2,53.2,37.8,14.4,12.1,11.3
20260703,レイクイーン,69.3,53.2,37.9,14.4,12.1,11.4
20260703,フリーガー,68.9,53.3,37.7,14.7,11.6,11.4
20260703,アメリカンサクラ,70.3,54.6,38.6,15.0,12.1,11.5
20260703,アスクレコードモア,69.5,53.9,37.9,14.7,11.8,11.4
20260703,ワンダーシャッフル,83.5,61.3,42.6,16.6,13.5,12.5
20260703,ウォーターコトノハ,,67.1,49.1,17.2,16.0,15.9
20260703,ムーヴザニードル,,70.2,51.0,17.8,16.6,16.6
20260703,ハレアカラフラ,,69.1,50.3,18.1,16.9,15.3
20260703,ナムラエイハブ,95.7,77.6,56.8,19.3,19.3,18.2
20260703,ラインメテオラ,83.9,67.4,49.8,17.4,16.3,16.1
20260703,タマモフリージア,71.4,55.5,39.2,15.0,12.6,11.6
20260703,タイセイフリーデン,72.0,55.9,39.8,15.4,12.7,11.7
20260703,ダーコ,84.0,67.5,49.8,17.3,16.4,16.1
20260703,ディープシャロー,,98.4,71.1,26.7,23.1,21.3
20260703,メイショウオーロラ,65.9,51.3,37.3,13.1,11.7,12.5
20260703,メイショウズイウン,65.1,50.7,36.7,13.2,11.7,11.8
20260703,メイショウジンソウ,66.9,52.3,38.1,13.3,11.8,13.0
20260703,ヴェストラン,,85.9,62.5,22.0,20.6,19.9
20260703,ウインポセイドン,,71.1,51.5,18.3,16.6,16.6
20260703,ダイシンレアレア,98.6,78.5,57.5,21.3,18.4,17.8
20260703,ルーセントムーン,99.3,78.9,57.9,21.1,18.7,18.1
20260703,タイセイゼスティ,,70.3,50.9,18.1,16.7,16.1
20260703,カルロット,,52.9,37.6,14.1,11.9,11.6
20260703,スーパーフラット,,55.6,39.3,14.7,12.4,12.2
20260703,スワッグウォーク,,55.5,39.1,14.7,12.2,12.2
20260703,サトノロザリー,,78.3,55.5,21.1,17.8,16.6
20260703,マーヴィン,,67.5,49.0,17.4,15.6,16.0
20260703,ジャストワナフライ,,70.3,51.6,18.1,17.2,16.3
20260703,フォルトゥナロッサ,,67.5,48.4,17.6,15.3,15.5
20260703,スターバーナー,,70.9,51.7,18.6,16.4,16.7
20260703,ブレイクガール,,72.6,52.4,19.6,16.7,16.1
20260703,オーリエイト,,89.2,65.5,23.5,21.9,20.1
20260703,ランフォーヴァウ,,67.9,48.9,17.6,15.9,15.4
20260703,メイショウナルカミ,92.1,74.1,55.2,19.4,18.4,17.4
20260703,オールセインツ,,69.5,49.8,18.6,15.9,15.3
20260703,アスクブームキセキ,63.6,51.3,39.0,12.5,12.9,13.6
20260703,ビートル,,66.1,48.6,16.5,16.4,15.7
20260703,ドロップオブライト,135.6,106.1,77.7,28.1,25.5,24.1
20260703,フレミングフープ,,61.3,45.3,15.5,14.6,15.2
20260703,フォーチュンライド,,103.4,63.7,22.7,20.2,20.8
20260703,ゴールデンボブ,94.2,74.0,54.4,18.8,17.6,18.0
20260703,ジーティーマンフク,93.7,74.4,54.3,18.6,17.5,18.2
20260703,ロージーキャンドル,,74.1,54.1,19.0,18.2,16.9
20260703,オーリエイト,,74.4,53.8,19.7,17.3,16.8
20260703,イグニション,,68.1,50.3,17.4,16.5,16.4
20260703,マイネルメモリー,,70.0,50.4,18.3,16.5,15.6
20260703,フロムザムーン,,68.3,50.6,17.2,16.8,16.6
20260703,ウェルカムソング,97.4,77.7,56.9,20.5,18.0,18.4
20260703,ジャスパーグレイト,175.1,139.2,104.8,34.8,35.1,34.9
20260703,ルブリアン,86.7,69.1,50.3,18.5,16.1,15.7
20260703,ジャスティンガルフ,,75.4,54.4,19.1,17.7,17.6
20260703,ゼンノインヴォーク,,91.5,67.7,23.1,22.2,22.4
20260703,ブルボンクイーン,,70.3,50.0,17.0,16.6,16.4
20260703,レッドヴァリアート,82.3,65.8,48.9,17.3,15.8,15.8
20260703,ゼンノインヴォーク,101.5,81.5,61.3,20.1,19.8,21.4
20260703,ブルボンクイーン,81.0,64.7,48.2,16.4,16.1,15.7
20260703,リチャードバローズ,,286.4,197.7,72.6,67.8,57.3
20260703,トッレブランカ,,70.0,50.8,19.0,16.1,15.7
20260703,オーバーシュタイン,,70.0,50.5,18.7,16.4,15.4
20260703,ケンフィールド,82.8,66.0,48.1,17.3,15.5,15.3
20260703,マコトエウロペ,68.2,52.5,37.1,14.2,11.4,11.5
20260703,アシャカブラーヴ,85.8,67.5,49.8,18.3,16.4,15.1
20260703,ユーヴェリア,,69.6,51.5,17.8,16.7,17.0
20260703,カペルブリュッケ,70.5,54.9,39.3,15.6,12.3,11.4
20260703,トレジャーストーン,,91.1,63.4,22.5,21.2,19.7
20260703,ロードディグニティ,,89.7,61.1,22.4,19.9,18.8
20260703,メイショウキルギス,88.3,71.2,52.4,18.5,17.1,16.8
20260703,ウィモウェ,,66.4,48.3,17.1,15.7,15.5
20260703,ウインリュクス,,77.5,57.1,20.2,18.8,18.1
20260703,ウインリュクス,65.9,51.6,36.9,13.8,11.7,11.4
20260703,インザモーメント,81.5,65.0,47.8,16.7,15.5,15.6
20260703,ブルックリンダンス,81.5,64.9,48.1,17.2,15.2,15.7
20260703,ミッキーマーメイド,66.7,51.6,37.1,13.9,11.7,11.5
20260703,ロングトールサリー,68.7,53.8,38.0,14.1,11.8,12.1
20260703,マニバドラ,132.9,105.1,81.0,27.5,26.7,26.8
20260703,ウェイヨー,95.0,74.3,54.8,18.6,18.0,18.2
20260703,ヴァンヴィーヴ,,72.8,52.9,18.8,17.1,17.0
20260703,ベルギューン,,68.0,49.2,17.8,15.6,15.8
20260703,エアフォースワン,,70.7,53.0,17.5,17.4,18.1
20260703,シャンデルナゴル,,69.4,49.7,18.6,16.0,15.1
20260703,エアフォースワン,89.8,71.9,53.1,18.2,17.6,17.3
20260703,ラヴエナストロ,,63.1,46.3,15.8,15.0,15.5
20260703,フェルヴェンテ,,71.8,53.0,18.6,17.2,17.2
20260703,トータルクラリティ,,68.5,49.8,18.2,16.2,15.4
20260703,ウインガラハッド,,70.7,51.8,18.4,16.4,17.0
20260703,オーケーエンジェル,,74.7,54.7,20.1,17.5,17.1
20260703,メイショウドキョウ,,74.9,55.0,20.5,17.4,17.1
20260703,メイショウテンジン,83.9,65.2,47.5,17.1,15.1,15.3
20260703,スイートリディア,83.8,65.9,48.0,17.2,15.4,15.4
20260703,レジェンディーヴァ,83.8,65.9,47.9,17.2,15.4,15.3
20260703,ルクスディグニティ,,75.9,54.8,20.5,17.8,16.5
20260703,ハッピーダンチャン,71.1,54.7,38.9,14.8,12.4,11.7
20260703,セクシーマージュ,68.2,51.1,35.9,13.3,11.3,11.3
20260703,コンセントリコ,88.7,70.2,51.2,17.4,17.4,16.4
20260703,マイシドニー,105.4,82.6,59.8,22.0,19.4,18.4
20260703,ビルトラス,105.2,82.3,59.4,21.7,19.5,18.2
20260703,ゴーイントゥノヴァ,104.8,81.9,58.9,21.5,19.4,18.0
20260703,キープライジング,,78.8,56.8,22.3,18.0,16.5
20260703,フィエールシャンテ,67.5,52.9,37.9,13.8,11.8,12.3
20260703,ララララブソング,66.8,52.8,37.9,13.7,11.8,12.4
20260703,ウインラウダ,96.0,76.6,55.9,21.0,17.7,17.2
20260703,ダノンワンダー,132.8,101.7,74.2,26.5,24.6,23.1
20260703,レッドタイラント,132.3,101.5,74.0,26.3,24.8,22.9
20260703,タイセイグローバル,,69.6,51.0,17.7,16.5,16.8
20260703,ジュンヴァンケット,,64.8,46.9,16.5,15.2,15.2
20260702,コスモアンソロジー,67.9,52.8,38.4,13.6,12.8,12.0
20260702,コトブキヘスペラス,69.9,53.8,38.3,14.0,12.3,12.0
20260702,アロンズロッド,,51.6,36.8,13.2,12.4,11.2
20260702,ルアグロール,66.8,51.7,38.4,13.0,13.0,12.4
20260702,マイネルラビリンス,69.1,53.1,37.9,13.7,12.2,12.0
20260702,チェルシー,65.6,50.6,36.0,12.9,11.6,11.5
20260702,アスクナイスショー,65.9,50.8,36.2,12.9,11.7,11.6
20260702,ショウナンタハティ,67.7,53.1,38.9,14.0,12.7,12.2
20260702,ショウナンラリー,67.0,52.2,37.7,13.6,12.4,11.7
20260702,トワイライトサイト,66.8,51.9,37.7,13.5,12.4,11.8
20260702,ヴァンデスペランス,66.2,51.0,36.4,13.1,11.8,11.5
20260702,コズミックボックス,67.6,52.9,38.9,14.0,12.7,12.2
20260702,ダイメイビッグボス,71.2,54.1,38.8,14.4,12.6,11.8
20260702,カリスマン,70.6,52.8,38.1,13.9,12.4,11.8
20260702,ダノンタッチダウン,67.4,52.3,38.4,13.0,12.8,12.6
20260702,ブライトエアリー,68.4,52.7,37.9,13.3,12.3,12.3
20260702,パーシヴァル,70.7,55.2,40.2,14.3,13.0,12.9
20260702,ヘイジュード,67.7,52.4,38.4,13.1,12.8,12.5
20260702,サクセスボーイ,67.9,52.8,38.1,13.2,12.5,12.4
20260702,オーケーマドンナ,68.1,52.2,37.5,13.2,12.3,12.0
20260702,ドゥレイクパセージ,67.5,51.8,37.2,13.2,12.2,11.8
20260702,ヴォンサクレ,70.9,55.5,40.9,14.0,13.6,13.3
20260702,チャンピオンホープ,69.6,54.4,39.8,13.6,13.2,13.0
20260702,ケファロニア,67.9,52.3,37.7,13.2,12.5,12.0
20260702,グルーヴェンス,67.1,52.0,37.5,13.0,12.5,12.0
20260702,サトノフルーク,67.1,51.6,37.1,13.2,12.1,11.8
20260702,ディエスルージュ,66.8,52.0,37.3,13.1,12.2,12.0
20260702,トウシンマジック,68.0,53.0,38.1,13.4,12.8,11.9
20260702,ハーツコンチェルト,64.9,50.6,37.2,13.1,12.3,11.8
20260702,ジャストビコーズ,65.9,51.5,37.7,13.3,12.4,12.0
20260702,ライヴレッドアイ,67.9,53.0,38.1,14.0,12.2,11.9
20260702,ソラニワラエバ,65.3,51.0,37.5,13.2,12.4,11.9
20260702,ギリーカラム,69.2,53.5,39.1,14.1,13.0,12.0
20260702,シーズアウルフ,67.8,52.7,38.7,14.1,12.7,11.9
20260702,クムシラコ,67.2,51.6,37.0,13.4,12.3,11.3
20260702,タイキラフター,67.8,53.3,38.9,14.1,13.0,11.8
20260702,ヒサエノオモカゲ,68.9,53.1,38.5,14.1,12.8,11.6
20260702,エリーニック,68.1,52.4,37.9,14.0,12.5,11.4
20260702,サンクレゾン,67.8,53.1,38.5,13.7,12.8,12.0
20260702,アイスブレイカー,87.7,67.8,49.2,17.4,16.4,15.4
20260702,リーゼントジェイド,69.3,53.9,39.8,13.9,12.6,13.3
20260702,ニヴルヘイム,67.4,51.8,37.9,13.6,12.4,11.9
20260702,サルワールカミーズ,66.9,51.3,37.4,13.5,12.3,11.6
20260702,アトラクティーボ,70.6,54.6,39.0,14.3,12.8,11.9
20260702,レッドアヴァンティ,66.1,50.8,36.7,13.3,11.8,11.6
20260702,ホウオウプレミア,69.2,54.0,39.2,14.4,12.8,12.0
20260702,コスモフラムオット,70.7,54.9,39.6,14.5,13.4,11.7
20260702,ショウナンマグマ,66.6,50.7,37.4,13.2,12.3,11.9
20260702,ビレッジルイーザ,69.5,54.0,38.4,14.2,12.5,11.7
20260702,タイセイアドーレ,69.8,54.3,38.6,14.4,12.4,11.8
20260702,ブレイクザアイス,68.6,53.2,38.4,14.0,12.4,12.0
20260702,ダノンクラウディア,68.0,52.7,37.9,13.9,12.4,11.6
20260702,アッシズオブローズ,,74.4,54.9,18.9,18.3,17.7
20260702,ガビーズシスター,68.1,52.3,37.3,13.8,12.2,11.3
20260702,ウインマイルート,67.0,52.2,38.2,13.6,12.4,12.2
20260702,ティンバーライン,68.2,53.2,38.9,13.6,12.9,12.4
20260702,ホウライブラック,67.8,52.8,38.6,13.6,12.8,12.2
20260702,ゴットタレント,90.6,71.4,52.8,18.2,17.7,16.9
20260702,ポッドロルフ,,79.8,58.9,20.7,19.9,18.3
20260702,ヴィーデ,68.3,52.8,37.8,13.8,12.3,11.7
20260702,マーキュリーダイム,68.7,54.2,39.9,13.8,13.2,12.9
20260702,バトルモクオ,68.6,52.9,37.8,13.9,12.3,11.6
20260702,ダカラフェスティヴ,69.0,53.4,38.8,13.6,12.8,12.4
20260702,ダンケルド,66.2,52.5,38.4,13.8,12.6,12.0
20260702,ベルヴィヴァン,73.4,57.3,41.4,15.2,13.9,12.3
20260702,オブラプリーマ,67.0,51.8,36.8,13.4,11.9,11.5
20260702,ロマンス,66.4,51.4,36.6,13.3,11.7,11.6
20260702,アイアムキレマスネ,68.0,52.6,38.2,13.4,12.5,12.3
20260702,ムーチョピカンテ,68.4,52.9,38.4,13.5,12.6,12.3
20260702,ソヴリンゲート,74.1,57.9,42.3,15.0,14.2,13.1
20260702,フォクセン,74.0,57.4,42.3,14.9,14.2,13.2
20260702,プリティディーヴァ,70.7,54.7,39.8,14.2,13.1,12.5
20260702,ヤマニンガラッシア,69.8,54.4,40.0,14.3,13.3,12.4
20260702,トーアモルペウス,69.0,53.9,39.5,14.1,13.0,12.4
20260702,ヤマニンリンキング,69.1,54.0,39.5,14.1,13.0,12.4
20260702,ヴァルドルチャ,66.8,51.0,36.9,13.2,12.1,11.6
20260702,アイアムジャイアン,93.2,73.7,54.3,18.8,18.0,17.5
20260702,シークレットシティ,,78.5,55.8,19.3,19.2,17.3
20260702,ラスカンブレス,164.3,128.4,93.7,31.7,31.5,30.5
20260702,ジェイエルグリーン,70.0,54.8,40.1,14.2,13.3,12.6
20260702,ルクスアドラー,70.3,53.4,38.3,13.6,12.6,12.1
20260702,シークレットイスラ,72.1,56.5,41.4,14.4,14.0,13.0
20260702,モルトマエストーソ,68.8,53.2,38.0,14.4,12.3,11.3
20260702,ドゥーニ,68.0,53.2,38.7,14.2,12.5,12.0
20260702,アンバーバレット,68.9,53.7,39.1,14.5,12.7,11.9
20260702,ジュネストレイル,69.3,53.6,38.3,14.4,12.6,11.3
20260702,エクスマキナ,69.0,53.3,38.1,14.4,12.4,11.3
20260702,プレママドンナ,71.6,56.0,41.1,14.8,13.5,12.8
20260702,ロックオブソシジ,67.4,53.2,38.2,13.5,12.9,11.8
20260702,サベージラヴ,68.7,53.1,38.7,13.7,12.9,12.1
20260702,ペプロス,63.1,48.0,35.1,11.8,11.5,11.8
20260702,クリールスル,64.6,49.5,36.4,12.3,12.1,12.0
20260702,マイネルシンベリン,66.9,52.4,37.2,13.6,12.1,11.5
20260702,マイネルリーヒム,67.3,52.6,37.5,13.6,12.3,11.6
20260702,トゥントゥントゥン,69.2,54.0,39.5,13.5,13.4,12.6
20260702,スリーフラワー,68.7,53.0,38.7,13.6,13.0,12.1
20260702,ジェントルアイズ,67.2,51.4,37.4,13.7,12.3,11.4
20260702,クールボビー,68.4,52.5,38.1,14.1,12.5,11.5
20260702,マスカレードボール,67.2,51.8,37.1,13.3,12.0,11.8
20260702,イモータリス,67.4,51.9,37.2,13.3,12.0,11.9
20260702,クリスマスパレード,68.3,52.9,38.1,14.0,12.5,11.6
20260702,ラヴァグロウ,68.0,52.7,38.1,13.7,12.6,11.8
20260702,シークレットヴァウ,67.9,52.3,37.4,13.6,12.4,11.4
20260702,マーゴットリック,64.9,51.1,37.1,12.5,12.3,12.3
20260702,リアルセンター,66.0,51.1,37.0,13.5,12.1,11.4
20260702,フォルテム,65.6,50.7,36.7,13.4,11.9,11.4
20260702,ジーククローネ,67.2,52.3,37.9,13.6,12.5,11.8
20260702,ダノンセンチュリー,69.5,53.4,38.0,14.0,12.4,11.6
20260702,レッドエモーション,70.0,54.1,38.8,14.0,13.1,11.7
20260702,ハイティー,69.9,55.2,40.6,14.3,13.5,12.8
20260702,マクシーン,67.5,52.1,37.7,13.0,12.4,12.3
20260702,サトノクラシカル,71.2,53.9,38.6,13.9,12.6,12.1
20260702,エクスペクタント,74.6,55.3,39.4,14.0,13.0,12.4
20260702,コントラポスト,69.4,53.7,38.3,14.2,12.6,11.5
20260702,ジーティーブラック,69.1,53.5,38.3,14.3,12.6,11.4
20260702,アズールドーン,69.5,53.9,38.6,14.2,12.8,11.6
20260702,タイセイモノリス,69.4,54.0,39.5,13.8,13.1,12.6
20260702,リスレジャンデール,69.2,53.6,38.9,14.1,12.8,12.0
20260702,ホウオウショコラ,64.5,50.3,36.7,12.9,12.2,11.6
20260702,キングズトゥルー,63.9,49.9,36.5,13.0,12.0,11.5
20260702,ボニープリンス,63.7,49.7,36.3,12.9,11.9,11.5
20260702,サマースプラッシュ,77.1,59.7,42.8,15.8,13.8,13.2
20260702,ストラニエーロ,67.7,52.1,37.8,13.5,12.4,11.9
20260702,ルールオーヴァー,68.0,52.3,37.8,13.3,12.4,12.1
20260702,ゲンテン,68.4,52.5,38.1,13.7,12.4,12.0
20260702,ヨドノサファイア,70.9,55.1,40.2,14.6,13.3,12.3
20260702,ピコチャンブラック,65.0,50.6,36.3,12.8,12.1,11.4
20260702,ドナルンバ,67.8,52.4,37.9,13.4,12.6,11.9
20260702,ルージュリリック,67.1,51.7,36.9,13.1,12.3,11.5
20260702,グロスビーク,68.7,54.1,40.3,14.1,13.5,12.7
20260702,レイナエヴィータ,69.1,53.8,39.0,14.1,13.1,11.8
20260702,シアルナーレ,68.4,53.1,38.5,14.0,12.9,11.6
20260702,ホウオウシュウ,68.8,53.5,38.8,14.0,13.1,11.7
20260702,ペアレンツハート,80.4,63.9,47.6,15.7,16.1,15.8
20260702,シュガーハイ,67.5,52.8,38.9,13.3,13.3,12.3
20260702,キョウエイボニータ,,70.4,50.5,18.0,16.3,16.2
20260702,ルールーリマ,67.7,52.7,38.5,13.6,12.8,12.1
20260702,スターマイン,68.7,53.8,39.5,13.7,13.0,12.8
20260702,クロノスフィア,77.8,61.0,44.6,15.3,15.0,14.3
20260702,ボルトライン,77.8,61.0,44.5,15.3,14.9,14.3
20260702,レクスノヴァス,70.5,55.3,39.4,15.1,12.6,11.7
20260702,リザレクティア,73.7,56.5,40.2,15.6,12.7,11.9
20260702,アルディメント,70.4,55.5,39.6,14.9,12.5,12.2
20260702,チェファルー,69.4,54.6,38.9,14.9,12.3,11.7
20260702,ミッキージャンプ,71.2,55.3,39.8,15.1,12.6,12.1
20260702,アラムシャピラス,71.4,55.5,40.1,15.3,12.9,11.9
20260702,ティエルニート,73.2,56.0,40.1,15.4,12.8,11.9
20260702,イザショウブ,70.7,55.8,40.3,14.6,13.1,12.6
20260702,タイムレスフレアー,69.0,54.2,39.6,14.1,12.8,12.7
20260702,ラブインアクション,68.3,54.0,39.3,14.1,12.6,12.6
20260702,レアアース,70.7,55.8,40.4,14.7,13.1,12.6
20260702,ワカワカ,71.6,56.8,41.4,15.3,13.2,12.9
20260702,ラインエレガント,71.6,56.9,41.4,15.2,13.3,12.9
20260702,フライングブレード,,82.5,61.4,21.3,20.2,19.9
20260702,アスクエピソード,70.0,54.7,38.7,14.5,12.0,12.2
20260702,ダノンアンチュラス,71.3,55.6,39.7,15.0,12.4,12.3
20260702,キタノプレミアム,70.7,55.2,39.1,14.7,12.1,12.3
20260702,ヴィエントデコラ,67.5,52.8,38.8,13.5,12.1,13.2
20260702,ツーハーツ,67.2,52.5,38.4,13.5,12.1,12.8
20260702,ウエストナウ,73.8,58.7,43.3,15.2,13.5,14.6
20260702,カフジミモレット,,81.2,59.9,20.4,20.5,19.0
20260702,ラピス,,84.2,61.3,21.2,20.4,19.7
20260702,ペコリズム,,83.5,61.8,20.9,21.4,19.5
20260702,ダノンテムズ,76.5,59.6,42.7,15.6,14.6,12.5
20260702,ベイニーニャ,80.8,63.8,47.1,16.8,15.0,15.3
20260702,フェイトライン,75.5,59.3,41.7,16.5,13.1,12.1
20260702,ラヴエナストロ,,70.4,51.0,18.4,16.7,15.9
20260702,ヒーローインチーフ,,70.3,50.7,18.5,16.5,15.7
20260702,ウインロズパレード,,66.2,47.4,16.6,15.6,15.2
20260702,コズミックフレア,,74.1,52.0,20.1,16.9,15.0
20260702,マスアンジュ,,67.1,48.4,17.8,15.5,15.1
20260702,リメンバーヒム,69.8,54.6,38.8,14.9,12.2,11.7
20260702,ジュンヴァッテッド,70.0,54.6,39.1,15.0,12.2,11.9
20260702,アマキヒ,69.4,54.6,39.6,14.6,12.5,12.5
20260702,スズカローズキング,68.6,53.0,38.1,13.6,12.2,12.3
20260702,ジャスパーゴールド,110.0,86.2,63.9,21.6,21.2,21.1
20260702,デュガ,141.6,114.2,86.5,29.4,29.6,27.5
20260702,ジーティーリボーン,,98.0,71.9,25.4,23.7,22.8
20260702,ダイメイプリンス,,87.3,63.6,21.8,21.2,20.6
20260702,アージュドール,,89.3,65.0,22.5,21.9,20.6
20260702,シャンデルナゴル,,69.2,50.3,18.1,16.2,16.0
20260702,コンテナワールド,69.1,54.0,38.7,14.3,12.3,12.1
20260702,オールザワールド,67.1,52.3,38.1,13.7,11.9,12.5
20260702,マサノカナリア,67.3,52.2,37.5,14.0,11.9,11.6
20260702,ネッカーズルム,68.1,53.0,37.7,14.2,11.8,11.7
20260702,ラホーヤアイズ,67.8,52.6,37.6,14.1,11.9,11.6
20260702,ルクスディグニティ,,75.3,55.1,20.4,17.6,17.1
20260702,アットザラヴアスク,72.8,56.9,41.0,16.0,13.3,11.7
20260702,ランズエンド,72.7,56.7,41.0,15.4,13.2,12.4
20260702,タマモエース,79.6,61.7,43.5,16.3,13.7,13.5
20260702,マーゴットショット,71.3,55.5,40.1,14.4,12.5,13.2
20260702,ウィスピア,72.4,56.3,40.6,14.8,12.6,13.2
20260702,レニュアージュ,71.0,55.8,40.0,15.2,12.7,12.1
20260702,ヴァレッタカズマ,70.9,55.6,39.4,14.7,12.6,12.1
20260702,リチャードバローズ,,93.0,67.5,24.1,22.9,20.5
20260702,ダノンカゼルタ,,56.6,40.3,15.1,12.8,12.4
20260702,ダイメイクマモト,73.4,57.2,40.8,15.4,12.7,12.7
20260702,ハッピーチャンス,72.7,56.5,40.0,15.2,12.4,12.4
20260702,トーアウィリアム,72.4,56.2,39.6,15.0,12.2,12.4
20260702,シャリキモン,,59.0,43.3,15.7,13.6,14.0
20260702,サトノライトニング,72.6,56.0,39.0,15.4,12.0,11.6
20260702,デアアテナ,72.9,56.3,39.3,15.7,12.1,11.5
20260702,イテルム,72.4,55.8,38.8,15.4,11.9,11.5
20260702,ザハント,71.8,55.1,39.1,14.6,12.4,12.1
20260702,ジョリープリュム,71.3,54.8,38.8,14.3,12.4,12.1
20260702,タイセイレスポンス,102.1,81.9,60.6,21.3,20.4,18.9
20260702,スマイルスルー,70.9,55.2,39.1,14.9,12.3,11.9
20260702,メイショウトム,98.3,75.4,54.7,20.3,18.0,16.4
20260702,エイコーンドリーム,68.3,53.0,37.6,14.3,12.0,11.3
20260702,ネネキリマル,67.0,51.9,36.8,13.7,11.7,11.4
20260702,シュタルク,67.4,52.3,37.0,13.9,11.6,11.5
20260702,コウギョク,68.4,53.3,38.0,14.7,11.6,11.7
20260702,ロングトールサリー,134.4,108.1,85.6,27.4,29.1,29.1
20260702,メイショウオグマ,69.7,54.1,38.6,14.7,12.6,11.3
20260702,ラブアイミー,,134.5,98.6,36.0,33.9,28.7
20260702,フィエールシャンテ,,75.9,55.9,19.6,18.5,17.8
20260702,ララララブソング,,75.2,56.2,20.2,18.3,17.7
20260702,ハッピーダンチャン,,65.7,47.8,17.2,15.4,15.2
20260702,ペイシャトサモア,,68.6,49.1,17.9,15.7,15.5
20260702,コンフェルマ,117.0,95.6,70.8,23.7,25.8,21.3
20260701,ブレイクフォース,69.1,53.8,39.2,13.9,12.8,12.5
20260701,バードウォッチャー,68.9,53.6,39.0,13.9,12.6,12.5
20260701,ノクターン,66.2,51.5,37.0,13.1,12.3,11.6
20260701,ロスパレドネス,66.4,51.7,37.3,13.3,12.5,11.5
20260701,ブリスキー,,51.1,36.3,12.7,11.9,11.7
20260701,メアヴィア,66.6,51.8,37.8,13.8,12.4,11.6
20260701,ケイアイギルス,119.5,58.9,42.8,15.7,14.4,12.7
20260701,トーアトリニダー,114.3,59.1,42.9,15.7,14.5,12.7
20260701,ボールドゾーン,70.6,54.4,39.8,13.6,13.3,12.9
20260701,サトノセレナーデ,,57.1,41.9,14.6,14.0,13.3
20260701,カフェロワドール,65.6,50.0,36.0,12.7,12.0,11.3
20260701,フィールドノート,68.6,53.5,38.5,14.0,12.8,11.7
20260701,アンコンケラブル,66.3,51.2,36.7,13.0,11.8,11.9
20260701,バイアブランカ,67.3,52.1,37.5,13.4,12.6,11.5
20260701,グラティアム,65.2,49.6,35.8,12.6,11.9,11.3
20260701,スカイドリーマー,73.3,57.3,42.4,14.5,13.9,14.0
20260701,ミュージックレイン,65.9,50.8,37.0,13.2,12.4,11.4
20260701,キミガハマ,65.6,50.7,36.7,13.1,12.0,11.6
20260701,ペタルズダンス,65.9,51.0,36.9,13.2,12.0,11.7
20260701,ギャニミード,68.0,53.0,38.1,14.0,12.6,11.5
20260701,シュガーシャック,67.8,52.5,37.9,13.6,12.7,11.6
20260701,アローメタル,68.3,53.2,38.3,14.0,12.8,11.5
20260701,シュネーバレン,65.9,50.9,36.4,12.9,11.7,11.8
20260701,ジャガード,68.0,52.4,37.4,13.3,12.2,11.9
20260701,フォーワンセルフ,67.5,52.4,38.5,13.6,12.8,12.1
20260701,シャイニースイフト,66.3,51.9,37.6,13.5,12.4,11.7
20260701,ケープウィッカム,67.9,52.9,38.5,13.9,12.7,11.9
20260701,ヴァズレーヌ,69.2,54.6,40.2,13.8,13.2,13.2
20260701,メリークリスマス,67.1,52.1,38.3,13.4,12.9,12.0
20260701,ビッグデイメイク,71.1,54.8,39.8,14.0,13.2,12.6
20260701,エターナルシルバー,68.4,52.8,37.5,13.8,12.3,11.4
20260701,プリティーミズホ,66.6,52.1,37.7,13.6,12.4,11.7
20260701,アイスアイスベイビ,69.6,53.8,38.5,14.3,12.6,11.6
20260701,ブルーブロディ,65.9,50.9,37.1,13.7,12.2,11.2
20260701,ゼンノスタニング,67.3,52.4,38.1,13.6,12.5,12.0
20260701,リトルコリンズ,66.8,51.6,37.6,13.3,12.5,11.8
20260701,ピースフルマインド,67.1,51.9,37.7,13.6,12.4,11.7
20260701,ラスタリア,67.8,53.1,37.9,14.3,12.4,11.2
20260701,リラベガ,68.4,53.5,38.3,14.3,12.7,11.3
20260701,ワインダークシー,67.5,52.6,38.2,13.7,12.5,12.0
20260701,フェイスリフト,67.9,53.0,38.9,13.3,12.9,12.7
20260701,アンデルストープ,66.3,51.3,37.2,13.7,12.3,11.2
20260701,ディスペアーホープ,67.5,52.7,38.3,13.7,12.5,12.1
20260701,スードランダム,66.2,51.3,37.4,13.2,12.6,11.6
20260701,ビップラージャ,69.1,53.5,39.1,13.4,12.9,12.8
20260701,トランサルピナ,68.2,52.6,37.4,13.7,12.2,11.5
20260701,プリンキパトゥス,67.7,52.8,38.3,13.8,12.5,12.0
20260701,ヴェールネージュ,66.9,51.8,37.6,13.5,12.4,11.7
20260701,タシット,68.5,52.8,37.8,14.1,12.1,11.6
20260701,ウインドワンピース,68.4,52.4,38.7,14.0,12.7,12.0
20260701,ハッスルダンク,67.9,52.2,37.4,13.8,12.0,11.6
20260701,デリシュー,70.2,54.4,38.9,14.2,12.7,12.0
20260701,コスモアチーブ,66.9,52.2,37.8,13.6,12.5,11.7
20260701,ブライトラン,68.0,52.5,37.7,14.1,12.2,11.4
20260701,オーケーグリット,68.4,53.4,38.4,14.1,12.7,11.6
20260701,ノーブルクラウド,67.9,53.0,38.2,14.1,12.6,11.5
20260701,スイートハイデン,67.8,53.1,38.6,14.2,12.4,12.0
20260701,ナディア,67.9,53.3,38.7,14.2,12.5,12.0
20260701,リーディンアクター,67.2,51.9,37.4,13.5,12.5,11.4
20260701,サノノキセキ,68.5,53.0,38.2,14.2,12.5,11.5
20260701,ブルーリボン,68.2,52.7,37.9,14.2,12.3,11.4
20260701,ハルガスミ,67.0,51.7,37.3,13.5,12.4,11.4
20260701,エーオープリマ,67.5,52.8,38.1,14.0,12.6,11.5
20260701,マイネルフォルツァ,64.9,49.8,36.3,13.2,12.0,11.1
20260701,オルトパラティウム,66.0,50.8,36.7,13.5,12.0,11.2
20260701,モンツァフレイバー,71.2,56.1,40.5,15.0,13.6,11.9
20260701,スマイルディシー,67.3,52.5,37.8,13.8,12.5,11.5
20260701,フェデルミエール,66.3,52.0,37.4,13.7,12.4,11.3
20260701,ディーズゴールド,66.0,51.4,37.4,13.3,12.5,11.6
20260701,ゼンダンタカ,66.9,51.9,37.7,13.3,12.6,11.8
20260701,ブレゲアン,66.0,51.4,37.4,13.4,12.5,11.5
20260701,アドミ,67.8,53.4,39.5,14.0,13.0,12.5
20260701,イントゥザウインド,66.6,51.6,37.2,13.4,12.3,11.5
20260701,エルミー,68.2,53.2,38.4,14.0,12.7,11.7
20260701,ファーザーアウェイ,66.1,50.9,37.2,13.2,12.1,11.9
20260701,アデルフィー,65.5,50.4,36.4,13.3,12.0,11.1
20260701,カーマインジュエル,65.8,50.8,36.9,13.0,12.3,11.6
20260701,エンジャムメント,66.9,51.8,37.7,13.4,12.5,11.8
20260701,カゼノロマン,71.0,55.9,40.2,15.0,13.4,11.8
20260701,ハイラント,65.6,50.2,36.1,12.8,12.3,11.0
20260701,シリウスコルト,,56.2,39.9,15.1,13.0,11.8
20260701,イゾラフェリーチェ,71.0,55.1,39.3,14.8,12.9,11.6
20260701,グランカンタンテ,69.8,53.7,38.5,14.3,12.7,11.5
20260701,ショーマンフリート,,75.1,54.4,19.0,18.1,17.3
20260701,ルージュスティーズ,65.5,50.7,36.3,13.1,12.0,11.2
20260701,ブルスカメンテ,67.9,52.7,37.8,13.6,12.5,11.7
20260701,エリーナストーム,68.1,52.9,38.1,14.1,12.6,11.4
20260701,ダイナマイトメロン,66.5,50.8,36.9,13.5,12.4,11.0
20260701,シルクドマルス,66.0,51.1,36.7,13.3,12.0,11.4
20260701,メジャーシンガー,65.8,50.4,36.3,13.0,12.3,11.0
20260701,ブライトシーン,67.0,52.0,37.5,13.4,12.1,12.0
20260701,トルタパスカリーナ,67.4,52.5,37.6,13.5,12.4,11.7
20260701,リサナウト,67.5,52.4,37.5,13.6,12.2,11.7
20260701,エスクアドラ,69.3,53.2,38.1,14.2,12.5,11.4
20260701,デアグランツ,68.5,53.4,38.4,14.2,12.6,11.6
20260701,オウケンボルト,70.8,53.6,37.8,13.7,12.6,11.5
20260701,フォルラニーニ,67.8,52.6,37.9,13.8,12.3,11.8
20260701,キタノアヤカ,70.0,53.6,38.4,14.0,12.5,11.9
20260701,トップオブザキング,68.1,53.4,39.2,13.9,13.2,12.1
20260701,アシャカルッカ,71.5,54.4,39.2,14.0,12.8,12.4
20260701,バーヴァンシー,67.8,52.0,37.7,13.2,12.5,12.0
20260701,シルバーアックス,67.0,51.3,37.1,13.3,12.1,11.7
20260701,モウエエデショー,68.2,53.2,38.5,13.8,12.8,11.9
20260701,ドナソラーレ,68.1,52.0,37.3,13.7,12.1,11.5
20260701,サファイアプレミア,67.3,51.8,37.3,13.6,12.1,11.6
20260701,キタノバトゥーキ,70.6,54.1,38.8,14.1,12.7,12.0
20260701,ニシノキフジン,67.6,52.7,38.1,13.7,12.6,11.8
20260701,プレシャスローズ,71.1,55.7,40.9,14.6,13.7,12.6
20260701,タイセイソアリング,67.0,51.3,36.9,13.4,11.9,11.6
20260701,エレクトス,70.7,54.9,39.9,14.1,13.5,12.3
20260701,ラフエルガ,71.1,54.1,39.0,13.9,12.8,12.3
20260701,ヴェルバーニア,67.4,52.1,37.6,13.7,12.2,11.7
20260701,オンザライン,68.1,53.1,38.4,13.7,12.8,11.9
20260701,ブリッツアロング,72.3,55.6,39.9,14.3,13.5,12.1
20260701,デルマアポロニア,68.5,52.7,37.8,13.5,12.5,11.8
20260701,コンヴァージョン,71.4,54.6,39.2,14.5,13.0,11.7
20260701,アマンヘセル,69.3,53.1,38.3,13.8,12.8,11.7
20260701,エコロストーム,68.3,52.6,37.9,13.9,12.3,11.7
20260701,レオスキーム,68.5,53.7,39.9,14.0,13.1,12.8
20260701,オンナキュヌヴィ,69.8,53.5,38.6,13.9,12.8,11.9
20260701,ホカミテダメ,73.1,55.3,39.8,14.8,13.3,11.7
20260701,パワポケグッド,68.8,53.7,38.9,13.8,13.0,12.1
20260701,キーチジャステン,67.3,52.1,37.4,13.7,12.1,11.6
20260701,パワポケウォーズ,68.9,53.7,39.0,14.0,12.9,12.1
20260701,セイウンサイフィー,70.2,54.2,38.6,14.3,12.7,11.6
20260701,ステラルミノーザ,67.9,52.4,37.8,13.9,12.3,11.6
20260701,コパノフラメンコ,70.1,54.2,38.6,14.4,12.6,11.6
20260701,ガヤーズアモーレ,71.8,54.4,39.2,14.6,12.8,11.8
20260701,ミカミッチー,71.8,54.3,39.2,14.5,13.0,11.7
20260701,ステイアンビシャス,70.8,54.5,39.1,14.4,13.2,11.5
20260701,ケイベエ,68.1,52.9,38.5,13.8,12.5,12.2
20260701,アンセートゥモダン,71.2,54.9,39.7,14.6,12.9,12.2
20260701,インザライムライト,,54.9,37.6,14.8,11.7,11.1
20260701,ジュングロワール,71.2,54.7,39.3,14.5,13.3,11.5
20260701,アースグレイジング,67.8,52.7,38.6,13.8,12.6,12.2
20260701,エレスレイプニル,68.1,53.1,38.7,13.8,12.7,12.2
20260701,カンピオーネ,69.0,52.9,38.1,13.6,12.6,11.9
20260701,モンサンアミュザン,68.4,53.3,38.1,14.1,12.1,11.9
20260701,マイネルカピラリス,68.2,53.0,37.8,13.9,12.1,11.8
20260701,マンダリンボレロ,66.0,51.1,37.0,13.2,12.0,11.8
20260701,ライトアファイア,68.3,52.0,37.1,13.4,12.0,11.7
20260701,ジーティージェミル,71.6,55.9,40.6,14.8,13.6,12.2
20260701,フレイコン,67.0,51.1,36.3,13.2,11.9,11.2
20260701,インパクトシー,65.7,50.9,37.1,13.4,12.8,10.9
20260701,ポッドロワール,70.7,53.6,38.1,13.9,12.2,12.0
20260701,ラーナローザ,70.3,53.5,37.7,14.2,12.2,11.3
20260701,フラッシュポイント,69.1,53.9,39.2,14.7,13.2,11.3
20260701,アタリダイキチ,66.1,51.5,37.8,13.8,12.8,11.2
20260701,ニシノギャルズ,68.9,53.1,38.5,13.8,12.8,11.9
20260701,タイキアロハ,71.9,56.1,41.5,14.1,13.8,13.6
20260701,コウソクルリアン,69.2,53.4,38.3,14.2,12.7,11.4
20260701,ケンブリッジ,68.3,52.6,38.0,13.2,12.7,12.1
20260701,アジュアカレンツ,67.4,53.0,38.5,14.3,13.0,11.2
20260701,シルバープレミア,69.6,54.3,39.5,14.7,13.4,11.4
20260701,コスモペンタス,70.5,55.1,40.7,14.0,13.9,12.8
20260701,コスモシグナス,68.6,52.1,37.6,13.4,12.9,11.3
20260701,ライングラウス,68.8,53.1,38.5,13.8,12.7,12.0
20260701,モミスケ,67.6,51.6,37.4,13.6,12.3,11.5
20260701,デルマテイネ,67.1,51.9,38.0,13.4,12.5,12.1
20260701,ポッドデスペア,70.9,54.0,38.5,14.0,12.4,12.1
20260701,ヴェットビルズ,66.6,51.6,37.8,13.1,12.5,12.2
20260701,ホウオウビスケッツ,73.6,56.5,40.6,14.5,13.0,13.1
20260701,クロドラバール,69.1,53.2,38.4,14.2,12.6,11.6
20260701,ピコシー,70.0,54.0,39.0,14.5,12.8,11.7
20260701,フロンテアムーン,68.8,52.7,38.4,13.7,12.6,12.1
20260701,アイアムユウシュン,71.8,54.8,40.1,14.1,13.5,12.5
20260701,イセッセイ,67.1,51.2,37.0,13.2,12.1,11.7
20260701,メイショウコバト,69.7,53.3,38.5,13.6,12.8,12.1
20260701,クレオズニードル,70.6,55.3,40.5,14.4,13.4,12.7
20260701,ホウオウヘッセン,67.5,52.3,37.6,13.5,12.5,11.6
20260701,エスシーレイジュ,66.9,51.3,36.7,13.1,12.0,11.6
20260701,ハクサンミレイ,67.2,51.5,36.9,13.3,12.1,11.5
20260701,ラウンドヒル,67.4,51.7,36.5,13.3,11.7,11.5
20260701,グラスフェザー,67.7,52.4,37.7,13.4,12.6,11.7
20260701,デアトゥノウ,67.5,51.8,36.5,13.2,11.7,11.6
20260701,アースミューズ,,52.2,36.6,13.3,11.9,11.4
20260701,アルデバローズ,65.2,50.7,36.6,13.3,11.9,11.4
20260701,セブンワンダーズ,67.4,52.3,38.0,13.3,12.6,12.1
20260701,シューティングガイ,66.3,51.6,37.3,13.1,12.4,11.8
20260701,ニシノトマラナイ,63.7,49.8,36.0,13.1,11.5,11.4
20260701,エレガントステップ,,51.7,36.2,12.9,11.7,11.6
20260701,ニシノイサリビ,66.7,51.8,37.5,13.3,12.5,11.7
20260701,レッドカメリア,68.7,54.0,39.2,14.1,13.1,12.0
20260701,テンドリームガール,64.6,50.1,36.8,12.8,12.0,12.0
20260701,ウカテンセイ,70.8,56.1,40.4,14.4,13.2,12.8
20260701,アルスラーン,70.1,55.4,39.7,14.3,13.3,12.1
20260701,ユキノグラス,65.9,50.6,37.0,12.8,12.2,12.0
20260701,ホグホグナナハン,66.1,50.9,37.3,12.9,12.2,12.2
20260701,コールドスリープ,72.5,56.2,41.2,14.5,13.4,13.3
20260701,イツマデモマツワ,71.0,56.1,41.8,13.9,14.2,13.7
20260701,サンプラザマツモト,72.7,56.4,41.2,14.6,13.3,13.3
20260701,マイネルジェロディ,64.2,50.2,36.6,13.2,12.1,11.3
20260701,ピンクジン,65.7,51.2,37.2,13.5,12.4,11.3
20260701,フレンドリーエール,68.7,53.3,38.7,13.6,12.9,12.2
20260701,コンテミュール,68.4,53.0,38.3,13.6,12.7,12.0
20260701,ウインシュクラン,67.8,52.6,38.0,13.6,12.6,11.8
20260701,バトルクライ,67.5,52.4,37.8,13.4,12.6,11.8
20260701,ストラクチャー,69.4,54.0,39.1,14.4,12.8,11.9
20260701,ディマイザキッド,65.9,51.0,36.7,13.4,11.9,11.4
20260701,ウインイルネージュ,67.9,53.0,38.3,14.0,12.7,11.6
20260701,ミナヅキ,66.5,51.7,37.2,13.4,12.1,11.7
20260701,ゴールドテソーロ,66.1,51.3,36.5,13.1,12.0,11.4
20260701,ラヴアンドライク,69.5,53.3,38.6,13.9,12.9,11.8
20260701,オーキーベルセルク,67.6,52.4,37.9,13.5,12.3,12.1
20260701,コスモメイウェザー,70.2,53.1,37.4,13.7,11.8,11.9
20260701,ヨーゼフ,67.2,52.1,37.5,13.3,12.3,11.9
20260701,ウイニングレイ,66.8,51.8,37.3,13.3,12.1,11.9
20260701,サンタンヌ,69.0,52.8,38.4,13.7,12.9,11.8
20260701,ファーストアライヴ,69.4,52.7,37.4,13.7,11.8,11.9
20260701,エエヤン,67.9,49.9,35.4,12.6,11.6,11.2
20260701,アイアムアッパレ,69.3,53.0,38.0,14.2,12.2,11.6
20260701,ゴールドプレイヤー,68.1,53.3,38.6,13.9,12.9,11.8
20260701,カフェオドヴィー,68.7,53.7,39.0,14.1,13.0,11.9
20260701,ジンクピリチオン,67.8,52.2,37.3,13.8,11.8,11.7
20260701,クイーンズワーフ,66.2,52.1,38.1,13.8,12.3,12.0
20260701,ジェットブレード,67.0,52.7,38.5,14.0,12.4,12.1
20260701,セイウンプーパ,67.6,51.7,36.6,12.8,12.3,11.5
20260701,マイネルリコルディ,68.4,53.8,38.4,13.9,12.6,11.9
20260701,モスクロッサー,66.7,52.0,37.5,14.0,12.1,11.4
20260701,ルシャルムール,66.8,51.7,37.6,13.6,12.3,11.7
20260701,レアリゼソンレーヴ,66.7,51.5,36.8,13.4,12.0,11.4
20260701,アインプロージット,66.2,51.8,37.1,13.7,12.1,11.3
20260701,ナックキャンドル,66.4,51.5,37.7,12.7,12.2,12.8
20260701,サトノアンナ,65.9,51.1,36.6,13.2,12.0,11.4
20260701,ウキヨノサンシロウ,66.6,51.6,37.8,12.7,12.3,12.8
20260701,ルージュロマーナ,67.3,51.6,37.3,13.4,12.1,11.8
20260701,ラッパースヴィル,67.6,51.9,37.4,13.3,12.3,11.8
20260701,トレベルオール,69.0,54.1,39.5,14.2,12.9,12.4
20260701,ハイテイラオユエ,69.5,54.4,39.8,14.3,13.1,12.4
20260701,イサチルシーキング,69.9,54.7,39.9,14.3,13.2,12.4
20260701,ランスノーブル,65.7,51.0,37.1,13.3,12.2,11.6
20260701,スカイプライド,68.2,52.8,37.9,13.6,12.4,11.9
20260701,ジョブックボー,67.8,52.5,37.7,13.4,12.4,11.9
20260701,コスモルトチェコ,73.0,56.2,40.8,14.4,13.4,13.0
20260701,ソニックウェーブ,73.9,57.3,41.1,14.6,13.5,13.0
20260701,レッドルイナール,64.6,49.9,36.5,12.9,11.8,11.8
20260701,リネンタイリン,72.3,56.4,41.1,14.2,13.8,13.1
20260701,センカンナガト,69.2,53.6,38.9,13.9,12.6,12.4
20260701,イキフン,65.7,50.8,37.0,13.3,12.0,11.7
20260701,ヤマタケゲンジ,68.5,53.8,39.1,13.6,12.5,13.0
20260701,モーモーワン,68.1,53.3,38.6,13.5,12.5,12.6
20260701,ハクタカ,69.4,53.6,38.8,13.9,12.5,12.4
20260701,ゴーゼンチュー,68.4,53.3,38.9,13.9,12.7,12.3
20260701,サクラボーベル,67.7,52.6,37.9,13.7,12.3,11.9
20260701,サトノスターライト,67.6,52.6,38.0,13.8,12.3,11.9
20260701,アオゾラランチ,70.4,54.2,39.5,14.1,13.1,12.3
20260701,エッジランナー,73.0,56.3,40.8,14.6,13.5,12.7
20260701,フェルミアーク,66.8,51.6,36.5,12.9,11.8,11.8
20260701,シルバードン,,51.5,36.6,13.4,11.6,11.6
20260701,トワニ,,53.1,38.2,13.8,12.8,11.6
20260701,ロジザボード,,55.7,39.9,14.3,13.0,12.6
20260701,ロジタイガー,,56.1,41.0,14.4,13.5,13.1
20260701,アオイノリプー,67.6,52.4,38.2,14.0,12.6,11.6
20260701,レッドロスタム,68.4,53.3,38.5,13.6,12.9,12.0
20260701,ニシキギミッチー,69.0,53.7,38.1,14.4,12.4,11.3
20260701,ヒットアンドロール,69.3,54.2,39.3,14.4,12.9,12.0
20260701,クラウンウルル,66.4,51.5,37.8,14.1,12.2,11.5
20260701,サトミノエンジェル,69.5,54.0,38.4,14.5,12.5,11.4
20260701,ロゼフェリシア,67.8,52.7,38.1,13.6,12.5,12.0
20260701,ローズバラード,71.0,55.3,40.0,14.6,13.6,11.8
20260701,ホノボノ,68.6,53.6,39.1,14.2,12.8,12.1
20260701,ワンダーブリッツ,68.7,53.9,39.0,14.2,13.1,11.7
20260701,ヤマメホープ,68.2,53.0,38.5,14.4,12.5,11.6
20260701,フライスカイハイ,66.9,51.9,38.0,14.1,12.5,11.4
20260701,クラックミーアップ,70.3,54.7,39.7,14.6,13.3,11.8
20260701,ニシノマルガリート,69.8,54.3,38.7,14.5,12.7,11.5
20260701,グラスアロー,66.7,51.8,38.0,14.1,12.4,11.5
20260701,ベルランコントル,66.4,51.9,37.6,13.4,12.5,11.7
20260701,ローグアン,68.0,52.9,38.2,13.6,12.7,11.9
20260701,レオンティウス,68.2,53.3,38.5,14.3,12.7,11.5
20260701,ミリオ,68.7,53.6,38.8,14.3,12.8,11.7
20260701,ハンデンブレイズ,65.9,51.5,37.2,13.3,12.4,11.5
20260701,アークレイリ,69.2,54.1,39.6,14.2,12.8,12.6
20260701,ノーブルグランツ,68.4,53.7,38.7,14.1,12.9,11.7
20260701,シルトホルン,66.8,51.7,37.4,13.2,12.5,11.7
20260701,トゥラッタッタ,67.3,52.0,37.8,13.3,12.7,11.8
20260701,シグムンド,65.6,51.4,36.8,13.5,12.1,11.2
20260701,アンパドゥ,67.7,52.5,38.3,13.4,12.7,12.2
20260701,ラストシャリナ,68.1,52.8,37.9,14.1,12.2,11.6
20260701,ナックエルドラド,67.4,52.1,37.2,13.7,12.2,11.3
20260701,グランプラネッタ,72.7,56.4,40.5,15.1,13.4,12.0
20260701,エコロガノン,67.0,51.7,37.3,13.7,12.5,11.1
20260701,エメラルファイン,70.2,54.9,40.1,13.8,13.2,13.1
20260701,ココナッツコースト,70.2,54.7,40.5,14.3,13.4,12.8
20260701,フキョウワオン,73.1,57.5,42.8,14.1,14.1,14.6
20260701,ナックレジーナ,67.4,52.1,37.1,13.6,12.2,11.3
20260701,サンダーストラック,69.2,54.4,40.1,13.7,13.5,12.9
20260701,ゼフィリア,67.2,52.7,37.9,13.7,12.6,11.6
20260701,ミスタートントン,67.6,52.8,38.2,13.6,12.6,12.0
20260701,タクミオジュウ,72.8,56.5,40.5,15.2,13.4,11.9
20260701,デヴィーア,68.6,53.5,38.9,14.1,12.8,12.0
20260701,ドミナートル,66.0,50.7,36.6,13.5,12.1,11.0
20260701,セレスタイト,66.5,52.0,37.3,13.6,12.4,11.3
20260701,ランフォーザエイジ,73.2,56.8,40.6,15.1,13.6,11.9
20260701,グルドロッティン,68.7,53.2,38.2,14.0,12.6,11.6
20260701,ショウナンラスボス,69.3,54.2,39.3,14.2,12.9,12.2
20260701,ルイステソーロ,66.3,51.0,37.2,13.2,11.9,12.1
20260701,マイネルボス,67.1,52.1,37.5,13.3,12.2,12.0
20260701,ショウナンタヅナ,69.8,54.2,38.9,13.9,13.0,12.0
20260701,コスモシグルン,65.6,50.4,36.7,13.1,11.8,11.8
20260701,デルマザオウ,68.8,53.7,39.1,14.0,13.0,12.1
20260701,ウッケン,69.1,53.9,39.2,14.1,13.0,12.1
20260701,フクオトコ,67.4,53.0,38.2,13.2,12.5,12.5
20260701,カガラプンツェル,65.7,51.3,37.6,13.3,12.5,11.8
20260701,アルティマローネ,70.0,54.4,39.2,14.0,13.1,12.1
20260701,レッドレガリア,68.8,53.7,39.2,14.0,13.2,12.0
20260701,イヴナンバーフォー,69.6,54.1,38.9,13.9,12.8,12.2
20260701,スタースポット,67.8,52.2,37.9,13.8,12.5,11.6
20260701,グランオギュール,68.6,52.8,38.4,13.8,12.9,11.7
20260701,クラウンセト,64.5,49.3,36.0,12.6,11.8,11.6
20260701,ウインアルドーレ,72.8,55.1,39.6,14.1,13.0,12.5
20260701,デルマジュテーム,70.3,54.1,39.9,13.9,13.8,12.2
20260701,モーニングダリア,66.9,51.5,37.6,13.5,12.4,11.7
20260701,ツクバヴァンガード,67.8,52.0,37.8,13.3,12.6,11.9
20260701,タイセイスタナー,67.7,52.5,37.2,13.9,12.1,11.2
20260701,ネクストドア,67.8,52.3,38.0,13.8,12.4,11.8
20260701,エコロテラ,66.3,51.5,37.2,13.5,12.1,11.6
20260701,トーセンマスラオ,66.7,51.8,37.5,13.5,12.4,11.6
20260701,キョウエイボニータ,,65.9,48.0,16.4,15.9,15.7
20260701,ミセスリリー,67.3,52.1,37.7,13.9,12.5,11.3
20260701,ルージュアリスタ,67.7,52.6,38.0,13.8,12.7,11.5
20260701,オーブレーヌ,68.7,53.9,39.8,14.0,13.1,12.7
20260701,ソチミルコ,,52.9,37.8,13.6,12.8,11.4
20260701,カリーン,69.6,53.7,38.9,13.8,12.8,12.3
20260701,ラパンチュール,69.4,54.1,39.4,13.7,13.0,12.7
20260701,エウテルペ,70.4,54.4,39.4,14.4,13.3,11.7
20260701,キューティリップ,66.4,51.3,37.5,13.1,12.5,11.9
20260701,ビーンスターク,,56.2,40.8,14.4,13.0,13.4
20260701,トム,68.8,53.6,39.4,14.6,12.8,12.0
20260701,ハッピースーニャ,68.0,52.6,38.0,13.8,12.6,11.6
20260701,トモジャオーリー,67.5,52.1,37.6,13.7,12.4,11.5
20260701,ベルフィーヌ,68.7,53.0,37.9,13.8,12.3,11.8
20260701,ロンドンプライド,67.3,51.0,36.4,13.1,11.7,11.6
20260701,ユイノリュウギ,68.0,51.5,36.6,13.3,11.8,11.5
20260701,ピクニックマーチ,68.7,52.1,37.2,13.7,12.0,11.5
20260701,ジェイエルマスター,66.3,51.4,37.3,13.6,12.3,11.4
20260701,ワザモノ,66.4,51.9,37.4,13.3,12.3,11.8
20260701,ユキマル,68.6,53.1,37.5,14.0,12.1,11.4
20260701,ストレイトトーカー,65.4,51.2,37.2,13.5,12.2,11.5
20260701,サフランルージュ,67.9,52.6,38.0,13.7,12.4,11.9
20260701,ラクシオンデクラ,66.0,51.6,37.1,13.2,12.1,11.8
20260701,クイーンズレイン,66.5,51.9,37.5,14.0,12.2,11.3
20260701,エコロゼット,66.2,51.8,37.7,13.7,12.3,11.7
20260701,オウケンハニー,66.8,52.4,38.2,13.9,12.6,11.7
20260701,サングラント,65.8,51.3,37.4,12.9,12.2,12.3
20260701,ダンシングアワー,68.6,53.1,38.8,13.5,13.2,12.1
20260701,テスタ,66.0,51.2,37.3,12.7,12.2,12.4
20260701,ラプユフラット,68.1,52.8,38.2,13.8,12.5,11.9
20260701,リベラリズモ,68.2,52.8,38.7,13.5,13.1,12.1
20260701,ミクニブレイブ,66.2,51.7,37.3,13.9,12.2,11.2
20260701,フェスティヴビーム,67.9,52.9,38.1,13.7,12.6,11.8
20260701,カイトグート,67.8,52.5,38.0,13.7,12.3,12.0
20260701,カイトヴィント,68.1,53.0,38.3,13.9,12.4,12.0
20260701,リポジノ,67.2,52.2,37.0,13.6,12.2,11.2
20260701,ピュアクローム,67.8,53.1,38.4,14.0,12.7,11.7
20260701,ソワンドヴィクター,69.1,52.6,37.7,13.7,12.3,11.7
20260701,レッドフリーマン,68.9,53.5,38.5,14.2,12.5,11.8
20260701,ファルコシニョーラ,68.6,52.0,37.3,13.6,12.2,11.5
20260701,レディレックス,67.7,52.6,37.4,13.6,12.4,11.4
20260701,サスケソルトバーン,69.6,54.9,40.2,14.0,12.6,13.6
20260701,コスモバルムンク,68.0,53.3,38.5,14.0,12.8,11.7
20260701,マジックファイト,69.6,54.9,40.3,14.0,12.8,13.5
20260701,ドナリー,66.6,52.0,37.6,14.0,12.1,11.5
20260701,ダノングローバル,68.6,53.3,38.3,14.1,12.4,11.8
20260701,メイショウヨゾラ,66.4,51.0,36.1,13.2,11.9,11.0
20260701,テリオスサラ,67.2,51.8,36.7,13.4,12.2,11.1
20260701,アピーリングルック,67.4,52.5,38.5,13.6,12.8,12.1
20260701,トゥーザムーン,67.8,53.0,38.7,13.7,12.9,12.1
20260701,カネショウレジェン,67.3,52.3,37.6,13.7,12.3,11.6
20260701,ポッドソル,69.4,53.9,38.5,14.3,12.6,11.6
20260701,レディリリス,68.1,53.4,38.7,13.9,12.6,12.2
20260701,ディメンシア,67.5,52.1,37.4,13.2,12.1,12.1
20260701,カネトシパンドラ,67.8,52.4,37.5,13.3,12.1,12.1
20260701,ホウオウライラック,67.0,52.5,37.9,13.5,12.6,11.8
20260701,サヴマ,68.3,53.4,39.1,13.7,13.1,12.3
20260701,コスモティタノ,67.3,52.7,38.3,13.6,12.3,12.4
20260701,ミュークゼウス,67.8,52.6,37.8,13.7,12.5,11.6
20260701,グランレーヴ,67.9,53.2,38.8,13.6,12.5,12.7
20260701,コスモイェーガー,67.0,52.4,38.1,13.6,12.0,12.5
20260701,ラインホルト,69.2,53.7,38.4,14.2,12.6,11.6
20260701,スノーリン,67.3,52.0,37.9,13.3,12.6,12.0
20260701,ミエノストロング,67.0,52.0,36.9,13.2,12.2,11.5
20260701,ドナディクオーレ,67.5,52.3,37.4,13.5,12.3,11.6
20260701,ファウナード,67.4,52.2,37.2,13.3,12.3,11.6
20260701,コスモチプリア,66.0,50.9,36.6,13.1,12.0,11.5
20260701,マンウォル,,51.9,37.4,13.5,12.3,11.6
20260701,セイウンヤオヨロズ,67.5,51.7,36.8,13.6,11.9,11.3
20260701,ブロークンハート,,52.8,37.1,13.4,12.0,11.7
20260701,ニンジャトットリ,65.6,50.4,36.3,12.9,11.8,11.6
20260701,アスクナイスショー,,69.1,50.2,17.6,16.4,16.2
20260701,ショウナンタハティ,,68.2,49.5,17.7,15.8,16.0
20260701,ベンガルボダイジュ,68.5,52.9,38.5,13.8,12.4,12.3
20260701,セイスイカルメン,73.6,55.9,40.4,14.6,13.4,12.4
20260701,ブライスフェアリー,73.6,55.8,40.3,14.5,13.4,12.4
20260701,フランベリー,68.7,53.1,38.7,13.9,12.5,12.3
20260701,ベアアッコチャン,70.8,54.5,39.8,14.3,13.2,12.3
20260701,ベアベルヴォワ,70.7,54.5,39.8,14.3,13.3,12.2
20260701,ネオアンボウ,69.7,55.1,40.2,14.1,13.3,12.8
20260701,ベールダウン,69.7,55.1,40.2,14.2,13.2,12.8
20260701,フランシスガリバー,66.3,51.0,36.9,13.7,11.8,11.4
20260701,ハルカオル,67.2,51.9,37.4,13.8,12.1,11.5
20260701,サウンズオーサム,66.8,51.5,37.2,13.7,12.1,11.4
20260701,ユイノマチブセ,66.4,51.3,37.3,13.2,12.0,12.1
20260701,ホーリーブライト,64.8,50.4,36.9,12.9,11.9,12.1
20260701,アスコットヴェール,67.0,51.8,37.6,13.3,12.2,12.1
20260701,フームスムート,66.1,50.8,36.7,13.1,12.0,11.6
20260701,パストゥザスターズ,70.4,55.1,39.9,13.4,13.0,13.5
20260701,ウェイワードアクト,64.5,49.4,35.6,12.7,11.6,11.3
20260701,アロヒアリイ,64.0,49.1,35.3,12.6,11.6,11.1
20260701,サトノビーツ,64.7,49.7,35.9,12.8,11.8,11.3
20260701,ロッタリーランド,68.0,53.8,39.0,13.8,12.9,12.3
20260701,ソアサージュ,68.7,54.3,39.5,13.9,13.1,12.5
20260701,ベルグラース,68.3,54.0,39.2,13.8,13.0,12.4
20260701,ダノンダックス,70.4,54.2,39.4,13.9,13.1,12.4
20260701,ナムラダックス,68.7,53.1,38.4,13.7,12.2,12.5
20260701,キミヘノメロディー,68.3,52.8,38.1,13.7,12.2,12.2
20260701,ハルノアラシ,67.8,52.3,37.5,13.8,12.2,11.5
20260701,フッカツノジャンボ,67.7,52.2,37.6,13.7,12.4,11.5
20260701,エイシンウルクンデ,67.8,52.2,37.6,13.6,12.5,11.5
20260701,オーケーエース,68.2,52.6,37.7,13.9,12.3,11.5
20260701,セイカタカキヤチク,69.8,53.7,38.4,13.6,12.5,12.3
20260701,コスモモノポリー,68.9,53.2,37.9,13.3,12.4,12.2
20260701,フォンデネージュ,67.6,53.0,38.6,13.8,12.5,12.3
20260701,マイネルステラート,,52.8,37.5,12.5,12.0,13.0
20260701,キリスパークル,67.4,52.8,39.1,13.8,13.0,12.3
20260701,ブルーサーマル,70.2,55.0,40.2,14.3,13.3,12.6
20260701,ホウオウミステリー,70.6,55.8,40.6,14.7,13.2,12.7
20260701,カウェーカネム,75.9,58.6,42.5,15.3,14.1,13.1
20260701,ニンニン,76.1,58.7,42.5,15.3,14.0,13.2
20260701,デルマハッコウダ,,57.5,42.5,14.2,14.9,13.4
20260701,カームラディアンス,74.3,57.4,41.4,14.8,13.6,13.0
20260701,ウインボレロ,65.8,51.1,36.8,13.0,11.7,12.1
20260701,オリジナルアポジー,66.0,51.1,36.8,13.1,11.6,12.1
20260701,アロハオエ,67.9,52.7,38.5,13.6,12.5,12.4
20260701,ディアファザー,67.1,51.8,38.0,13.4,12.4,12.2
20260701,クリアクォーツ,68.3,52.6,37.5,13.9,12.2,11.4
20260701,テングカゼ,71.0,55.5,40.3,14.0,13.2,13.1
20260701,ゲレル,69.3,53.4,38.3,13.8,12.2,12.3
20260701,シャインネージュ,69.2,53.4,38.3,13.7,12.3,12.3
20260701,カリーシ,68.3,52.4,37.9,13.4,12.4,12.1
20260701,ブロンクス,68.1,52.2,37.6,13.2,12.3,12.1
20260701,メイクアマーク,67.7,51.7,37.2,13.0,12.3,11.9
20260701,サトノドルチェ,68.6,54.1,39.7,14.4,13.0,12.3
20260701,ファビュラススター,68.1,52.8,38.3,13.6,12.6,12.1
20260701,ダノンロッキー,70.0,55.4,40.7,14.1,13.7,12.9
20260701,マイネルモーント,65.1,50.7,37.0,13.1,12.4,11.5
20260701,テセラリアン,65.7,50.9,36.6,13.3,11.7,11.6
20260701,ルーフオブヘヴン,67.6,52.4,37.8,13.6,12.5,11.7
20260701,ドンエレクトス,66.4,51.9,37.9,13.4,12.6,11.9
20260701,ルージュブリッツ,67.2,52.3,37.9,13.6,12.3,12.0
20260701,ラヴァレード,66.9,52.3,38.2,13.5,12.3,12.4
20260701,セイリュウ,66.9,52.2,37.9,13.6,12.1,12.2
20260701,ナムラクリスティ,67.1,51.5,37.1,12.8,12.1,12.2
20260701,ノシェリー,66.1,51.2,36.9,13.3,12.0,11.6
20260701,アドバンスアゲイン,66.3,50.6,37.0,12.7,12.1,12.2
20260701,イニシャルポイント,66.9,52.6,38.3,13.4,12.7,12.2
20260701,モータリゼーション,67.6,52.6,38.2,13.4,12.2,12.6
20260701,ハビレ,65.9,51.1,37.1,13.2,12.4,11.5
20260701,ヴァイオスペース,68.5,54.0,39.1,14.1,12.7,12.3
20260701,ルストラーレ,68.4,53.9,39.0,14.0,12.6,12.4
20260701,ゲキザル,67.8,52.5,38.0,13.3,12.4,12.3
20260701,ミスターマーボー,67.2,52.1,37.7,13.2,12.4,12.1
20260701,ヨドノティアラ,70.9,55.2,40.1,14.7,13.3,12.1
20260701,ワイルドカイザー,70.2,54.7,39.7,14.6,13.0,12.1
20260701,コスモエルヴァル,69.2,54.2,38.6,14.3,12.5,11.8
20260701,エムアイブレイズ,68.1,53.4,38.2,14.0,12.3,11.9
20260701,ヴィンチェローズ,68.0,53.2,38.1,13.8,12.3,12.0
20260701,ランパディアス,73.3,58.6,43.8,14.5,14.5,14.8
20260701,サトノトルネード,67.5,52.3,37.1,13.8,12.0,11.3
20260701,カラマティアノス,65.3,50.6,36.3,13.0,12.1,11.2
20260701,ショウナンサムデイ,66.4,51.5,37.1,13.2,12.3,11.6
20260701,ペイシャオーヴァル,67.8,52.9,38.5,14.1,12.7,11.7
20260701,ルンベーラ,67.7,52.5,37.4,13.6,12.0,11.8
20260701,シェリアドレ,66.6,51.6,37.3,13.3,12.5,11.5
20260701,ザバルガド,68.7,53.0,37.9,13.8,12.6,11.5
20260701,インザダーク,67.5,52.8,38.4,14.1,12.6,11.7
20260701,クレイターレイク,71.2,55.4,40.5,14.2,13.6,12.7
20260701,コスモハナミズキ,67.8,52.9,38.3,13.6,12.6,12.1
20260701,ダブルブロッサム,67.1,52.0,36.9,13.2,11.8,11.9
20260701,パルセノスミハ,67.7,52.4,37.5,13.6,11.9,12.0
20260701,アルマロクザン,66.1,52.3,38.2,13.6,12.3,12.3
20260701,ニューロファイター,64.3,50.1,35.9,12.5,11.5,11.9
20260701,ダンツファイター,67.9,52.8,37.7,13.7,12.4,11.6
20260701,テキサスバローズ,68.9,53.0,38.2,13.8,12.3,12.1
20260701,アジアントレジャー,68.6,53.3,38.1,13.9,12.5,11.7
20260701,アールグレイ,68.2,52.5,37.9,13.5,12.3,12.1
20260701,ラッキースウィッチ,69.4,53.4,38.5,13.9,12.5,12.1
20260701,リトルジャイアンツ,90.7,72.0,53.5,18.1,17.8,17.6
20260701,カウンターセブン,64.7,50.9,37.6,13.0,12.5,12.1
20260701,アパッシメント,67.0,51.5,36.3,13.0,11.5,11.8
20260701,ラミアメンテ,66.3,51.0,36.4,13.3,11.7,11.4
20260701,アトラップモア,67.9,52.0,36.7,13.2,11.7,11.8
20260701,サトノシュトローム,66.7,51.4,36.6,13.2,11.8,11.6
20260701,ワイルドミュール,,51.8,37.5,12.9,12.5,12.1
20260701,マイネルリシャール,,57.2,41.0,14.6,13.5,12.9
20260701,ジーフォーリア,,57.0,40.9,14.6,13.3,13.0
20260701,マンモスホームラン,67.3,53.1,38.1,13.6,12.7,11.8
20260701,ロジスカヤ,67.5,53.2,38.3,13.7,12.8,11.8
20260701,サンヴァンガード,66.7,52.6,37.7,13.7,12.5,11.5
20260701,パラダイスフェイス,68.0,52.5,37.8,13.5,12.2,12.1
20260701,グラスクラージュ,67.8,52.3,37.7,13.4,12.2,12.1
20260701,ブリスフル,68.0,53.3,38.5,13.4,12.8,12.3
20260701,ムーンストラック,70.4,55.3,39.1,14.5,12.5,12.1
20260701,ヨシヒロ,67.2,52.5,38.1,13.6,12.5,12.0
20260701,ミラクルオーラ,67.1,52.5,38.1,13.6,12.4,12.1
20260701,ラヴノー,67.4,52.4,37.7,14.3,12.4,11.0
20260701,エスコルチア,,57.5,42.6,14.7,14.3,13.6
20260701,アイファーアイドル,66.6,51.5,37.3,13.5,12.2,11.6
20260701,ヤマタケボニータ,69.9,54.4,39.1,14.6,12.4,12.1
20260701,セントリアン,73.5,57.4,42.4,14.9,13.9,13.6
20260701,フロステリオン,69.4,54.2,38.9,14.5,12.4,12.0
20260701,トレンドマーチ,72.7,57.7,42.9,14.8,14.4,13.7
20260701,サラフィエル,67.7,52.7,38.7,13.9,12.7,12.1
20260701,マイホームパパ,70.3,55.2,39.8,14.4,12.9,12.5
20260701,セイウンイーリス,70.3,54.9,39.4,14.3,12.8,12.3
20260701,スノーディーヴァ,72.6,57.0,41.6,14.9,13.6,13.1
20260701,ホウオウブースター,67.5,52.3,37.5,13.5,12.2,11.8
20260701,トウシンラヴ,67.0,51.7,37.0,13.1,12.1,11.8
20260701,イモータリス,,68.5,49.8,17.0,16.4,16.4
20260701,メリーサウンド,67.8,52.4,38.2,13.4,12.7,12.1
20260701,ダイシンパルス,67.2,52.2,38.2,13.4,12.8,12.0
20260701,ユイノササヤキ,70.2,54.2,40.0,13.7,13.4,12.9
20260701,セイウンデセオ,69.3,53.8,38.9,14.1,12.9,11.9
20260701,エポカスピーガ,68.1,52.8,38.6,14.0,12.6,12.0
20260701,レインボーワールド,68.4,52.8,38.3,14.2,12.6,11.5
20260701,ラヴィサンエール,68.9,53.3,38.3,13.8,12.7,11.8
20260701,マスターボリューム,67.8,52.3,37.9,14.1,12.3,11.5
20260701,ゴットランド,69.7,54.1,38.9,14.4,12.9,11.6
20260701,リアライズグロリア,69.3,53.8,38.6,14.2,12.9,11.5
20260701,フラムリンガム,68.9,53.5,38.3,14.1,12.5,11.7
20260701,コルチェスター,66.7,51.4,37.4,13.3,12.3,11.8
20260701,ヘルヴィッツ,68.5,53.3,38.0,14.0,12.4,11.6
20260701,ベアエクスプレス,69.4,54.0,38.6,14.1,12.7,11.8
20260701,アグアフレスカ,66.9,52.4,38.2,13.6,12.6,12.0
20260701,ボーンディスウェイ,65.5,51.7,37.5,13.3,12.1,12.1
20260701,サンシップ,70.8,55.1,39.7,14.5,13.1,12.1
20260701,エーデルクラフト,69.2,53.7,38.8,14.0,12.8,12.0
20260701,ザンシュトーム,68.3,52.9,38.5,13.9,12.6,12.0
20260701,スウィフトミモザ,69.7,54.2,39.3,14.1,13.0,12.2
20260701,ワンコール,65.3,51.6,37.5,13.2,12.1,12.2
20260701,バセリーナ,66.6,51.0,37.0,13.0,12.2,11.8
20260701,コスモシェルベット,70.3,55.2,40.1,14.5,13.2,12.4
20260701,ミツカネメルクリオ,65.3,51.1,37.0,12.7,11.9,12.4
20260701,リバーブレーション,66.1,51.8,37.9,13.1,12.0,12.8
20260701,パチクリベスクリ,69.1,53.4,38.6,14.0,12.5,12.1
20260701,イゲマジャ,68.8,53.2,38.4,13.8,12.5,12.1
20260701,タッカーヴァンバン,67.4,52.7,38.0,13.8,12.3,11.9
20260701,マリノマーベラス,67.4,52.6,37.9,13.8,12.2,11.9
20260701,アドマイヤフク,69.8,52.8,38.1,12.9,12.6,12.6
20260701,プラネタリーアワー,70.1,53.1,38.3,13.0,12.7,12.6
20260701,アルファリラエ,67.3,52.6,38.1,13.8,12.4,11.9
20260701,ミスティユニバンス,69.5,52.5,37.7,12.9,12.4,12.4
20260701,テイクオンミー,71.4,54.8,40.2,14.6,13.5,12.1
20260701,セイウンリリーナ,68.4,52.0,38.7,13.3,12.9,12.5
20260701,ソロンゴ,70.4,54.2,39.1,14.1,12.9,12.1
20260701,マナイアカラニ,72.1,55.0,39.6,14.0,13.1,12.5
20260701,ヤマニンスペッキオ,72.0,54.9,39.5,14.0,13.0,12.5
20260701,ミクニルミナス,72.0,54.9,39.5,13.9,13.0,12.6
20260701,ブラックティンカー,,54.2,38.7,13.4,12.8,12.5
20260701,ニシノコマチムスメ,67.8,53.2,38.8,13.8,12.7,12.3
20260701,ミッドセンチュリー,67.0,52.6,38.4,13.5,12.5,12.4
20260701,イケイケルノワール,67.5,53.0,38.5,13.6,12.5,12.4
20260701,クロダテ,69.2,54.5,40.2,14.4,13.7,12.1
20260701,ウィンターブリーズ,68.9,54.2,39.9,14.3,13.6,12.0
20260701,フライングビーナス,68.2,53.4,39.0,14.3,13.0,11.7
20260701,スターリットフレア,67.8,52.9,38.5,14.2,12.7,11.6
20260701,ロックユアライフ,71.3,55.7,39.9,14.2,13.2,12.5
20260701,オンザボー,71.0,55.4,39.7,14.2,13.0,12.5
20260701,プロトポロス,68.8,53.5,37.8,14.4,11.8,11.6
20260701,ピオニエーレ,70.1,54.5,38.9,15.0,12.3,11.6
20260701,クラウディアイ,67.4,52.3,37.2,14.2,11.5,11.5
20260701,ジーティーアダマン,67.5,53.0,37.9,14.6,11.9,11.4
20260701,ニテンイチリュウ,69.7,54.2,38.8,14.9,12.3,11.6
20260701,ルージュマデイラ,67.2,52.7,38.1,14.3,12.3,11.5
20260701,ブライトココナッツ,68.6,53.5,38.1,15.0,11.7,11.4
20260701,ロードフリューゲル,68.2,53.6,38.3,14.6,12.1,11.6
20260701,アメリカンスタイル,73.2,57.1,40.3,15.6,12.9,11.8
20260701,ココフルール,68.0,52.5,37.2,14.5,11.4,11.3
20260701,ロードディグニティ,72.8,56.7,40.0,15.6,12.6,11.8
20260701,アームズラムレイ,66.7,52.3,37.8,14.1,12.2,11.5
20260701,タイセイドレフォン,87.8,69.7,52.2,17.3,17.3,17.6
20260701,サトノソティラス,66.4,51.3,36.6,13.9,11.4,11.3
20260701,カロローザ,,52.2,36.7,14.0,11.7,11.0
20260701,ウォーターコトノハ,67.4,53.2,38.1,14.2,12.3,11.6
20260701,エコロガルダ,70.6,55.1,38.6,14.8,12.5,11.3
20260701,ヴィスメンティス,67.3,52.2,37.0,14.3,11.5,11.2
20260701,クータモ,70.8,55.2,38.8,14.8,12.4,11.6
20260701,ミッキーロビン,67.7,52.9,38.0,14.4,12.1,11.5
20260701,オックスアイ,70.6,54.4,38.4,15.0,11.9,11.5
20260701,アオイハルカ,67.3,52.4,37.7,14.3,11.9,11.5
20260701,ドナズエクリプス,70.2,54.0,38.1,14.9,11.8,11.4
20260701,ゴーツウキリシマ,69.8,54.1,38.5,14.6,12.2,11.7
20260701,アスクヴォルテージ,75.0,59.6,43.7,15.4,14.2,14.1
20260701,ニシノミチアキ,67.4,53.3,38.2,14.1,12.1,12.0
20260701,ブライトベリル,68.0,52.6,37.2,14.2,11.5,11.5
20260701,プロスト,65.2,51.0,36.5,13.3,11.5,11.7
20260701,カツラコマチ,69.0,55.0,39.7,14.3,12.4,13.0
20260701,エイシンニケ,68.2,54.1,39.0,14.3,12.3,12.4
20260701,ウインビスタ,65.7,51.7,37.2,13.5,11.7,12.0
20260701,ポニーテール,68.0,52.6,37.2,14.0,11.5,11.7
20260701,チェサピークベイ,67.6,52.2,37.2,13.6,12.0,11.6
20260701,ザウリ,,70.4,51.2,17.7,17.1,16.4
20260701,ラブアイミー,68.6,53.3,38.4,13.9,12.3,12.2
20260701,ワンダーサイファー,,80.9,59.1,19.8,19.9,19.4
20260701,サーバルマインド,,79.1,57.9,20.6,18.3,19.0
20260701,パラチー,,64.9,47.3,15.9,15.5,15.9
20260701,キョウエイクローム,69.2,53.7,38.9,13.9,12.2,12.8
20260701,タイセイドレフォン,78.7,61.9,45.0,16.6,14.7,13.7
20260701,タガノミスト,65.6,51.7,37.7,13.9,11.8,12.0
20260701,ファイティンアスク,67.0,52.9,37.7,14.0,11.8,11.9
20260701,フルドフォルク,69.1,53.6,38.4,14.4,12.2,11.8
20260701,キリオス,67.4,51.9,36.8,13.9,11.8,11.1
20260701,コルヴァス,69.0,53.7,37.9,14.9,11.9,11.1
20260701,ゴールデンスラム,69.3,53.4,38.3,14.4,12.1,11.8
20260701,プリモマーレ,67.1,52.8,38.1,13.8,12.1,12.2
20260701,クラリスバローズ,67.4,52.8,37.8,14.0,12.0,11.8
20260701,コパノキャンペーン,67.8,53.2,38.2,14.0,12.1,12.1
20260701,パールフロント,,53.5,37.6,14.3,12.3,11.0
20260701,コースタルロード,70.8,55.3,39.4,14.8,12.0,12.6
20260701,フェリシタル,70.9,55.4,39.4,14.6,12.1,12.7
20260701,レディーミコノス,66.6,52.4,37.6,14.1,11.9,11.6
20260701,モックモック,81.6,64.7,47.2,17.2,14.7,15.3
20260701,ハギノアルデバラン,68.0,53.1,38.0,14.8,12.0,11.2
20260701,ジャスティンガルフ,68.6,54.1,38.3,14.9,11.8,11.6
20260701,ベルウェザー,68.2,53.7,38.0,14.8,11.8,11.4
20260701,ワルトシュタイン,71.2,56.1,39.8,15.5,12.2,12.1
20260701,シャンデルナゴル,,70.6,50.2,17.7,16.3,16.2
20260701,ムーヴザニードル,69.0,54.5,39.2,14.7,12.3,12.2
20260701,ロードムーブオン,,54.3,38.3,15.0,12.0,11.3
20260701,フェーエンハフト,68.8,54.3,39.1,14.7,12.3,12.1
20260701,ラヴエナストロ,,77.3,56.6,20.8,18.1,17.7
20260701,ファーストアタック,69.6,54.1,38.9,13.8,12.4,12.7
20260701,ケイテンアイジン,67.8,53.1,38.0,14.7,11.6,11.7
20260701,キングズテイル,68.2,54.4,39.6,15.0,13.1,11.5
20260701,サトノトリニティ,,53.0,37.3,14.1,11.7,11.5
20260701,ブルーチップ,67.9,54.1,39.4,15.0,13.0,11.4
20260701,ドルチェリターン,75.4,60.0,43.6,17.0,13.8,12.8
20260701,サイモンゼスト,67.1,51.1,36.0,13.5,11.3,11.2
20260701,ホットロッドハート,70.4,54.8,38.7,14.9,11.8,12.0
20260701,サンライズジャポネ,70.4,54.9,38.8,14.9,11.8,12.1
20260701,ベンティガオルサ,69.0,53.6,37.9,14.5,11.8,11.6
20260701,シュプレヒコール,69.9,54.1,38.2,14.7,11.9,11.6
20260701,ジンセイ,68.6,53.2,37.6,14.9,11.8,10.9
20260701,ミヤノラングリー,71.9,55.8,39.7,14.7,12.6,12.4
20260701,ヤマトクオーレ,71.6,55.7,40.3,14.6,12.7,13.0
20260701,ヤマトデュノール,73.4,57.1,41.7,14.6,12.7,14.4
20260701,シゲルショウグン,69.7,53.7,37.6,14.7,11.8,11.1
20260701,ビーマックス,65.2,51.7,37.2,13.4,11.7,12.1
20260701,ボビーザグレート,67.7,53.3,38.8,14.5,12.3,12.0
20260701,サンロンブル,69.1,54.8,39.8,14.6,12.5,12.7
20260701,ヤマニンブークリエ,64.6,50.9,37.1,13.3,11.5,12.3
20260701,ライムシロップ,,76.0,57.1,19.3,19.2,18.6
20260701,ホウショウマリス,,53.3,37.4,14.0,12.1,11.3
20260701,フィエールシャンテ,,71.3,53.1,18.0,17.1,18.0
20260701,メイショウヴィータ,69.3,53.3,38.1,14.1,11.8,12.2
20260701,メイショウジェード,69.1,53.0,37.8,14.2,11.7,11.9
20260701,ルイスイメル,70.1,53.9,38.8,14.3,12.2,12.3
20260701,モズナイスバディー,68.9,53.4,38.2,14.1,12.0,12.1
20260701,メイショウザンゲツ,72.2,56.8,40.5,16.3,12.9,11.3
20260701,カレントゥルーシー,70.3,54.8,39.2,15.6,12.5,11.1
20260701,フォーチュンライド,67.9,53.6,38.2,14.4,11.9,11.9
20260701,ファランギーナ,69.2,54.4,38.6,14.6,12.0,12.0
20260701,ヴェストラン,70.2,53.6,37.5,14.2,11.6,11.7
20260701,キャプテンシー,,68.8,48.2,18.5,15.1,14.6
20260701,メイショウコハル,,53.7,38.2,14.5,12.2,11.5
20260701,モンテパステル,,54.0,38.4,14.7,12.2,11.5
20260701,メイショウナルカミ,,77.5,57.8,19.5,19.3,19.0
20260701,シンドリームシン,,54.4,38.3,14.4,12.0,11.9
20260701,マーヴィン,,54.1,38.1,14.2,12.1,11.8
20260701,スターバーナー,,53.4,37.7,13.9,12.0,11.8
20260701,メリオーレム,,68.1,49.8,17.8,15.8,16.2
20260701,タイセイレスポンス,113.1,91.1,67.9,24.8,22.7,20.4
20260701,シャンデリュイーズ,,52.7,37.7,13.6,12.0,12.1
20260701,ヴェントゥーラ,66.3,52.2,37.1,13.7,11.8,11.6
20260701,ヴィスマール,69.3,53.5,38.0,14.7,11.6,11.7
20260701,ウインポセイドン,69.6,53.8,37.9,15.0,11.7,11.2
20260701,タガノアニマシオン,69.6,53.8,38.1,14.7,11.7,11.7
20260701,アクロフェイズ,69.3,53.5,37.7,14.8,11.7,11.2
20260701,センツブラッド,69.4,53.1,37.7,15.0,11.8,10.9
20260701,ラミエルノムスコ,72.6,56.7,40.3,15.3,12.7,12.3
20260701,テルヴィセクス,69.6,53.4,37.7,14.9,12.0,10.8
20260701,カミノトップワン,71.8,56.5,40.1,15.6,12.4,12.1
20260701,エルドボルグ,69.0,52.5,37.4,14.9,11.6,10.9
20260701,メルキオル,70.4,54.2,38.4,14.5,11.8,12.1
20260701,ワイノナオミ,69.0,52.9,37.7,14.4,11.9,11.4
20260701,テイエムローズダン,68.3,53.4,37.9,14.3,11.5,12.1
20260701,デルマトカチ,68.7,53.5,38.0,14.2,11.6,12.2
20260701,ウェイヨー,74.5,58.1,41.0,15.5,13.1,12.4
20260701,ヴァカンツァ,84.5,67.8,49.6,18.0,15.8,15.8
20260701,ジャスパーゴールド,88.5,70.5,52.0,18.4,16.9,16.7
20260701,アメジストブリエ,71.1,54.9,38.7,15.2,11.8,11.7
20260701,ビエントゾンダ,70.6,54.4,38.5,15.1,11.7,11.7
20260701,タガノバルコス,69.9,55.3,39.8,14.8,12.5,12.5
20260701,サウンドムーブ,69.1,53.8,38.3,14.5,12.0,11.8
20260701,マーチンゲール,69.7,54.3,38.7,14.6,12.2,11.9
20260701,アージュドール,,79.6,60.0,19.7,19.9,20.4
20260701,ペコリズム,,84.7,61.7,21.2,20.7,19.8
20260701,ヴェルテンベルク,66.0,51.3,36.9,13.5,11.5,11.9
20260701,アンクルクロス,,51.1,35.8,13.4,11.4,11.0
20260701,テスティモーネ,67.6,52.4,36.9,14.1,11.4,11.4
20260701,ピコオーバル,70.0,53.9,39.1,13.7,12.9,12.5
20260701,ウォーターエルピス,67.9,52.0,37.2,13.4,11.6,12.2
20260701,セントピュアベース,68.4,52.4,37.2,13.5,11.6,12.1
20260701,メイショウソウセキ,70.4,54.5,39.0,15.1,12.4,11.5
20260701,リッケンバッカー,71.7,54.6,38.4,14.7,12.1,11.6
20260701,ウィスカーパッド,66.4,51.3,36.4,13.8,11.4,11.2
20260701,メドウセージ,67.1,51.8,36.8,13.7,11.6,11.5
20260701,アスクザアメリカン,62.6,49.0,36.4,12.6,11.6,12.2
20260701,トウカイジーク,68.9,53.8,38.7,14.4,12.0,12.3
20260701,マテンロウルクス,68.1,53.6,38.5,14.5,12.1,11.9
20260701,エコロルーク,67.7,53.0,38.2,14.3,12.0,11.9
20260701,ベールドインパクト,,54.4,38.4,14.5,12.2,11.7
20260701,メイショウバルキア,69.4,52.5,37.8,14.2,11.9,11.7
20260701,フィニステーレ,69.0,54.0,38.6,14.9,12.0,11.7
20260701,ルートサーティーン,69.4,54.5,38.8,15.1,12.0,11.7
20260701,ヨウリンケイジュ,66.9,52.6,38.1,13.8,12.1,12.2
20260701,エイシンビーコン,67.7,52.6,38.2,13.8,12.4,12.0
20260701,ナミオトノヒビキ,69.1,52.1,37.5,14.0,11.8,11.7
20260701,フラッシングルビー,69.2,54.2,38.7,15.0,12.0,11.7
20260701,グッジョブ,68.6,53.1,37.7,14.4,11.8,11.5
20260701,オーロラエックス,65.6,50.9,36.4,13.4,11.2,11.8
20260701,レディントン,67.9,53.3,38.4,14.0,12.3,12.1
20260701,トッレブランカ,70.2,55.1,39.7,14.8,12.6,12.3
20260701,カレンラップスター,66.6,52.0,37.3,14.0,11.7,11.6
20260701,エイシンキタールン,69.6,54.2,38.5,14.0,11.9,12.6
20260701,グランワールド,69.9,55.0,39.9,14.8,12.4,12.7
20260701,スナークホクサイ,68.7,53.8,37.7,14.0,11.7,12.0
20260701,リテラシー,67.1,52.2,37.7,14.1,11.6,12.0
20260701,タイセイグローバル,67.7,52.9,38.0,14.4,11.9,11.7
20260701,ゲタリア,66.2,51.5,36.9,13.5,11.4,12.0
20260701,エトワールブーケ,67.8,53.1,38.3,14.1,11.9,12.3
20260701,ダヌラーサナ,69.1,54.3,39.1,14.6,12.3,12.2
20260701,シュガーハウス,68.7,53.3,37.5,13.8,11.7,12.0
20260701,エコロヴァルド,67.1,52.3,37.3,14.2,11.6,11.5
20260701,エアフォースワン,68.3,53.5,38.0,14.3,11.9,11.8
20260701,パルプフィクション,67.6,52.0,37.4,13.7,11.4,12.3
20260701,レディマリオン,67.1,51.8,36.9,13.4,11.7,11.8
20260701,ベルギューン,66.4,50.9,36.3,13.4,11.6,11.3
20260701,レディネス,65.6,50.8,36.4,13.6,11.2,11.6
20260701,ウォーターデライト,67.5,52.5,37.2,13.8,11.6,11.8
20260701,タガノアルトゥーラ,67.9,52.6,37.6,13.8,11.8,12.0
20260701,アメティスタ,66.1,50.3,35.7,13.0,11.4,11.3
20260701,アトランタ,66.8,51.8,36.7,13.8,11.3,11.6
20260701,アイオリスパルス,67.4,52.2,37.2,13.6,11.7,11.9
20260701,スマートケープ,,53.9,37.2,13.8,11.3,12.1
20260701,アスクブームキセキ,69.7,53.8,37.9,14.2,11.8,11.9
20260701,ラッキーダイヤ,65.2,51.4,37.4,13.2,11.9,12.3
20260701,レザンクレール,69.5,53.7,37.9,14.0,11.8,12.1
20260701,リザレクティア,90.5,73.3,54.7,19.1,17.9,17.7
20260701,エピッククイーン,,53.9,38.3,14.6,11.8,11.9
20260701,ダイシンレアレア,68.1,53.8,38.3,14.6,11.8,11.9
20260701,ルーセントムーン,68.9,54.2,38.5,14.8,11.8,11.9
20260701,モアリジット,66.5,52.2,37.3,14.0,11.8,11.5
20260701,フィドルファドル,72.4,55.8,38.9,15.5,11.9,11.5
20260701,クーデール,66.1,51.4,36.7,13.7,11.6,11.4
20260701,アンジュラフィーユ,72.7,56.1,39.7,15.2,12.7,11.8
20260701,バチラ,76.6,59.5,41.3,15.6,13.1,12.6
20260701,エコロリンド,76.2,59.3,41.2,15.6,13.0,12.6
20260701,テーオーソラネル,70.6,53.8,37.6,14.4,11.9,11.3
20260701,ガイアメンテ,69.0,53.4,37.1,14.1,11.8,11.2
20260701,リアライズパリオ,70.4,53.8,37.6,14.5,11.9,11.2
20260701,ゼットエイト,65.5,51.1,37.2,13.3,11.7,12.2
20260701,ラマヌジャン,67.2,53.2,39.0,14.4,12.5,12.1
20260701,テイエムプレミラン,68.1,54.0,39.5,14.7,12.6,12.2
20260701,フルフィルメント,66.1,51.4,37.5,13.4,11.6,12.5
20260701,コズミックフレア,,76.2,53.7,20.2,17.5,16.0
20260701,オールセインツ,72.3,56.3,39.5,15.0,12.6,11.9
20260701,クラヴァンス,69.3,53.7,37.1,14.7,11.1,11.3
20260701,ダノンワンダー,70.2,54.6,37.8,14.8,11.4,11.6
20260701,サトノグロリア,70.1,54.5,37.8,15.1,11.5,11.2
20260701,ジュンプリメーロ,156.7,124.8,93.3,30.4,32.1,30.8
20260701,パーセンタイル,69.5,53.7,38.0,14.5,11.9,11.6
20260701,フランソワーズ,68.8,53.0,37.4,14.4,11.7,11.3
20260701,ブルボンクイーン,63.9,51.0,37.6,13.4,11.9,12.3
20260701,レッドダンルース,71.9,55.9,39.0,15.5,12.1,11.4
20260701,プウスカンドゥール,71.0,54.3,38.2,14.6,12.2,11.4
20260701,ラクホマレ,71.3,55.1,38.6,15.3,11.9,11.4
20260701,メイショウブレゲ,67.9,52.3,37.1,14.1,11.6,11.4
20260701,ネブラディスク,,53.0,37.6,14.0,11.9,11.7
20260701,フィオラーノ,68.3,53.0,37.7,14.3,11.8,11.6
20260701,チェカ,69.9,54.5,38.7,14.6,12.2,11.9
20260701,ミトノリン,67.6,52.6,37.2,13.9,11.6,11.7
20260701,ルナカカオ,68.1,53.1,37.6,14.2,11.7,11.7
20260701,ルマンサルト,68.1,52.8,37.6,14.2,11.7,11.7
20260701,ジョン,70.1,54.6,38.8,14.6,12.1,12.1
20260701,ロクメイカン,69.6,54.1,38.8,14.7,12.2,11.9
20260701,リカンカブール,66.6,51.9,37.2,13.9,11.7,11.6
20260701,インザモーメント,67.1,52.4,37.4,13.9,11.8,11.7
20260701,スマイルスルー,95.1,75.3,54.8,19.9,18.0,16.9
20260701,ブルックリンダンス,68.9,53.6,38.0,14.7,11.8,11.5
20260701,ショルタメンテ,74.4,58.5,42.9,15.0,13.6,14.3
20260701,ジーティーアリア,69.1,54.0,38.3,14.7,12.0,11.6
20260701,レインインザスカイ,74.3,58.5,42.8,15.0,13.7,14.1
20260701,メイショウキンタイ,88.5,70.5,50.9,18.2,15.8,16.9
20260701,リボンインザスカイ,67.0,52.4,37.6,14.3,12.0,11.3
20260701,ラルヴァンダード,70.2,54.8,38.8,14.9,12.2,11.7
20260701,シャローチャンプ,66.5,52.1,37.3,14.1,12.0,11.2
20260701,シャローフォレスト,69.7,54.5,38.5,14.7,12.3,11.5
20260701,エンマ,73.3,55.8,39.3,14.9,12.3,12.1
20260701,ハマナスノサクコロ,72.8,55.2,39.0,14.8,12.2,12.0
20260701,ライトオブヌカタ,,245.8,183.2,62.9,60.8,59.5
20260701,ヤマニンループ,69.0,53.9,38.2,14.7,11.9,11.6
20260701,テーオージャスミン,,52.8,37.6,14.0,12.0,11.6
20260701,ワイドアイリー,,52.8,37.7,14.1,11.9,11.7
20260701,シックパラソル,68.5,53.5,38.0,14.6,11.8,11.6
20260701,ハクサンリング,67.4,53.0,38.5,13.6,12.2,12.7
20260701,マルモリマイベスト,66.6,52.3,37.9,13.6,11.9,12.4
20260701,ライトオブヌカタ,146.9,116.3,85.2,28.8,27.9,28.5
20260701,ハッピーチャンス,89.8,71.8,52.2,18.7,16.9,16.6
20260701,ペイシャシス,69.3,53.2,37.6,14.2,12.0,11.4
20260701,トライアンドエラー,69.9,54.0,38.1,14.3,12.1,11.7
20260701,トーアライデン,66.1,51.4,36.4,13.6,11.5,11.3
20260701,ビースペシフィック,67.9,52.7,37.4,14.1,11.7,11.6
20260701,ストレングス,66.2,52.0,37.7,13.6,11.9,12.2
20260701,バシリス,66.0,51.7,37.6,13.4,11.8,12.4
20260701,ハナコトバ,,60.3,43.5,16.1,14.2,13.2
20260701,セイントホース,71.3,55.1,38.9,14.0,12.2,12.7
20260701,ゴールドアーク,71.1,55.2,39.1,14.1,12.2,12.8
20260701,クリノオリーブ,,69.7,50.6,18.5,16.2,15.9
20260701,レットミーテイク,71.5,53.7,38.3,14.3,12.4,11.6
20260701,コリカンチャ,66.6,53.0,38.0,14.2,11.9,11.9
20260701,アズライトアスール,69.3,54.5,38.9,14.6,12.2,12.1
20260701,ジーティーマローネ,71.3,55.8,39.4,15.4,12.5,11.5
20260701,タガノレクシア,69.1,54.1,38.7,14.7,12.1,11.9
20260701,ナムラメアリー,69.4,54.5,39.0,14.6,12.2,12.2
20260701,シャインラブ,70.5,55.3,39.0,15.1,12.5,11.4
20260701,ワイドヴィンクルム,70.5,54.7,38.7,15.2,11.9,11.6
20260701,タガノランパート,71.0,55.0,38.9,15.3,12.0,11.6
20260701,ヴォルテックス,70.0,54.4,38.5,15.1,11.8,11.6
20260701,ルルフィーユ,66.1,51.9,37.6,13.5,12.0,12.1
20260701,セイフウサツキ,70.5,54.8,39.1,14.8,12.5,11.8
20260701,ヴァレッタカズマ,96.4,76.8,55.7,20.6,17.7,17.4
20260701,ノボリリア,67.1,51.8,37.1,13.9,12.0,11.2
20260701,ピンクパンサー,68.5,53.9,39.2,14.2,12.7,12.3
20260701,ヴァンヴィーヴ,71.4,56.1,40.1,15.0,12.6,12.5
20260701,リアルペガサス,67.2,52.0,37.0,13.6,11.6,11.8
20260701,オブシディアーナ,69.7,55.0,39.8,14.4,13.1,12.3
20260701,レーンアジリティ,69.3,54.3,38.5,15.0,11.5,12.0
20260701,ミニュイ,69.7,53.8,37.9,14.8,11.6,11.5
20260701,ベルドゥニュイ,66.8,52.3,37.8,13.5,12.0,12.3
20260701,ボンボンベイビー,66.8,52.3,37.9,13.6,11.9,12.4
20260701,フォーオール,68.6,52.2,37.1,13.9,11.5,11.7
20260701,ヴェールダムール,65.8,51.4,37.4,13.5,11.9,12.0
20260701,ハルカカナタ,69.3,53.4,37.7,14.7,11.5,11.5
20260701,ファータカエリ,69.0,53.2,37.6,14.5,11.5,11.6
20260701,ゾンニッヒ,68.5,53.7,38.2,15.0,12.1,11.1
20260701,ムルソー,69.2,54.3,38.6,15.1,12.2,11.3
20260701,シビックアスコット,67.9,53.5,38.3,14.6,11.7,12.0
20260701,ダーコ,70.3,54.9,40.0,14.7,12.9,12.4
20260701,アンドヴェローナ,67.5,53.2,38.1,14.3,11.8,12.0
20260701,ラインメテオラ,67.3,51.2,36.5,13.4,11.5,11.6
20260701,ロードフェルム,67.5,51.4,36.6,13.5,11.6,11.5
20260701,アストラカ,67.9,52.5,37.2,14.0,11.7,11.5
20260701,タマモジャスミン,64.5,50.5,36.6,13.2,11.7,11.7
20260701,レイワノキセキ,71.0,55.3,39.1,14.8,12.6,11.7
20260701,マルモリキャスター,65.2,51.1,37.0,13.6,11.6,11.8
20260701,バリオス,66.5,52.4,37.7,14.0,11.8,11.9
20260701,サイモンレガシー,67.7,52.1,37.1,13.9,11.7,11.5
20260701,マルモリムソウ,65.3,51.2,37.1,13.5,11.7,11.9
20260701,ヒットザグラウンド,,50.8,36.4,13.6,11.3,11.5
20260701,スマートクラビ,68.4,54.3,39.3,14.9,12.4,12.0
20260701,マリノムーンリーフ,63.7,51.1,37.9,13.6,12.0,12.3
20260701,ドーンレーサー,68.1,54.2,39.1,14.8,12.3,12.0
20260701,エスペシャリー,68.6,51.1,36.8,13.7,11.6,11.5
20260701,ジャーヴィス,,56.5,39.9,15.5,12.5,11.9
20260701,マヴィ,68.6,52.8,37.8,13.8,12.0,12.0
20260701,ダディーズトリップ,,57.6,40.3,15.9,12.7,11.7
20260701,マサノカナリア,,109.1,77.8,29.0,25.5,23.3
20260701,ダノンプリマ,,55.8,39.2,15.4,12.1,11.7
20260701,グロリアスニケ,,56.1,39.5,15.2,12.6,11.7
20260701,ビヨンドザドリーム,,53.8,38.2,14.2,11.9,12.1
20260701,プシュパ,,69.7,50.7,18.1,16.7,15.9
20260701,アマキヒ,,66.1,48.2,17.2,15.9,15.1
20260701,ナブッコ,,70.1,51.1,18.2,16.3,16.6
20260701,レニュアージュ,,153.4,109.0,40.6,37.9,30.5
20260701,メイショウケンゴウ,98.3,77.7,56.8,20.5,18.5,17.8
20260701,スイートリディア,98.7,78.0,57.3,20.5,18.4,18.4
20260701,レジェンディーヴァ,99.1,78.4,57.3,20.5,18.2,18.6
20260701,メイショウアボット,69.6,53.8,38.0,14.6,11.9,11.5
20260701,カルロット,,72.6,53.2,18.7,17.6,16.9
20260701,リアライズセレスト,68.9,53.4,37.9,14.5,11.8,11.6
20260701,ギャルズマインド,68.4,52.9,37.4,14.1,11.7,11.6
20260701,チョウチャンピオン,68.9,54.6,39.9,14.3,12.8,12.8
20260701,アバットゥータ,68.1,53.4,38.0,14.3,11.9,11.8
20260701,アットザラヴアスク,,68.9,50.0,18.1,16.7,15.2
20260701,ドラギニャン,69.0,54.0,38.3,14.4,12.0,11.9
20260701,ミッキーラヴィータ,85.2,68.1,49.7,17.7,16.2,15.8
20260701,テイクオーヴァー,,73.8,54.3,19.1,17.9,17.3
20260701,ホワイトパンサー,,73.7,54.3,19.2,17.8,17.3
20260701,クインズアンジェロ,,74.0,54.9,19.6,17.9,17.4
20260701,テイクイットオール,66.2,52.4,37.8,13.9,11.8,12.1
20260701,ファルカータ,,68.4,49.7,17.8,16.2,15.7
20260701,ジュンライデン,85.1,67.9,49.6,17.9,15.6,16.1
20260701,アンティスマ,80.3,61.8,43.6,17.5,13.8,12.3
20260701,スノーサイレンス,88.2,51.5,36.2,13.1,11.2,11.9
20260701,シュライアハフト,96.4,51.9,36.7,13.4,11.2,12.1
20260701,ウィスピア,91.3,72.6,53.7,18.9,17.7,17.1
20260701,マーゴットショット,87.2,69.3,51.0,17.9,16.8,16.3
20260630,ブルーザー,81.3,64.5,47.5,16.9,15.6,15.0
20260630,タイセイドレフォン,118.5,94.6,70.3,23.6,23.2,23.5
20260630,キャプテンシー,98.6,76.8,55.8,20.1,18.3,17.4
20260630,ザウリ,97.5,76.6,56.5,19.8,18.2,18.5
20260630,フライングブレード,96.7,76.5,56.6,19.4,18.9,18.3
20260630,サンライズジュピタ,97.9,75.9,55.4,19.7,18.2,17.5
20260630,パラチー,112.3,86.1,63.4,21.9,21.0,20.5
20260630,タイセイドレフォン,82.7,63.6,45.8,16.3,14.7,14.8
20260630,トーラスシャイン,90.3,71.1,51.3,18.6,17.1,15.6
20260630,ウインロズパレード,100.2,77.0,54.6,19.8,17.8,17.0
20260630,キョウエイクローム,106.6,82.2,60.1,21.3,19.6,19.2
20260630,ペイシャトサモア,100.8,76.7,55.3,19.8,17.9,17.6
20260630,プシュカル,91.4,71.5,51.4,19.4,16.1,15.9
20260630,フェンダー,188.7,146.8,108.4,36.7,35.4,36.3
20260630,コーチェラバレー,111.8,86.8,62.9,22.1,20.5,20.3
20260630,ビシェノ,108.4,84.5,61.3,21.3,20.1,19.9
20260630,シャローファースト,114.1,89.7,65.5,23.0,21.7,20.8
20260630,コーチェラバレー,89.6,69.9,50.0,18.8,15.7,15.5
20260630,ビシェノ,87.6,67.9,49.3,18.7,16.1,14.5
20260630,シャローファースト,83.3,65.1,47.5,16.7,15.7,15.1
20260630,リアルペガサス,95.6,73.2,53.7,18.6,17.7,17.4
20260630,ウォーターコトノハ,82.4,64.4,47.1,16.8,15.1,15.2
20260630,レットミーテイク,80.8,64.5,47.3,16.8,15.4,15.1
20260630,バートラガッツ,93.9,73.8,53.6,19.1,17.3,17.2
20260630,トリオノチカラ,87.3,69.0,50.4,17.7,16.6,16.1
20260630,メイショウキンタイ,90.8,71.5,52.1,18.4,16.9,16.8
20260630,ウインビスタ,87.4,69.1,50.0,17.9,15.9,16.2
20260630,アニージョ,98.6,72.9,50.9,18.8,15.9,16.2
20260630,レディネス,79.4,62.2,45.2,15.9,14.5,14.8
20260630,ピエナオルカ,83.2,65.5,47.2,17.0,14.8,15.4
20260630,ケンフィールド,77.4,60.4,43.6,15.3,14.2,14.1
20260630,ジュンヴァッテッド,87.2,63.9,45.5,16.7,14.4,14.4
20260630,タイセイアビオン,100.5,75.7,54.1,20.1,17.3,16.7
20260630,テーオーライガ,98.0,76.3,55.9,19.2,18.4,18.3
20260630,ポルトブルー,101.0,77.2,56.0,19.1,18.5,18.4
20260630,ゴールドアーク,90.0,71.3,52.6,18.4,17.4,16.8
20260630,オールナット,94.4,73.8,53.2,19.6,17.2,16.4
20260630,イリフィ,94.1,73.3,53.0,19.5,17.6,15.9
20260630,シュプリームレルム,94.2,73.7,53.1,19.6,17.4,16.1
20260630,リヴァイ,94.3,73.7,53.2,19.6,17.3,16.3
20260630,チュオンソン,87.7,67.2,48.9,17.7,16.0,15.2
20260630,タイセイグローバル,84.9,66.7,49.2,16.7,16.2,16.3
20260630,オンアロール,94.1,73.4,53.0,19.5,17.6,15.9
20260630,ハートノート,94.2,73.4,53.1,19.7,17.5,15.9
20260630,クラフティ,94.1,73.4,53.0,19.4,17.7,15.9
20260630,ウインリュクス,91.9,69.6,50.0,18.4,16.1,15.5
20260630,フェイトライン,80.8,63.6,46.9,16.5,15.1,15.3
20260630,フィオラーノ,91.4,71.8,51.9,18.5,17.0,16.4
20260630,ベンティガオルサ,95.4,74.8,53.7,19.6,17.1,17.0
20260630,オックスアイ,93.3,73.8,53.8,18.5,17.8,17.5
20260630,シャンドラファール,95.1,72.8,52.3,18.6,16.9,16.8
20260630,シュプレヒコール,95.9,76.5,56.8,20.3,19.1,17.4
20260630,ドナズエクリプス,95.8,75.9,55.8,20.5,18.3,17.0
20260630,アンテロース,116.6,89.1,66.4,23.2,22.2,21.0
20260630,フィエールシャンテ,93.1,70.3,52.0,17.6,17.2,17.2
20260630,ララララブソング,91.5,69.7,51.2,18.2,16.0,17.0
20260630,ルイスイメル,99.8,72.3,51.7,18.5,16.9,16.3
20260630,ヴェストラン,100.4,79.3,58.5,20.2,19.4,18.9
20260630,レディマリオン,91.2,71.7,52.6,18.4,17.0,17.2
20260630,ランフォーヴァウ,81.4,62.6,45.6,15.9,14.5,15.2
20260630,ラインメテオラ,91.2,71.7,52.6,18.4,17.1,17.1
20260630,タガノアルトゥーラ,91.1,71.7,52.6,18.4,17.0,17.2
20260630,アイスフォーク,88.8,71.4,52.4,18.2,16.6,17.6
20260630,マーヴィン,85.8,68.0,50.4,17.4,16.4,16.6
20260630,スーパーフラット,86.4,68.5,50.6,17.7,16.0,16.9
20260630,スターバーナー,84.9,67.1,49.5,17.0,16.0,16.5
20260630,ミッキーヌチバナ,83.4,65.2,47.4,16.7,15.4,15.3
20260630,ウインポセイドン,91.0,70.8,52.4,18.4,17.0,17.0
20260630,ブクブクー,91.4,71.9,51.8,18.9,16.5,16.4
20260630,ロードハイエンド,90.0,70.2,52.0,18.1,17.1,16.8
20260630,シュライアハフト,83.8,66.3,47.9,16.5,15.5,15.9
20260630,ビートル,79.3,62.7,46.2,16.1,15.6,14.5
20260630,ジャストワナフライ,89.3,70.9,52.4,18.9,17.1,16.4
20260630,リメンバーシドニー,187.2,146.3,108.9,36.9,35.9,36.1
20260630,ラブインアクション,187.6,146.5,108.8,36.8,35.9,36.1
20260630,メイショウナルカミ,99.3,78.4,58.1,19.3,18.8,20.0
20260630,ジュンライデン,83.3,65.4,47.3,16.9,15.1,15.3
20260630,リメンバーシドニー,185.0,146.3,108.7,37.3,35.6,35.8
20260630,ラブインアクション,185.2,146.4,108.7,37.1,35.7,35.9
20260630,アスターブジエ,96.6,73.6,53.3,18.9,17.6,16.8
20260630,ヤマニンブークリエ,105.1,83.2,60.6,21.3,20.1,19.2
20260630,リヒトミューレ,89.8,67.4,47.5,16.7,15.2,15.6
20260630,ミッドタウンナイト,86.3,64.1,45.9,16.3,15.2,14.4
20260630,ネネキリマル,85.9,65.5,47.5,16.9,15.7,14.9
20260630,ヤマニンブークリエ,90.2,70.5,51.1,17.8,16.7,16.6
20260630,ウェイヨー,121.8,95.7,72.4,24.3,24.3,23.8
20260630,デュガ,257.2,188.6,139.0,43.8,47.1,48.1
20260630,タイセイレスポンス,138.9,106.7,77.3,27.3,25.9,24.1
20260630,ヴァカンツァ,82.5,64.7,47.0,17.0,15.4,14.6
20260630,ビバームス,90.5,71.8,53.0,18.2,17.8,17.0
20260630,リッケンバッカー,94.3,76.3,56.3,19.6,18.6,18.1
20260630,タイキエクセロン,86.8,66.8,48.4,17.4,15.3,15.7
20260630,エアフォースワン,90.4,71.6,52.9,18.4,17.6,16.9
20260630,マイネルメモリー,88.2,67.6,49.1,17.4,15.8,15.9
20260630,キムタックフェイス,101.0,80.5,59.3,20.4,20.1,18.8
20260630,オールザワールド,180.6,136.4,101.7,33.3,33.5,34.9
20260630,メイショウソウセキ,92.1,71.9,51.1,19.6,16.2,15.3
20260630,エアフォースワン,88.8,70.6,52.3,18.0,17.1,17.2
20260630,ロードフリューゲル,256.9,202.8,156.3,55.0,51.9,49.4
20260630,チェファルー,261.7,211.4,161.4,53.3,54.4,53.7
20260630,ブレイクアウェイ,262.2,210.7,160.3,52.5,54.3,53.5
20260630,ベラジオパンテーラ,257.5,204.1,154.7,52.0,52.0,50.7
20260630,オールザワールド,171.6,135.3,100.7,34.8,33.0,32.9
20260630,ゴーツウキリシマ,93.1,74.0,56.1,19.4,18.6,18.1
20260630,チェファルー,164.0,131.1,97.6,33.2,32.9,31.5
20260630,ロードフリューゲル,159.9,126.9,95.1,32.0,32.0,31.1
20260630,ブレイクアウェイ,164.0,130.6,96.9,32.9,33.0,31.0
20260630,ベラジオパンテーラ,159.6,126.9,95.0,32.1,32.0,30.9
20260630,ルペイドゥロール,89.8,69.8,49.2,18.4,16.2,14.6
20260630,マイシドニー,95.3,74.5,53.3,19.6,17.2,16.5
20260630,タマモエース,,,,,22.3,18.4
20260630,テイエムリステット,91.1,64.1,45.8,16.4,14.7,14.7
20260630,アレナリア,143.6,115.4,89.4,29.7,28.7,31.0
20260630,シークレットキー,110.2,74.8,54.2,19.8,17.6,16.8
20260630,タマモエース,91.7,74.1,55.3,19.8,19.0,16.5
20260630,メイショウザンゲツ,88.1,69.8,50.3,17.9,16.5,15.9
20260630,リメンバーヒム,102.2,79.1,56.7,20.7,18.2,17.8
20260630,リテラシー,91.5,73.1,53.8,19.7,17.3,16.8
20260630,パーセンタイル,95.3,74.3,54.1,19.2,18.1,16.8
20260630,フランソワーズ,95.1,74.2,54.0,19.2,18.0,16.8
20260630,キープシャイニング,86.3,68.7,50.9,17.7,16.8,16.4
20260630,ダーコ,86.2,68.6,50.9,17.8,16.7,16.4
20260630,ロードフェルム,86.3,68.7,51.0,17.8,16.9,16.3
20260630,アイオリスパルス,86.3,68.6,51.0,17.8,16.8,16.4
20260630,ロージーキャンドル,90.6,69.4,50.2,18.5,15.9,15.8
20260630,マジックローズ,100.9,80.3,58.9,20.8,19.7,18.4
20260630,メイショウキルギス,95.2,75.6,55.0,19.6,18.2,17.2
20260630,エイコーンドリーム,98.2,75.6,54.6,19.4,17.8,17.4
20260630,シュタルク,84.7,63.6,46.2,16.9,14.6,14.7
20260630,ブルボンクイーン,100.3,76.1,55.5,19.2,17.9,18.4
20260630,ブルボンクイーン,85.5,68.2,50.6,17.0,16.7,16.9
20260630,ハレアカラフラ,100.0,75.5,54.2,19.9,17.4,16.9
20260630,シャリキモン,90.0,68.1,49.7,18.1,15.8,15.8
20260630,ハレアカラフラ,66.0,51.7,37.3,13.4,12.2,11.7
20260630,ウインガウェイン,71.4,55.4,39.0,15.3,12.6,11.1
20260630,ウィモウェ,72.6,56.4,39.6,15.5,12.8,11.3
20260630,メイショウブレゲ,110.5,75.8,54.3,19.1,17.9,17.3
20260630,スマイルスルー,102.8,78.6,56.1,19.9,18.3,17.9
20260630,インザモーメント,81.4,64.1,47.1,16.4,15.7,15.0
20260630,ブルックリンダンス,81.8,64.4,46.9,16.0,15.7,15.2
20260630,ザハント,86.9,68.8,50.6,17.3,16.3,17.0
20260630,ジャスパーグレイト,100.9,80.1,61.0,21.3,20.6,19.1
20260630,ムスクレスト,112.2,82.9,60.3,21.0,19.9,19.4
20260630,ロングジーニアス,83.3,65.5,47.4,16.7,15.4,15.3
20260630,パトローナス,83.6,66.1,48.0,17.2,15.5,15.3
20260630,テイエムローズダン,84.8,67.6,50.0,17.1,16.8,16.1
20260630,ジャスティンガルフ,96.4,72.5,52.3,18.5,17.4,16.4
20260630,ラルヴァンダード,107.5,83.5,62.4,21.5,20.6,20.3
20260630,ダノンチャンピオン,106.8,82.7,62.2,21.3,20.6,20.3
20260630,レッドダンルース,99.1,77.7,57.0,19.6,18.9,18.5
20260630,レッドラージャ,81.2,63.0,45.5,16.2,14.7,14.6
20260630,アメジストブリエ,87.3,70.4,52.7,17.8,17.8,17.1
20260630,ラルヴァンダード,89.1,69.8,50.6,17.7,16.0,16.9
20260630,ダノンチャンピオン,88.1,68.3,49.1,17.2,15.4,16.5
20260630,アンコ,109.8,91.1,70.9,23.6,23.2,24.1
20260630,ライトオブヌカタ,,228.8,170.4,58.1,56.1,56.2
20260630,ピオニエーレ,84.2,66.3,47.9,17.0,15.7,15.2
20260630,リザレクティア,87.3,69.2,50.1,18.0,16.2,15.9
20260630,ルディック,94.1,74.2,54.4,18.9,18.0,17.5
20260630,イマージョン,94.0,73.9,54.2,18.6,18.2,17.4
20260630,アンリミテッド,93.9,73.8,54.1,18.8,18.0,17.3
20260630,グッドピース,94.1,74.1,54.4,18.8,18.2,17.4
20260630,ウィクフォード,94.1,74.0,54.3,18.7,18.2,17.4
20260630,ブックオブケルズ,93.9,74.0,54.3,18.8,18.1,17.4
20260630,プリンキピッサ,93.9,73.9,54.0,18.6,18.0,17.4
20260630,ライトオブヌカタ,121.3,92.5,68.2,24.1,22.1,22.0
20260630,サイモンゼスト,91.7,69.9,51.0,17.7,16.8,16.5
20260630,エンルートフライト,94.0,72.7,52.7,18.9,17.0,16.8
20260630,ピースインサイト,94.0,72.7,52.8,18.9,17.2,16.7
20260630,クリノオリーブ,85.6,68.8,50.8,17.2,17.1,16.5
20260630,ピンクパンサー,103.5,77.7,56.0,20.3,18.7,17.0
20260630,オブシディアーナ,84.8,66.3,48.4,17.1,16.0,15.3
20260630,モズナイスバディー,87.8,66.4,48.3,16.9,14.9,16.5
20260630,アシャカブラーヴ,91.7,71.9,52.1,18.6,16.8,16.7
20260630,セイフウサツキ,87.5,68.9,50.2,17.8,16.3,16.1
20260630,レイワノキセキ,94.4,75.0,55.9,19.5,18.7,17.7
20260630,トータルクラリティ,86.4,66.2,48.5,16.9,15.9,15.7
20260630,イザショウブ,89.1,70.6,51.6,18.4,16.8,16.4
20260630,レアアース,87.6,69.4,50.1,18.2,16.1,15.8
20260630,トゥデイイズザデイ,90.8,68.8,49.3,19.1,16.2,14.0
20260630,ヴァレッタカズマ,105.6,84.4,62.2,22.3,21.1,18.8
20260630,サンロンブル,136.5,106.7,81.4,24.3,27.6,29.5
20260630,フェルヴェンテ,86.3,68.0,50.3,17.2,16.6,16.5
20260630,アマキヒ,85.6,66.0,48.3,16.4,16.0,15.9
20260630,ナブッコ,93.0,72.1,52.4,18.8,17.1,16.5
20260630,マイネルブラントン,114.3,88.2,64.3,21.7,21.2,21.4
20260630,ハッピーダンチャン,85.0,66.7,48.7,17.7,15.9,15.1
20260630,オモイヲノセテ,85.1,67.5,48.7,17.2,16.1,15.4
20260630,マーチンゲール,89.2,68.7,48.4,17.5,15.3,15.6
20260630,エトワールブーケ,82.3,64.6,46.7,16.5,15.2,15.0
20260630,マイネルホウセン,94.2,73.8,53.7,19.1,17.2,17.4
20260630,サトノロザリー,91.8,68.8,48.5,17.1,15.6,15.8
20260630,トラゲット,98.1,78.4,58.4,19.5,19.5,19.4
20260630,リーベラーリア,84.8,67.3,49.0,17.8,15.4,15.8
20260630,アンドヴェローナ,87.0,69.3,50.7,17.4,16.7,16.6
20260630,ヒーローインチーフ,66.3,51.7,36.4,13.7,11.4,11.3
20260630,ペイシャヴァルツー,69.8,56.0,41.5,13.7,13.2,14.6
20260630,ワンダーサイファー,123.6,85.2,60.3,22.5,19.2,18.6
20260630,マスアンジュ,72.5,56.3,40.5,14.8,13.1,12.6
20260630,アマリス,94.5,73.5,54.5,18.6,18.7,17.2
20260630,ミール,93.7,73.2,54.4,18.3,18.8,17.3
20260630,ﾎｰﾑｶﾐﾝｸﾞの24,90.8,71.0,51.8,18.5,16.9,16.4
20260630,アンバーライト,120.6,82.7,57.7,20.9,18.4,18.4
20260630,アサカラゴキゲン,91.3,71.1,52.0,18.5,17.0,16.5
20260630,コージ,90.8,70.9,51.8,18.5,16.9,16.4
20260630,クーデール,90.0,71.4,52.3,18.7,16.9,16.7
20260630,リアライズセレスト,85.5,65.9,48.0,16.3,15.7,16.0
20260630,ラブアイミー,127.3,103.2,76.4,26.5,25.4,24.5
20260630,カルロット,91.9,70.0,50.7,18.8,16.4,15.5
20260630,ガストン,174.3,113.4,80.3,28.7,25.4,26.2
20260630,メイショウケンゴウ,88.4,69.2,50.2,18.4,16.0,15.8
20260630,スイートリディア,88.5,69.2,50.3,18.4,16.1,15.8
20260630,レジェンディーヴァ,88.8,69.6,50.6,18.4,16.0,16.2
20260630,ミッキーラヴィータ,84.6,67.0,48.5,17.3,15.8,15.4
20260630,ジュンプリメーロ,144.8,116.1,86.0,29.8,29.1,27.1
20260630,ウインラウダ,87.1,68.1,49.4,18.1,15.8,15.5
20260630,スクワミッシュ,86.9,68.0,49.4,18.1,15.8,15.5
20260630,ルーチェブリラーレ,104.0,81.1,59.1,20.6,19.8,18.7
20260630,ベルコート,104.2,81.4,59.5,20.7,19.9,18.9
20260630,オールセインツ,92.9,68.6,51.0,18.4,16.3,16.3
20260630,レッドタイラント,90.7,67.6,50.6,18.2,16.6,15.8
20260630,ファルカータ,124.8,74.2,53.6,19.3,17.7,16.6
20260628,バードウォッチャー,77.0,59.6,42.7,16.5,14.4,11.8
20260628,マスカレードボール,70.3,54.5,39.7,13.9,13.2,12.6
20260628,イモータリス,70.3,54.7,39.8,13.8,13.2,12.8
20260628,コトブキヘスペラス,76.6,59.5,42.9,15.0,13.9,14.0
20260628,メアヴィア,70.8,53.6,38.1,13.5,12.4,12.2
20260628,マイネルラビリンス,71.4,54.4,38.6,14.0,12.7,11.9
20260628,ブレイクフォース,69.8,53.3,38.2,13.3,12.5,12.4
20260628,ショウナンラリー,71.2,54.9,39.8,14.8,13.1,11.9
20260628,アロンズロッド,,54.0,37.9,14.2,12.5,11.2
20260628,エターナルシルバー,70.8,54.3,39.2,13.8,12.7,12.7
20260628,コスモアンソロジー,70.0,54.6,39.8,14.2,13.3,12.3
20260628,ベアアッコチャン,79.0,57.5,41.6,15.0,14.1,12.5
20260628,グラティアム,73.3,56.3,40.8,14.5,13.4,12.9
20260628,エレスレイプニル,86.1,64.4,46.7,15.7,15.6,15.4
20260628,ベアベルヴォワ,79.2,57.6,41.5,14.6,14.0,12.9
20260628,ジャガード,68.9,53.0,37.9,14.2,12.2,11.5
20260628,ユキマル,73.7,57.6,42.0,14.7,13.7,13.6
20260628,セイウンデセオ,66.0,50.4,36.3,13.3,12.0,11.0
20260628,アスクナイスショー,70.4,53.6,38.9,14.2,12.6,12.1
20260628,メリークリスマス,71.1,55.3,40.7,13.9,13.5,13.3
20260628,ホノボノ,73.9,57.6,42.0,14.5,13.8,13.7
20260628,オーケーグリット,71.9,55.2,39.4,15.0,12.9,11.5
20260628,トリエンナーレ,,55.7,40.5,14.6,12.6,13.3
20260628,サクセスボーイ,72.6,55.8,40.3,15.1,13.3,11.9
20260628,モンサンアミュザン,71.9,54.0,38.8,13.6,12.6,12.6
20260628,ブルーリボン,74.2,57.5,41.7,14.4,13.6,13.7
20260628,マイネルカピラリス,73.0,55.2,39.5,13.9,13.1,12.5
20260628,グラスクラージュ,73.4,55.6,39.6,14.0,13.1,12.5
20260628,タシット,74.3,58.0,41.3,15.0,13.5,12.8
20260628,トゥラッタッタ,73.5,57.4,41.4,15.0,13.2,13.2
20260628,ヒットアンドロール,,56.5,39.3,14.9,12.6,11.8
20260628,フレッシュラン,75.8,58.9,43.1,15.5,14.1,13.5
20260628,フィールドノート,75.0,58.8,43.4,15.2,14.4,13.8
20260628,マンモスホームラン,75.6,59.8,44.0,15.5,14.3,14.2
20260628,ノーブルクラウド,71.6,55.0,39.6,14.3,13.5,11.8
20260628,ノーブルスアーク,75.4,58.2,42.4,15.3,13.5,13.6
20260628,アンセートゥモダン,71.7,53.2,38.2,14.3,12.4,11.5
20260628,グラスアロー,75.5,59.7,44.6,15.0,14.8,14.8
20260628,フェルミアーク,,56.5,40.2,15.0,12.8,12.4
20260628,カシノスワッグ,69.9,53.8,38.7,14.1,12.5,12.1
20260628,サンヴァンガード,74.9,59.6,44.1,15.6,14.6,13.9
20260628,ヤマニンスペッキオ,,55.5,38.8,14.5,12.6,11.7
20260628,エーオープリマ,70.9,54.6,39.0,14.1,13.2,11.7
20260628,ミクニルミナス,,55.5,38.7,14.4,12.6,11.7
20260628,ニシキギミッチー,72.8,55.2,39.5,14.6,13.1,11.8
20260628,サトミノエンジェル,72.2,54.7,39.0,14.4,12.8,11.8
20260628,ルージュスティーズ,67.4,52.1,37.9,13.1,12.8,12.0
20260628,ハッピースーニャ,70.6,54.3,38.9,14.4,13.0,11.5
20260628,ネオアンボウ,70.5,54.9,39.1,14.2,12.9,12.0
20260628,シルクドマルス,68.4,53.2,38.2,13.9,12.3,12.0
20260628,ベールダウン,69.1,53.9,38.7,13.9,12.8,12.0
20260628,マイネルシンベリン,69.3,54.0,39.3,14.5,13.0,11.8
20260628,ヴォンサクレ,72.8,56.5,41.3,14.3,13.6,13.4
20260628,トップオブザキング,80.9,62.6,45.5,16.3,15.0,14.2
20260628,マイネルリーヒム,69.6,54.3,39.6,14.5,13.1,12.0
20260628,チャンピオンホープ,72.7,56.9,41.6,14.8,13.9,12.9
20260628,サイモンセレーノ,75.5,59.0,43.8,14.8,14.3,14.7
20260628,オウケンボルト,,66.8,47.9,17.3,15.8,14.8
20260628,フォルテム,71.0,53.5,38.2,14.6,12.5,11.1
20260628,フランシスガリバー,72.4,54.9,38.6,15.0,12.6,11.0
20260628,ハルカオル,71.9,54.8,39.2,15.0,13.2,11.0
20260628,モウエエデショー,71.5,55.9,41.4,14.4,13.8,13.2
20260628,ヤマタケゲンジ,72.1,56.4,41.9,14.3,13.9,13.7
20260628,ステラルミノーザ,73.6,55.9,39.5,15.1,12.8,11.6
20260628,ブリッツアロング,73.5,57.1,41.5,14.7,13.8,13.0
20260628,カーヌスティ,73.2,56.2,40.3,15.0,13.2,12.1
20260628,アグネスクレスト,68.2,53.9,39.7,14.3,13.0,12.4
20260628,ブルーブロディ,71.1,53.9,38.2,14.4,12.6,11.2
20260628,ピースフルマインド,71.5,54.3,38.6,14.5,12.8,11.3
20260628,パワポケグッド,74.0,57.0,41.0,15.4,13.2,12.4
20260628,アンデルストープ,72.3,56.0,40.8,15.2,13.2,12.4
20260628,パワポケウォーズ,73.8,56.9,40.7,15.4,13.2,12.1
20260628,フラムリンガム,71.8,56.0,40.9,15.2,13.8,11.9
20260628,ランドスター,68.0,53.2,38.4,14.2,12.9,11.3
20260628,ポッドロワール,,72.0,49.7,18.8,16.4,14.5
20260628,ヒロイックヴァース,73.5,56.8,41.5,14.3,13.6,13.6
20260628,イセッセイ,79.6,61.7,44.2,16.0,14.5,13.7
20260628,ディマイザキッド,68.7,53.4,38.3,14.2,12.5,11.6
20260628,ソアサージュ,73.6,56.9,41.7,15.1,13.8,12.8
20260628,マイネルアルゴー,69.9,54.2,38.9,14.4,12.8,11.7
20260628,ローグアン,73.0,56.5,42.0,14.1,13.9,14.0
20260628,モミスケ,,66.5,48.8,17.0,15.8,16.0
20260628,ホウオウビスケッツ,75.1,58.6,42.9,15.0,14.2,13.7
20260628,クロドラバール,72.6,56.3,40.9,15.0,13.8,12.1
20260628,ペプロス,76.2,57.6,40.6,14.1,13.7,12.8
20260628,カラマティアノス,71.4,55.0,39.2,14.6,12.9,11.7
20260628,ゼンダンタカ,87.6,68.4,49.4,17.7,16.2,15.5
20260628,ブレゲアン,88.6,69.8,50.8,17.9,17.0,15.9
20260628,フロンテアムーン,71.8,55.4,39.9,15.0,13.2,11.7
20260628,スティールヴォーグ,87.8,69.0,50.6,17.9,16.5,16.2
20260628,ニシノトマラナイ,75.7,57.4,40.2,14.0,13.5,12.7
20260628,ホウオウライラック,70.9,55.3,39.5,14.8,12.4,12.3
20260628,セイウンリリーナ,,75.0,54.7,19.6,18.1,17.0
20260628,ライングラウス,,72.7,51.7,18.8,17.0,15.9
20260628,レディリリス,71.5,56.6,40.9,14.7,13.7,12.5
20260628,ヨーゼフ,74.3,58.2,43.1,15.2,14.4,13.5
20260628,ケファロニア,72.7,56.5,40.8,15.0,14.0,11.8
20260628,レッドカメリア,70.6,54.3,39.5,14.2,12.9,12.4
20260628,アイアムユウシュン,84.7,67.0,49.5,16.7,16.5,16.3
20260628,ケルピー,90.2,71.3,52.7,18.5,17.7,16.5
20260628,アルスラーン,70.9,55.1,40.3,14.3,13.5,12.5
20260628,メイショウコバト,64.0,49.8,36.8,12.4,12.2,12.2
20260628,エポカスピーガ,83.0,62.6,43.6,15.2,14.2,14.2
20260628,クレオズニードル,71.5,56.9,42.2,14.5,14.1,13.6
20260628,デルマジュテーム,69.8,54.3,39.5,14.0,13.0,12.5
20260628,ヨシヒロ,71.2,53.6,38.5,14.5,12.7,11.3
20260628,ダイユウサルターレ,,56.1,40.6,14.5,14.0,12.1
20260628,モルトマエストーソ,70.5,55.8,40.4,15.1,13.6,11.7
20260628,サフランルージュ,72.6,56.5,41.3,14.6,13.7,13.0
20260628,ココラッシー,68.1,52.2,37.6,13.6,12.4,11.6
20260628,ジュネストレイル,71.6,54.8,39.0,14.6,12.7,11.7
20260628,エクスマキナ,71.2,54.6,38.8,14.5,12.6,11.7
20260628,ラッパースヴィル,74.4,57.5,41.6,15.0,13.6,13.0
20260628,ダンシングアワー,72.7,56.1,40.7,14.0,13.5,13.2
20260628,ルージュロマーナ,92.3,72.1,52.5,18.3,16.9,17.3
20260628,ラプユフラット,73.2,56.6,41.0,14.3,13.6,13.1
20260628,リベラリズモ,72.4,55.7,40.5,13.9,13.5,13.1
20260628,ニューロファイター,,55.0,38.9,14.5,13.3,11.1
20260628,マリノリュミエール,,58.3,42.9,14.6,14.1,14.2
20260628,トレベルオール,71.3,56.1,41.2,14.9,13.7,12.6
20260628,トーアモルペウス,72.4,56.9,41.5,15.0,13.7,12.8
20260628,ラヴアンドライク,89.3,70.3,51.6,17.2,15.7,18.7
20260628,コンヴァージョン,85.0,66.7,48.8,17.0,16.4,15.4
20260628,エーデルクラフト,72.0,56.8,41.4,14.7,13.7,13.0
20260628,バーヴァンシー,,59.1,42.7,14.4,14.4,13.9
20260628,シルバーアックス,,58.5,41.5,15.1,13.3,13.1
20260628,ミュージックレイン,,58.7,43.0,14.4,14.6,14.0
20260628,スウィフトミモザ,71.7,56.2,41.2,14.9,13.4,12.9
20260628,ハルオーブ,68.5,52.9,38.3,13.8,12.9,11.6
20260628,エーオーキング,71.9,56.2,41.0,14.5,13.7,12.8
20260628,ノーブルグランツ,70.8,55.0,39.8,14.8,13.3,11.7
20260628,ハビレ,68.5,54.3,40.5,13.8,13.1,13.6
20260628,フォンデネージュ,74.1,58.1,42.2,15.1,13.8,13.3
20260628,エメラルファイン,73.3,58.5,43.8,15.2,14.5,14.1
20260628,グランフィエスタ,93.4,73.1,53.5,18.0,17.8,17.7
20260628,アースミューズ,71.4,56.7,41.6,14.5,13.7,13.4
20260628,エレガントステップ,71.6,57.1,42.5,15.0,13.6,13.9
20260628,アシャカルッカ,77.1,59.9,43.6,16.0,14.3,13.3
20260628,ラフエルガ,76.5,59.3,43.2,15.7,14.1,13.4
20260628,カネショウレジェン,87.3,68.6,50.1,18.8,16.1,15.2
20260628,ダイユウルミナス,89.4,70.1,51.3,18.3,16.8,16.2
20260628,ミセスジョーンズ,89.2,69.8,50.9,18.0,16.7,16.2
20260628,ナチュラルライズ,68.7,52.3,37.1,13.5,12.3,11.3
20260628,ハルノアラシ,72.7,55.7,40.4,15.6,13.4,11.4
20260628,オーケーエース,73.4,56.3,40.6,15.6,13.6,11.4
20260628,ショウナンラスボス,70.6,55.0,39.7,14.6,13.1,12.0
20260628,ピコシー,71.3,54.0,38.2,14.8,12.1,11.3
20260628,ミリオングローリー,,59.1,43.0,16.0,13.9,13.1
20260628,アマンヘセル,,59.2,43.0,15.6,14.0,13.4
20260628,アールグレイ,,57.7,42.0,15.3,13.9,12.8
20260628,ブロークンハート,,63.8,45.6,16.6,14.8,14.2
20260628,マンウォル,,61.7,44.6,16.3,14.6,13.7
20260628,ノクターナルハント,,71.1,52.0,16.4,17.4,18.2
20260628,ボーンディスウェイ,71.8,56.3,41.3,15.4,13.9,12.0
20260628,アンコンケラブル,71.5,55.1,39.6,14.0,13.1,12.5
20260628,シュネーバレン,71.4,55.9,41.1,15.3,13.8,12.0
20260628,ワンコール,71.1,54.7,39.4,13.8,13.1,12.5
20260628,カミカクシ,69.8,54.6,40.0,14.2,13.4,12.4
20260628,ゴールドプレイヤー,68.2,53.4,39.2,14.0,12.9,12.3
20260628,ビーストウォーズ,74.4,56.5,40.6,14.5,13.1,13.0
20260628,カフェオドヴィー,68.7,53.7,39.1,13.8,12.8,12.5
20260628,サベージラヴ,71.1,54.0,38.8,14.2,12.8,11.8
20260628,アピーリングルック,71.2,55.3,40.6,14.6,13.2,12.8
20260628,イサチルシーキング,,74.6,54.1,19.2,17.8,17.1
20260628,スリーフラワー,71.0,53.8,38.6,14.2,12.7,11.7
20260628,ワンダーブリッツ,73.1,56.5,40.6,15.1,13.6,11.9
20260628,ソチミルコ,,57.2,41.8,14.8,13.9,13.1
20260628,ミスタートントン,72.7,57.1,41.9,14.7,13.9,13.3
20260628,カゼノロマン,72.2,55.8,40.1,15.0,13.3,11.8
20260628,ミセスリリー,,54.4,37.9,13.9,12.4,11.6
20260628,キリスパークル,72.7,57.6,42.4,15.1,14.0,13.3
20260628,ディープマウンテン,68.1,51.8,37.2,13.4,12.1,11.7
20260628,クラックミーアップ,68.7,52.4,37.3,13.6,12.1,11.6
20260628,ペルウィクトール,,53.7,37.8,14.4,12.3,11.1
20260628,ルクスアドラー,75.9,57.8,41.1,15.1,13.3,12.7
20260628,ジェイエルマスター,72.4,57.3,42.0,14.6,13.9,13.5
20260628,リネンタイリン,73.6,57.1,41.3,14.2,14.8,12.3
20260628,シグムンド,67.8,52.3,37.3,14.1,12.1,11.1
20260628,ストレイトトーカー,68.5,52.9,37.7,14.4,12.2,11.1
20260628,ニンジャトットリ,72.6,55.5,39.5,14.6,12.9,12.0
20260628,キューティリップ,74.9,56.4,40.6,14.7,13.2,12.7
20260628,ニシノコマチムスメ,67.6,51.9,37.6,13.2,12.5,11.9
20260628,コスモティタノ,70.2,53.6,38.6,14.5,12.4,11.7
20260628,グランレーヴ,70.3,53.7,38.7,14.5,12.4,11.8
20260628,コスモイェーガー,70.1,53.5,38.4,14.4,12.3,11.7
20260628,ヒラボクミニー,,57.2,41.1,15.5,13.3,12.3
20260628,ディーズゴールド,90.4,70.3,51.2,18.1,17.0,16.1
20260628,ハイテイラオユエ,72.1,56.2,41.6,14.2,14.2,13.2
20260628,アオイノリプー,69.8,54.1,39.1,14.2,12.8,12.1
20260628,アークレイリ,70.0,54.3,39.3,14.3,12.9,12.1
20260628,フームスムート,,64.3,46.4,17.0,15.0,14.4
20260628,ニシノギャルズ,,65.4,47.6,16.8,15.4,15.4
20260628,ショウナンタハティ,,69.6,50.4,18.3,16.3,15.8
20260628,コスモアチーブ,71.0,53.8,39.0,13.7,12.7,12.6
20260628,クムシラコ,72.0,53.5,37.5,14.1,12.3,11.1
20260628,ノブダブルホワイト,72.0,55.2,39.3,14.7,13.2,11.4
20260628,ミラクルオーラ,71.5,54.5,38.8,14.7,12.6,11.5
20260628,セイスイカルメン,74.5,58.0,42.4,14.4,13.9,14.1
20260628,リーディンアクター,70.9,53.8,38.5,14.1,12.6,11.8
20260628,エコロストーム,70.5,53.1,37.3,14.1,12.1,11.1
20260628,トム,71.2,54.3,38.5,14.7,12.3,11.5
20260628,セイウンサイフィー,92.1,72.6,53.4,19.5,17.6,16.3
20260628,コパノフラメンコ,92.1,72.6,53.4,19.5,17.6,16.3
20260628,サウンズオーサム,71.8,54.4,39.0,14.7,13.0,11.3
20260628,ホウオウスターツ,70.3,54.0,38.3,14.7,12.5,11.1
20260628,ジーティーソレイユ,79.7,56.7,37.8,15.0,11.7,11.1
20260628,ミッキーファイト,66.3,50.8,36.6,13.4,12.0,11.2
20260628,サトノビーツ,66.5,51.1,36.8,13.3,12.3,11.2
20260628,サトノトルネード,74.8,59.0,41.0,16.5,13.4,11.1
20260628,ショウナンサムデイ,71.2,54.4,38.1,14.7,12.3,11.1
20260628,ヴァイザーバルコ,69.5,54.7,39.6,14.5,13.3,11.8
20260628,クリアクォーツ,71.0,55.0,40.2,14.4,13.0,12.8
20260628,シェリアドレ,71.9,55.3,40.4,14.2,14.1,12.1
20260628,ケンブリッジ,71.7,56.4,41.9,14.9,13.7,13.3
20260628,クレイターレイク,74.1,57.4,41.7,15.0,14.1,12.6
20260628,テングカゼ,75.9,59.3,43.7,15.4,14.5,13.8
20260628,ルヴァンアレー,76.0,59.8,44.4,15.4,14.6,14.4
20260628,フッカツノジャンボ,74.4,58.1,42.6,15.0,14.2,13.4
20260628,フキョウワオン,75.4,59.7,44.2,14.7,14.6,14.9
20260628,エイシンウルクンデ,74.2,58.2,42.5,15.0,14.2,13.3
20260628,サトノドルチェ,66.6,51.7,37.8,13.5,12.4,11.9
20260628,リトルベルタ,,78.5,56.0,19.7,18.7,17.6
20260628,ブラーヴジャン,,75.6,55.1,19.7,17.9,17.5
20260628,テキサスバローズ,,59.2,43.0,15.1,14.0,13.9
20260628,ラッキースウィッチ,,60.0,43.6,15.4,14.2,14.0
20260628,アインプロージット,71.6,54.6,39.9,13.8,13.3,12.8
20260628,ファビュラススター,,67.4,48.4,17.1,16.1,15.2
20260628,ルシャルムール,71.0,54.5,38.8,14.6,12.9,11.3
20260628,サトノアンナ,,71.6,50.4,19.1,16.6,14.7
20260628,マイネルフォルツァ,72.2,55.0,39.2,14.9,12.5,11.8
20260628,ダノンロッキー,84.2,66.5,49.0,17.2,16.5,15.3
20260628,アデルフィー,73.1,56.0,40.0,14.7,13.1,12.2
20260628,エマーソンズ,87.2,67.4,49.4,16.9,16.4,16.1
20260628,フレンデル,72.7,54.7,39.0,14.6,12.9,11.5
20260628,フェリスセンダ,75.2,57.6,41.9,15.1,13.5,13.3
20260628,ダンケルド,,54.1,39.4,14.5,12.6,12.3
20260628,ブラヴィーノ,66.2,50.6,37.3,12.8,12.1,12.4
20260628,ロゼフェリシア,72.8,56.7,41.7,13.9,13.9,13.9
20260628,アルバニクス,89.0,70.4,51.3,18.2,17.0,16.1
20260628,ルージュアリスタ,,64.6,45.0,16.5,14.7,13.8
20260628,パーフェクトスノー,87.8,68.8,50.1,17.6,16.8,15.7
20260628,ジェニスタ,,69.3,49.3,17.4,16.1,15.8
20260628,デフィレドール,,69.5,49.2,17.3,16.2,15.7
20260628,ノーブルクライ,91.0,71.6,52.3,18.4,17.2,16.7
20260628,ダノンブレイズ,79.6,61.5,44.6,15.7,14.7,14.2
20260628,ナムラダックス,73.9,56.4,40.1,14.8,13.3,12.0
20260628,レッドエモーション,77.7,59.7,42.7,15.9,14.2,12.6
20260628,キミヘノメロディー,76.2,58.3,41.5,15.4,13.8,12.3
20260628,エンジャムメント,86.3,67.4,48.6,16.9,16.1,15.6
20260628,エコロブラン,93.7,74.5,55.4,19.2,18.5,17.7
20260628,ヴァルカモニカ,77.3,59.3,42.2,15.6,14.0,12.6
20260628,スーパーバイザー,71.8,56.2,40.6,14.5,13.3,12.8
20260628,タイセイスタナー,73.6,58.3,43.4,14.5,14.4,14.5
20260628,ジーティーブラック,71.0,55.3,40.3,14.4,13.2,12.7
20260628,タイセイソアリング,,67.9,49.2,17.6,16.3,15.3
20260628,フクオトコ,71.9,55.9,40.3,14.7,12.8,12.8
20260628,ドナソラーレ,66.9,51.5,37.5,12.3,11.6,13.6
20260628,カウェーカネム,78.0,61.5,45.3,15.6,15.4,14.3
20260628,スペーストラベラー,71.0,55.0,40.0,14.1,13.1,12.8
20260628,アズールドーン,70.5,54.8,39.9,14.1,13.1,12.7
20260628,ラヴァグロウ,71.9,55.7,40.4,14.2,13.2,13.0
20260628,マイネルステラート,,51.8,36.4,13.1,11.7,11.6
20260628,パッセージピーク,87.3,67.9,49.5,17.5,16.4,15.6
20260628,ビスクヴィート,95.6,74.9,54.6,19.4,17.8,17.4
20260628,コスモノーチラス,95.5,74.8,54.5,19.4,17.8,17.3
20260628,トーセンシントラ,95.6,74.8,54.5,19.3,17.9,17.3
20260628,トゥーザムーン,74.9,57.1,41.9,14.7,14.2,13.0
20260628,ファータカリーナ,84.0,65.8,48.0,17.0,16.3,14.7
20260628,マリノマーベラス,81.2,61.3,43.2,16.9,15.0,11.3
20260628,ザンシュトーム,76.2,57.5,41.9,14.8,13.9,13.2
20260628,ヤマニンリンキング,74.3,56.0,40.9,14.6,13.5,12.8
20260628,サヴマ,75.3,56.5,41.4,15.3,13.3,12.8
20260628,フェデルミエール,72.6,56.6,41.3,14.4,13.6,13.3
20260628,ハッスルダンク,71.0,56.2,41.2,15.0,13.7,12.5
20260628,エリーニック,68.2,51.7,37.0,13.4,12.3,11.3
20260628,エルミー,75.5,60.3,44.8,15.9,14.6,14.3
20260628,リアルセンター,71.3,53.6,37.7,14.3,12.4,11.0
20260628,ヴォンフレ,,61.0,44.7,15.6,14.7,14.4
20260628,リトルジャイアンツ,91.7,72.7,53.7,18.6,17.6,17.5
20260628,カウンターセブン,90.7,72.1,53.7,17.9,17.9,17.9
20260628,プラネタリーアワー,75.5,58.6,43.5,15.0,14.4,14.1
20260628,ミスティユニバンス,73.6,57.6,42.6,14.8,14.3,13.5
20260628,ジェイエルグリーン,,73.4,53.7,19.0,17.8,16.9
20260628,コスモルトチェコ,72.2,53.8,38.0,14.3,12.4,11.3
20260628,ダンツファイター,,55.1,39.6,14.3,12.9,12.4
20260628,アジアントレジャー,,56.8,41.3,15.2,13.5,12.6
20260628,ピコランド,69.6,53.6,38.5,13.7,12.7,12.1
20260628,ロードベラヴィータ,70.7,54.9,39.8,13.9,13.2,12.7
20260628,ピコテンダー,69.6,54.1,38.8,14.4,12.7,11.7
20260628,レッドアバンドーネ,69.1,53.8,38.7,14.3,12.7,11.7
20260628,カリーン,,70.0,50.3,18.2,16.7,15.4
20260628,ラパンチュール,,67.9,48.8,16.2,15.8,16.8
20260628,サンタピア,69.5,55.5,41.4,14.2,13.7,13.5
20260628,ヴァルドルチャ,113.7,83.8,59.5,21.6,19.4,18.5
20260628,フライングビーナス,72.5,56.4,41.0,14.3,13.5,13.2
20260628,ホウオウショパン,74.0,56.5,41.9,14.4,14.9,12.6
20260628,スターマイン,74.7,57.2,42.4,14.1,14.8,13.5
20260628,ダノングローバル,74.0,56.5,41.9,14.4,14.8,12.7
20260628,バセリーナ,,54.7,39.2,13.6,13.1,12.5
20260628,タイセイドレフォン,95.0,73.7,53.3,18.7,17.7,16.9
20260628,ダノンロワール,69.6,54.6,39.5,14.0,12.7,12.8
20260628,サンデーファンデー,92.2,71.9,52.8,18.4,17.0,17.4
20260628,トッレブランカ,75.1,58.8,42.5,15.0,14.4,13.1
20260628,フライングブレード,99.5,78.5,58.1,21.2,19.0,17.9
20260628,ウイントレメンデス,70.7,54.4,38.9,14.1,13.0,11.8
20260628,ラブアイミー,68.7,53.7,38.7,14.1,12.3,12.3
20260628,キョウエイクローム,68.6,53.5,38.5,14.0,12.2,12.3
20260628,サンロンブル,160.2,123.0,90.0,32.6,31.2,26.2
20260628,タイセイドレフォン,78.9,62.0,45.2,16.1,14.5,14.6
20260628,フェンダー,192.0,148.2,107.9,37.6,36.4,33.9
20260628,ザウリ,111.2,86.1,63.7,21.8,21.2,20.7
20260628,ウインリュクス,100.7,74.9,53.5,18.8,17.7,17.0
20260628,キムタックフェイス,106.4,82.8,60.8,20.7,20.3,19.8
20260628,ステラネージュ,74.1,56.9,41.7,14.2,13.6,13.9
20260628,ロイドウェバー,73.6,56.8,41.6,14.1,13.6,13.9
20260628,ドントゥール,74.4,57.1,41.7,14.3,13.5,13.9
20260628,イチトゼロノアイダ,66.2,51.2,36.0,13.1,11.3,11.6
20260628,サンライズレマ,67.4,51.8,36.4,13.4,11.3,11.7
20260628,タロ,78.8,60.8,43.7,16.2,14.6,12.9
20260628,レットミーテイク,73.4,56.2,41.6,14.6,13.7,13.3
20260628,サンライズハリー,81.7,63.5,45.7,16.2,14.9,14.6
20260628,バチラ,72.5,55.8,39.3,14.8,12.5,12.0
20260628,サンライズケヴィン,75.2,57.9,41.1,14.9,13.1,13.1
20260628,エコロリンド,72.1,55.6,39.4,14.7,12.6,12.1
20260628,マカロンブルー,77.6,58.2,40.7,15.5,13.1,12.1
20260628,サフィラ,95.2,74.3,53.4,19.5,17.6,16.3
20260628,ピエナオルカ,80.9,62.6,44.0,17.3,15.0,11.7
20260628,プロスト,78.5,61.6,45.2,15.4,14.9,14.9
20260628,ユナダイヤ,72.1,53.0,37.1,13.7,11.7,11.7
20260628,アンテロース,78.2,58.1,40.1,14.8,12.6,12.7
20260628,ケンフィールド,74.7,57.3,39.9,15.1,12.5,12.3
20260628,メイショウタカネ,77.9,58.3,40.4,14.7,12.8,12.9
20260628,ジンセイ,81.9,60.1,43.3,15.5,14.4,13.4
20260628,ケイテンアイジン,79.6,61.6,44.1,15.9,14.2,14.0
20260628,フォーオール,89.9,69.7,50.6,17.8,16.6,16.2
20260628,ゴールドアーク,73.6,56.4,40.1,14.5,13.0,12.6
20260628,オーケーエンジェル,68.9,53.7,38.9,14.1,12.5,12.3
20260628,フチサンチャチャ,72.9,56.3,40.3,14.8,13.2,12.3
20260628,アスクヴォルテージ,72.3,54.4,39.8,13.4,12.3,14.1
20260628,バレンシア,70.9,55.7,40.2,14.7,12.8,12.7
20260628,アメリカンビヨンド,69.7,52.3,37.7,13.2,12.4,12.1
20260628,コズミックフレア,107.7,78.3,54.2,20.1,17.5,16.6
20260628,マテンロウルクス,73.7,55.2,39.1,14.1,12.5,12.5
20260628,アシャカブラーヴ,85.4,66.4,48.2,17.0,15.3,15.9
20260628,ユメハハテシナク,77.9,60.6,43.7,15.5,13.5,14.7
20260628,ラムジェット,65.3,50.4,36.0,13.2,11.2,11.6
20260628,マリナーヴァレイ,78.2,60.3,43.8,16.1,14.2,13.5
20260628,シャリキモン,99.4,75.9,54.6,20.4,17.6,16.6
20260628,ペイシャトサモア,91.2,69.6,50.0,18.6,16.2,15.2
20260628,マスアンジュ,105.3,79.6,57.2,20.5,18.8,17.9
20260628,ルマンサルト,95.8,71.4,50.0,18.4,16.1,15.5
20260628,ウインガウェイン,90.9,69.6,49.9,18.5,16.2,15.2
20260628,エクスマウス,73.6,58.3,41.8,15.8,13.5,12.5
20260628,ミッキーラヴィータ,82.6,65.4,47.6,16.9,15.5,15.2
20260628,ハヤテノツバサ,72.0,54.6,38.1,13.8,12.2,12.1
20260628,ランフォーヴァウ,72.4,55.4,38.9,14.5,12.4,12.0
20260628,キーガッツ,73.3,55.2,38.7,14.0,12.3,12.4
20260628,チュオンソン,98.7,72.1,50.9,18.7,16.2,16.0
20260628,デルマヨシノ,85.5,65.0,46.5,17.2,15.1,14.2
20260628,サトノライトニング,73.0,56.2,40.2,14.7,13.2,12.3
20260628,ショルタメンテ,72.9,56.1,40.1,14.7,13.1,12.3
20260628,メイショウコハル,66.9,51.9,37.5,13.2,12.1,12.2
20260628,イテルム,72.7,55.8,39.7,14.3,13.1,12.3
20260628,リカンカブール,89.5,67.4,48.9,17.3,15.8,15.8
20260628,ベラジオリン,115.1,92.0,68.2,23.1,22.6,22.5
20260628,ウインポセイドン,84.1,64.3,46.4,16.3,15.0,15.1
20260628,センツブラッド,73.8,55.6,39.2,14.5,12.7,12.0
20260628,ロードハイエンド,83.7,64.2,46.6,16.4,15.0,15.2
20260628,エルドボルグ,73.3,55.1,38.6,14.2,12.4,12.0
20260628,コウセキ,72.3,54.9,38.5,14.3,12.1,12.1
20260628,タガノアルトゥーラ,84.9,66.9,48.6,17.8,15.7,15.1
20260628,シャンデリュイーズ,75.0,55.8,40.0,14.6,13.2,12.2
20260628,ムーンリットビーチ,74.2,59.3,43.9,15.0,14.4,14.5
20260628,クラヴァンス,72.2,55.3,39.4,14.8,13.2,11.4
20260628,キャプテンシー,94.1,72.8,52.8,19.5,17.4,15.9
20260628,メイショウナルカミ,87.6,69.7,52.2,16.8,17.2,18.2
20260628,エアフォースワン,73.3,57.8,42.7,14.6,14.0,14.1
20260628,シュタルク,85.5,67.9,50.2,17.1,16.8,16.3
20260628,ピオニエーレ,87.8,68.9,49.6,17.6,16.0,16.0
20260628,リアルペガサス,94.5,73.3,53.9,18.9,17.7,17.3
20260628,ヴァカンツァ,85.5,67.1,48.3,17.2,15.6,15.5
20260628,デュガ,274.5,220.7,165.8,56.5,52.2,57.1
20260628,アンクルクロス,79.8,59.5,40.3,16.4,12.1,11.8
20260628,ボビーザグレート,74.3,57.3,40.4,15.4,12.9,12.1
20260628,ブレイクアウェイ,281.9,222.0,164.8,56.2,55.1,53.5
20260628,ベラジオパンテーラ,281.8,222.8,165.4,56.3,55.2,53.9
20260628,シャンドラファール,83.6,65.4,47.6,17.1,15.4,15.1
20260628,ブレイクアウェイ,144.7,113.2,82.8,28.0,28.5,26.3
20260628,ベラジオパンテーラ,144.5,113.0,82.7,27.9,28.7,26.1
20260628,タイセイフリーデン,73.6,57.8,42.2,14.9,14.0,13.3
20260628,ブルーマッキンジー,75.5,58.0,41.6,15.3,13.6,12.7
20260628,ハヤテノオジョー,76.5,55.1,37.3,14.0,11.7,11.6
20260628,インティサール,79.7,57.7,41.6,14.7,14.1,12.8
20260628,メイショウキンタイ,84.5,66.0,48.0,16.1,15.8,16.1
20260628,ウォーターガーベラ,68.6,52.7,37.4,14.3,11.9,11.2
20260628,アンティスマ,70.3,53.8,38.3,14.6,12.5,11.2
20260628,ララララブソング,69.6,54.3,39.0,14.1,12.4,12.5
20260628,ポッドロゴ,70.3,53.6,38.1,13.5,12.4,12.2
20260628,フィエールシャンテ,86.8,68.0,50.0,18.0,16.6,15.4
20260628,リザレクティア,83.4,64.4,45.8,17.3,15.1,13.4
20260628,ドットカモン,71.3,55.7,40.5,14.6,13.1,12.8
20260628,ローザベッラ,70.2,53.6,38.0,14.3,12.0,11.7
20260628,タガノカハンカ,70.2,53.7,38.0,14.3,12.0,11.7
20260628,ティエルニート,79.5,60.9,43.5,16.1,14.2,13.2
20260628,シークレットキー,92.0,74.0,54.5,19.0,17.7,17.8
20260628,メイショウザンゲツ,98.2,76.5,54.9,19.9,18.1,16.9
20260628,モアリジット,92.1,72.6,53.4,18.2,17.5,17.7
20260628,モアリジット,76.6,60.0,43.3,15.1,14.3,13.9
20260628,ミッキーヌチバナ,71.3,54.9,38.7,14.3,12.1,12.3
20260628,トーアライデン,68.2,52.8,38.0,13.8,11.9,12.3
20260628,ゼットエイト,71.4,55.4,40.5,14.0,13.4,13.1
20260628,テイエムプレミラン,72.0,55.5,40.7,13.9,13.5,13.3
20260628,コスモルミナ,73.5,57.3,42.5,14.6,14.1,13.8
20260628,タマモナポリ,106.3,77.9,55.0,20.1,17.7,17.2
20260628,ルパピヨンブラン,76.7,58.3,42.4,15.0,13.8,13.6
20260628,ジュンライデン,74.9,59.4,42.9,15.7,13.2,14.0
20260628,ダノンワンダー,69.2,53.6,38.0,14.2,12.0,11.8
20260628,サトノグロリア,69.4,54.0,38.2,14.3,12.0,11.9
20260628,トーアウィリアム,85.4,67.6,49.7,17.3,16.5,15.9
20260628,スラッシュ,88.2,65.7,46.8,16.4,15.2,15.2
20260628,インザモーメント,87.5,68.9,50.2,17.9,16.2,16.1
20260628,ブルックリンダンス,87.4,68.9,50.0,17.6,16.4,16.0
20260628,ジーティーアダマン,239.9,188.2,140.3,42.3,44.0,54.0
20260628,ロードディグニティ,88.7,68.3,49.4,17.6,16.3,15.5
20260628,ジーティーアダマン,141.4,107.5,77.6,27.3,25.9,24.4
20260628,ラインメテオラ,139.9,111.4,83.8,27.7,28.0,28.1
20260628,ダーコ,139.9,111.5,84.0,27.8,28.1,28.1
20260628,マーシーラン,78.2,61.0,43.5,16.1,14.0,13.4
20260628,ヤマニンブークリエ,98.7,77.8,58.1,19.7,18.9,19.5
20260628,ナムラエイハブ,109.4,85.2,62.8,21.9,21.0,19.9
20260628,クリノオリーブ,85.5,68.2,50.1,17.5,16.6,16.0
20260628,サイモンゼスト,95.3,73.1,53.1,18.3,17.3,17.5
20260628,サイモンシュバリエ,88.5,67.0,49.0,17.0,16.1,15.9
20260628,ジャスティンガルフ,87.1,65.4,47.4,16.3,15.7,15.4
20260628,ヴェロクオーレ,93.7,67.9,49.1,17.2,16.3,15.6
20260628,マイネルブラントン,107.1,81.7,59.1,21.2,18.7,19.2
20260628,モズナイスバディー,76.5,56.5,40.3,14.8,12.8,12.7
20260628,ヴェストラン,80.1,62.0,45.1,15.5,14.5,15.1
20260628,オーケーキュート,68.1,51.8,36.8,13.5,11.6,11.7
20260628,ドットクルー,79.6,62.8,46.1,16.0,14.8,15.3
20260628,リメンバーヒム,69.2,53.9,38.1,14.5,11.7,11.9
20260628,ジュンヴァッテッド,69.1,53.7,37.9,14.2,11.7,12.0
20260628,ウインロズパレード,80.3,60.9,43.3,15.7,13.5,14.1
20260628,ウィモウェ,87.5,66.9,48.3,17.6,15.4,15.3
20260628,ハレアカラフラ,92.6,69.8,49.3,18.2,15.5,15.6
20260628,ゴーツウキリシマ,76.2,58.9,42.6,14.6,13.7,14.3
20260628,テスティモーネ,82.9,65.0,46.7,16.3,14.7,15.7
20260628,ブルボンクイーン,103.3,78.2,56.4,19.8,17.9,18.7
20260628,ブルボンクイーン,86.3,67.8,49.8,17.3,16.6,15.9
20260628,マーチンゲール,95.1,71.4,50.7,18.8,16.5,15.4
20260628,スマイルスルー,68.9,53.2,38.0,14.0,11.8,12.2
20260628,マイネルメモリー,93.8,70.9,49.5,18.0,16.3,15.2
20260628,サラサキングスター,68.0,52.4,37.5,13.8,11.7,12.0
20260628,サーバルマインド,101.5,78.7,57.5,20.4,19.2,17.9
20260628,ワンダーサイファー,135.2,93.5,69.0,23.5,23.5,22.0
20260628,パラチー,120.9,97.9,71.8,21.6,24.3,25.9
20260628,アンバーライト,133.8,92.6,67.1,23.8,22.2,21.1
20260628,ガストン,143.7,86.9,62.8,23.2,20.4,19.2
20260628,タイセイグローバル,80.7,63.4,46.6,16.1,15.2,15.3
20260628,ペルフェツィオーネ,76.9,56.8,40.9,14.4,14.0,12.5
20260628,ユーダブルワン,76.3,56.3,40.3,13.8,13.5,13.0
20260628,スティルラブハー,77.1,56.9,40.9,14.4,13.7,12.8
20260628,アマキヒ,77.4,57.9,40.6,15.4,12.7,12.5
20260628,ナブッコ,92.7,71.0,51.1,18.9,16.6,15.6
20260628,ジュンプリメーロ,167.1,127.8,93.1,32.3,31.0,29.8
20260628,ウインラウダ,105.4,81.4,59.6,20.6,19.2,19.8
20260628,イグニション,72.9,55.6,39.7,15.0,13.0,11.7
20260628,テイエムローズダン,71.9,54.3,37.8,14.1,11.8,11.9
20260628,ファルカータ,100.4,64.8,46.3,17.2,14.8,14.3
20260628,ザハント,87.9,69.1,50.2,17.7,16.7,15.8
20260628,レインインザスカイ,86.9,68.9,50.8,18.3,17.1,15.4
20260628,ジョリープリュム,88.3,69.9,51.3,17.9,16.8,16.6
20260628,ジーティーアンバー,88.2,70.1,51.6,18.2,16.9,16.5
20260628,ジョルティーニ,88.3,69.6,50.8,17.9,17.0,15.9
20260628,レッドダンルース,70.4,54.3,38.3,14.7,11.9,11.7
20260628,メイショウフレア,88.1,69.6,50.8,18.5,16.7,15.6
20260628,ランゲ,88.3,69.7,50.8,18.4,16.6,15.8
20260628,ﾒｲｼｮｳﾏﾝｻｸの24,88.5,69.7,50.9,18.5,16.7,15.7
