レースID(新),日付S,曜日,場所,開催,R,レース名,クラス名,芝・ダート,距離,コース区分,コーナー回数,馬場状態(暫定),天候(暫定),フルゲート頭数,発走時刻,性別限定,重量種別,年齢限定
2026060605030102,2026.6.6,土,東京,3東1,2,,未勝利,ダート,1600,,2,稍,曇,16,10:40,牝,馬齢,３歳
枠番,B,番,馬名S,性別,年齢,馬体重,増減,馬体重増減,人気, 単勝,ZI印,ZI,ZI順,斤量,減M,替,騎手,所属,調教師,父,母父,父タイプ,母父タイプ,月,日,開催,前走間隔,ﾚｰｽ名･1走前,芝・ダ,距離,馬場状態,B,騎手,斤量,減,人気,単勝オッズ,着順,着差,マイニング順位,通過順1,2,3,4,Ave-3F,上り3F,上3F順位,1(2)着馬
1,,1,ラショナルポイント,牝,3,474,  0,0,1,1.8, ,116,2,55,,,横山武史,(美),大竹正博,ダノンキングリー,"Awesome Gambler",,ネイティヴダンサー系,3,15,2中6,15,未勝利・牝,ダ,1800,良,,横山,55.0,,6,11.3,2,0.0,4,2,2,2,1,38.00,39.5,3,スターサンサルー
1,B,2,ビレッジルイーザ,牝,3,446,  0,0,5,22.4, ,112,4,55,,*,丹内祐次,(美),伊藤圭三,ノーブルミッション,"Street Cry",,ネイティヴダンサー系,5,17,2東8,9,未勝利・牝,ダ,1600,良,B,ディ,55.0,,5,8.1,2,1.1,6,,,2,2,36.42,39.1,8,ミライヘノティアラ
2,,3,アジュアカレンツ,牝,3,442,  0,0,4,16.1, ,110,5,55,,,ディー,(美),西田雄一,ダノンレジェンド,パイロ,,ナスルーラ系,5,10,2東6,4,未勝利,ダ,1400,良,,ディ,55.0,,4,15.3,4,0.3,4,,,6,5,36.83,37.5,4,フルールサシェ
2,,4,ダイユウヴェンティ,牝,3,430,  0,0,11,106.7, , 87,13,55,,*,菊沢一樹,(美),松永康利,サートゥルナーリア,サクラバクシンオー,,ナスルーラ系,5,16,2東7,2,未勝利・牝,芝,2000,良,,田辺,55.0,,8,40.5,12,0.9,1,,7,6,8,37.20,34.4,12,カンティーナ
3,,5,コーリンクレア,牝,3,446,+ 4,+ 4,7,39.2, ,108,6,55,,,石橋脩,(美),小野次郎,マテラスカイ,トーセンダンス,,ロイヤルチャージャー系,5,17,2東8,2,未勝利・牝,ダ,1600,良,,石橋,55.0,,1,3.6,10,2.4,5,,,5,5,36.72,39.9,10,ミライヘノティアラ
3,,6,カグヤヒメ,牝,3,458,,,6,28.3, ,  0,,55,,,ゴンサル,(美),加藤士津,リオンディーズ,ローエングリン,,ニアークティック系,,,,,,,,,,,,,,,,,,,,,,,,,
4,,7,デルマザオウ,牝,3,492,+ 8,+ 8,10,58.2, , 98,8,55,,,木幡巧也,(美),松山将樹,ミッキーグローリー,ハイアーゲーム,,ロイヤルチャージャー系,5,17,2東8,初,未勝利・牝,ダ,1600,良,,木幡,55.0,,12,45.8,7,2.0,14,,,11,11,37.32,38.5,6,ミライヘノティアラ
4,,8,アリストクラット,牝,3,384,+ 8,+ 8,14,267.8, , 85,15,52,▲,*,石神深道,(美),田島俊明,ダノンバラード,カジノドライヴ,,ナスルーラ系,4,19,3中8,連,未勝利,芝,2000,良,,木幡,55.0,,15,499.1,8,1.0,9,6,6,7,8,36.81,35.5,9,ウェイクフィールド
5,,9,アイアンパイク,牝,3,450,- 2,- 2,2,2.8, ,123,1,55,,,横山典弘,(美),村田一誠,ヘンリーバローズ,フレンチデピュティ,,ニアークティック系,5,23,2東9,2,未勝利・牝,ダ,1600,重,,横山,55.0,,2,2.9,2,0.1,1,,,3,3,36.48,37.6,7,サーロー
5,,10,アンニャンクッキー,牝,3,456,  0,0,9,55.2, , 94,11,55,,,原優介,(美),黒岩陽一,ワールドプレミア,キングズベスト,,ネイティヴダンサー系,3,1,2中2,初,未勝利,芝,1600,良,,原優,55.0,,9,80.8,12,1.9,12,,9,8,10,36.90,36.0,13,サザンテイオー
6,,11,アテナガール,牝,3,470,+ 4,+ 4,13,145.1, , 95,9,52,▲,*,石田拓郎,(美),西田雄一,アルアイン,キャプテンスティーヴ,,その他のエクリプス系,5,24,2東A,2,未勝利,芝,1800,良,,今村,53.0,◇,10,150.8,9,1.4,11,,3,6,6,37.05,35.1,9,ルーリングクラス
6,,12,ソフィアプルーマ,牝,3,446,+ 6,+ 6,12,114.3, , 99,7,54,☆,*,長浜鴻緒,(美),上原博之,ルヴァンスレーヴ,エンパイアメーカー,,ネイティヴダンサー系,5,17,2東8,3,未勝利・牝,ダ,1600,良,,田辺,55.0,,11,34.5,6,1.9,4,,,15,14,37.50,38.1,3,ミライヘノティアラ
7,,13,タイセイルビー,牝,3,456,+ 4,+ 4,3,9.3, ,113,3,55,,*,三浦皇成,(美),千葉直人,サトノダイヤモンド,"Awesome Again",,ニアークティック系,5,17,1新6,6,未勝利・牝,ダ,1800,良,,丸山,55.0,,1,4.6,4,0.4,2,11,11,9,11,38.35,39.3,2,オーケーリアン
7,,14,リナクィーンアスク,牝,3,400,- 4,- 4,15,294.6, , 89,12,52,▲,*,小林美駒,(美),田島俊明,アスクピーターパン,ディープインパクト,,ロイヤルチャージャー系,5,2,2東3,6,未勝利・牝,ダ,1400,重,,西塚,55.0,,13,239.6,12,2.0,14,,,7,7,35.70,39.1,13,ミヤエスケープ
8,,15,ライトハウス,牝,3,478,+16,+16,8,41.5, , 95,9,55,,*,佐々木大,(美),久保田貴,ダノンスマッシュ,シンボリクリスエス,,ロイヤルチャージャー系,3,7,2中3,10,未勝利・牝,芝,2000,稍,,田辺,55.0,,12,168.9,13,1.6,8,14,14,14,16,37.84,36.4,10,サムシングスイート
8,,16,クラックアスマイル,牝,3,412,+ 2,+ 2,16,323.3, , 87,13,52,▲,,上里直汰,(美),田島俊明,マインドユアビスケッツ,"Ready's Image",,ロイヤルチャージャー系,4,12,1福2,10,未勝利・牝,ダ,1700,良,,上里,52.0,▲,15,180.2,11,2.6,10,10,11,12,11,38.67,39.4,8,エアトベーレ
レースID(新),日付S,曜日,場所,開催,R,レース名,クラス名,芝・ダート,距離,コース区分,コーナー回数,馬場状態(暫定),天候(暫定),フルゲート頭数,発走時刻,性別限定,重量種別,年齢限定
2026060605030103,2026.6.6,土,東京,3東1,3,,未勝利,ダート,1400,,2,稍(暫定),曇(暫定),16,11:10,,馬齢,３歳
枠番,B,番,馬名S,性別,年齢,馬体重,増減,馬体重増減,人気, 単勝,ZI印,ZI,ZI順,斤量,減M,替,騎手,所属,調教師,父,母父,父タイプ,母父タイプ,月,日,開催,前走間隔,ﾚｰｽ名･1走前,芝・ダ,距離,馬場状態,B,騎手,斤量,減,人気,単勝オッズ,着順,着差,マイニング順位,通過順1,2,3,4,Ave-3F,上り3F,上3F順位,1(2)着馬
1,,1,ヴェントベローチェ,牡,3,464,- 6,- 6,8,26.0, , 96,7,57,,,北村宏司,(美),勢司和浩,ダノンプレミアム,ヘニーヒューズ,,,5,10,2東6,14,未勝利,ダ,1400,良,,北村,57.0,,7,33.3,8,1.0,5,,,10,11,37.35,37.5,4,フルールサシェ
1,,2,クインズヒマワリ,牝,3,406,+ 4,+ 4,15,122.0, , 80,14,54,☆,*,長浜鴻緒,(美),和田正一,マジェスティックウォリアー,エスポワールシチー,,,4,19,1福4,7,未勝利,ダ,1150,良,,石神,52.0,▲,16,304.2,14,1.8,15,,,14,14,35.67,38.1,8,ヨドノティアラ
2,,3,ベセル,牡,3,500,+ 4,+ 4,4,11.5, , 96,7,57,,,菊沢一樹,(美),蛯名正義,シャンハイボビー,"Indygo Shiner",,ナスルーラ系,5,10,1新4,18,未勝利,ダ,1200,良,,菊沢,57.0,,5,10.9,11,1.0,7,,,7,7,35.10,38.7,12,エコログロウ
2,B,4,ロジシーザ,牡,3,488,- 2,- 2,11,50.7, , 97,6,57,,*,松岡正海,(美),古賀慎明,ドレフォン,エピファネイア,,,5,9,2東5,3,未勝利,ダ,1300,良,B,岩田,57.0,,14,180.2,6,1.6,13,,,12,9,36.69,38.5,8,ショコラキュイ
3,,5,カミカクシ,牝,3,460,- 8,- 8,5,17.6, , 96,7,55,,*,横山武史,(美),竹内正洋,アジアエクスプレス,プリサイスエンド,,ネイティヴダンサー系,3,29,1名6,初,未勝利・牝,ダ,1400,良,,吉田,55.0,,11,112.5,9,2.3,9,,,16,16,36.90,38.1,6,ルビドゥソレイユ
3,,6,ヨシウッドテール,牡,3,468,,,14,94.9, ,  0,,54,▲,,上里直汰,(美),清水英克,タリスマニック,ディープスカイ,,ロイヤルチャージャー系,,,,,,,,,,,,,,,,,,,,,,,,,
4,B,7,プリンセスダーコ,牝,3,470,+ 8,+ 8,13,83.1, , 96,7,55,,*,丹内祐次,(美),清水英克,マクフィ,ディープインパクト,,ロイヤルチャージャー系,5,10,2東6,2,未勝利,ダ,1400,良,B,原優,55.0,,9,35.6,13,2.3,9,,,6,5,36.75,39.6,14,フルールサシェ
4,,8,ジューングレイス,牝,3,450,- 4,- 4,10,45.0, , 91,11,52,▲,*,小林美駒,(美),鈴木慎太,シニスターミニスター,キンシャサノキセキ,ナスルーラ系,ロイヤルチャージャー系,2,22,1東8,2,未勝利,ダ,2100,良,,木幡,55.0,,9,179.1,11,4.6,13,9,9,9,8,39.68,39.4,12,バスキュール
5,,9,レイズレガシー,牡,3,506,+ 2,+ 2,3,6.5, ,114,1,57,,,佐々木大,(美),高柳瑞樹,ロジャーバローズ,ヤマニンセラフィム,,ロイヤルチャージャー系,5,16,2東7,2,未勝利,ダ,1300,良,,佐々,57.0,,4,10.4,3,0.3,4,,,8,8,37.46,36.0,2,アヴァランチ
5,,10,キタノシオン,牝,3,444,- 4,- 4,6,19.8, ,104,5,55,,,木幡初也,(美),本間忍,アジアエクスプレス,ハーツクライ,,ロイヤルチャージャー系,5,17,2東8,6,未勝利,ダ,1400,良,,木幡,55.0,,9,52.0,4,1.2,8,,,6,7,37.43,37.5,6,デスサイズ
6,,11,ファナティカル,牡,3,458,,,12,53.6, ,  0,,57,,,横山琉人,(美),中川公成,カリフォルニアクローム,Tiznow,,マンノウォー系,,,,,,,,,,,,,,,,,,,,,,,,,
6,,12,サトノワーグナー,牡,3,486,+ 2,+ 2,2,3.9, ,106,3,57,,,戸崎圭太,(美),斎藤誠,ロードカナロア,ディープインパクト,,ロイヤルチャージャー系,5,9,2東5,3,未勝利,ダ,1600,良,,戸崎,57.0,,3,4.6,6,1.0,6,,,1,1,36.96,37.9,9,アンシュウマト
7,,13,クラウンアバンティ,牡,3,488,+ 6,+ 6,16,130.8, , 83,13,57,,*,菅原隆一,(美),小手川準,ホークビル,キングカメハメハ,,ネイティヴダンサー系,4,12,1福2,初,未勝利,芝,1200,良,,河原,53.0,★,15,279.3,14,5.0,13,,,15,15,37.10,37.1,14,ツルノマイハシ
7,,14,エルアン,牡,3,452,- 4,- 4,7,20.2, ,105,4,57,,,小林脩斗,(美),浅利英明,アドマイヤマーズ,ディープブリランテ,,ロイヤルチャージャー系,5,17,2東8,2,未勝利,ダ,1400,良,,小林,57.0,,11,65.6,3,1.1,5,,,6,6,37.13,37.8,9,デスサイズ
8,,15,レイズテンペスト,牡,3,500,+14,+14,1,2.3, ,109,2,57,,,横山和生,(美),中川公成,カリフォルニアクローム,エンパイアメーカー,,ネイティヴダンサー系,5,9,2東5,3,未勝利,ダ,1600,良,,横山,57.0,,5,12.5,4,0.5,3,,,7,7,37.44,36.6,2,アンシュウマト
8,,16,シーズナルワーズ,牝,3,448,+ 2,+ 2,9,26.8, , 90,12,55,,*,原優介,(美),畠山吉宏,ポエティックフレア,ディープインパクト,,ロイヤルチャージャー系,4,19,1福4,11,未勝利,芝,1200,良,,菊沢,55.0,,12,60.9,9,0.8,15,,,8,10,34.70,34.5,7,リラベガ
レースID(新),日付S,曜日,場所,開催,R,レース名,クラス名,芝・ダート,距離,コース区分,コーナー回数,馬場状態(暫定),天候(暫定),フルゲート頭数,発走時刻,性別限定,重量種別,年齢限定
2026060605030104,2026.6.6,土,東京,3東1,4,,新馬,芝,1400,C,2,良(暫定),曇(暫定),18,11:40,,馬齢,２歳
枠番,B,番,馬名S,性別,年齢,馬体重,増減,馬体重増減,人気, 単勝,ZI印,ZI,ZI順,斤量,減M,替,騎手,所属,調教師,父,母父,父タイプ,母父タイプ,月,日,開催,前走間隔,ﾚｰｽ名･1走前,芝・ダ,距離,馬場状態,B,騎手,斤量,減,人気,単勝オッズ,着順,着差,マイニング順位,通過順1,2,3,4,Ave-3F,上り3F,上3F順位,1(2)着馬
1,,1,シュアシング,牝,2,436,,,6,27.1, ,  0,,55,,,石川裕紀,(美),相沢郁,ジャンダルム,ジョーカプチーノ,ロイヤルチャージャー系,ロイヤルチャージャー系,,,,,,,,,,,,,,,,,,,,,,,,,
2,,2,ラードンチェイス,牡,2,482,,,4,4.8, ,  0,,55,,,ルメール,(美),古賀慎明,モズアスコット,ゼンノロブロイ,,ロイヤルチャージャー系,,,,,,,,,,,,,,,,,,,,,,,,,
3,,3,ドルチェテソーロ,牝,2,414,,,2,3.7, ,  0,,55,,,木幡巧也,(美),牧光二,フィエールマン,"Declaration of War",,,,,,,,,,,,,,,,,,,,,,,,,,,
4,,4,リリカルフレア,牝,2,432,,,1,2.9, ,  0,,55,,,津村明秀,(美),畠山吉宏,ポエティックフレア,スクリーンヒーロー,,ロイヤルチャージャー系,,,,,,,,,,,,,,,,,,,,,,,,,
5,,5,オオセイケイ,牝,2,444,,,3,4.3, ,  0,,55,,,横山武史,(美),竹内正洋,サートゥルナーリア,ディープインパクト,,ロイヤルチャージャー系,,,,,,,,,,,,,,,,,,,,,,,,,
6,,6,ニューロファイター,牡,2,486,,,5,7.1, ,  0,,55,,,レーン,(美),和田勇介,シルバーステート,"Circular Quay",,,,,,,,,,,,,,,,,,,,,,,,,,,
7,,7,ベアアミーチ,牝,2,434,,,7,29.5, ,  0,,55,,,丹内祐次,(美),杉浦宏昭,ミスチヴィアスアレックス,スウェプトオーヴァーボード,,ネイティヴダンサー系,,,,,,,,,,,,,,,,,,,,,,,,,
レースID(新),日付S,曜日,場所,開催,R,レース名,クラス名,芝・ダート,距離,コース区分,コーナー回数,馬場状態(暫定),天候(暫定),フルゲート頭数,発走時刻,性別限定,重量種別,年齢限定
2026060605030105,2026.6.6,土,東京,3東1,5,,新馬,芝,1600,C,2,良(暫定),曇(暫定),18,12:30,,馬齢,２歳
枠番,B,番,馬名S,性別,年齢,人気, 単勝,ZI印,ZI,ZI順,斤量,減M,替,騎手,所属,調教師,父,母父,父タイプ,母父タイプ,月,日,開催,前走間隔,ﾚｰｽ名･1走前,芝・ダ,距離,馬場状態,B,騎手,斤量,減,人気,単勝オッズ,着順,着差,マイニング順位,通過順1,2,3,4,Ave-3F,上り3F,上3F順位,1(2)着馬
1,,1,ウィンターブリーズ,牡,2,3,7.9, ,  0,,55,,,レーン,(美),田中博康,ホットロッドチャーリー,Shackleford,,,,,,,,,,,,,,,,,,,,,,,,,,,
2,,2,フィリオソラーレ,牡,2,1,1.3, ,  0,,55,,,ルメール,(美),木村哲也,エピファネイア,ハービンジャー,,ニアークティック系,,,,,,,,,,,,,,,,,,,,,,,,,
3,,3,レオリアライズ,牝,2,8,57.4, ,  0,,55,,,佐々木大,(美),牧光二,デクラレーションオブウォー,ルーラーシップ,,ネイティヴダンサー系,,,,,,,,,,,,,,,,,,,,,,,,,
4,,4,アテナブレイブ,牝,2,6,22.6, ,  0,,55,,,横山和生,(美),手塚貴徳,サリオス,エピファネイア,,,,,,,,,,,,,,,,,,,,,,,,,,,
5,,5,スクリプトール,牡,2,5,22.1, ,  0,,55,,,石川裕紀,(美),手塚貴久,ミッキーアイル,"High Chaparral",,ニアークティック系,,,,,,,,,,,,,,,,,,,,,,,,,
6,,6,クシェドゥソレイユ,牝,2,2,4.7, ,  0,,55,,,横山武史,(美),田村康仁,エフフォーリア,"Pioneerof the Nile",,ネイティヴダンサー系,,,,,,,,,,,,,,,,,,,,,,,,,
7,,7,コウソクレムリア,牝,2,7,54.6, ,  0,,55,,,武藤雅,(美),武藤善則,ジャンダルム,"Catcher In The Rye",ロイヤルチャージャー系,,,,,,,,,,,,,,,,,,,,,,,,,,
8,,8,アミノショコラ,牡,2,9,97.8, ,  0,,55,,,原田和真,(美),杉浦宏昭,ダノンスマッシュ,ハーツクライ,,ロイヤルチャージャー系,,,,,,,,,,,,,,,,,,,,,,,,,
8,,9,エリステソーロ,牡,2,4,16.4, ,  0,,55,,,菅原明良,(美),田中剛,キタサンブラック,"Uncle Mo",,ナスルーラ系,,,,,,,,,,,,,,,,,,,,,,,,,
レースID(新),日付S,曜日,場所,開催,R,レース名,クラス名,芝・ダート,距離,コース区分,コーナー回数,馬場状態(暫定),天候(暫定),フルゲート頭数,発走時刻,性別限定,重量種別,年齢限定
2026060605030106,2026.6.6,土,東京,3東1,6,,未勝利,ダート,1600,,2,稍(暫定),曇(暫定),16,13:00,,馬齢,３歳
枠番,B,番,馬名S,性別,年齢,人気, 単勝,ZI印,ZI,ZI順,斤量,減M,替,騎手,所属,調教師,父,母父,父タイプ,母父タイプ,月,日,開催,前走間隔,ﾚｰｽ名･1走前,芝・ダ,距離,馬場状態,B,騎手,斤量,減,人気,単勝オッズ,着順,着差,マイニング順位,通過順1,2,3,4,Ave-3F,上り3F,上3F順位,1(2)着馬
1,,1,フェンリル,牡,3,8,17.6, ,109,3,57,,*,佐々木大,(美),高木登,ドレフォン,"Sea The Stars",,ニアークティック系,2,10,1東4,初,新馬,ダ,1600,稍,,菅原,57.0,,4,7.2,6,2.1,2,,,10,10,37.62,39.1,4,ステラデルークス
1,B,2,ホウオウファラオ,牡,3,11,21.6, , 91,11,57,,,岩田康誠,(美),奥村武,"American Pharoah","The Gurkha",,,4,18,3中7,3,未勝利,ダ,1800,良,,岩田,57.0,,9,83.2,8,1.5,8,9,8,9,9,38.95,38.4,7,サウジバラード
2,,3,ファーザーアウェイ,牡,3,3,8.7, ,107,5,57,,*,三浦皇成,(美),尾関知人,エピファネイア,ハーツクライ,,ロイヤルチャージャー系,4,5,3中4,11,未勝利,芝,2000,重,,田辺,57.0,,3,5.8,4,0.9,2,9,9,8,8,37.07,36.6,4,コスモナエマ
2,,4,ポッドジーク,牡,3,7,16.3, ,108,4,57,,*,荻野極,(美),畠山吉宏,キズナ,Sageburg,,,2,10,2京4,3,未勝利,ダ,1800,良,,吉村,57.0,,4,10.7,4,2.5,3,1,1,1,1,39.05,40.2,6,ワンダフルデイズ
3,B,5,ショービット,牡,3,16,93.7, , 85,14,57,,*,武藤雅,(美),小笠倫弘,フィレンツェファイア,オルフェーヴル,,,4,2,船橋,10,ナイス,ダ,1600,不,,佐野,55.0,☆,10,,5,1.6,,10,10,9,8,,----,,プレザントトーン
3,,6,ロングミックス,牡,3,5,9.8, ,  0,,57,,,横山典弘,(美),村田一誠,ベンバトル,ローエングリン,,ニアークティック系,,,,,,,,,,,,,,,,,,,,,,,,,
4,B,7,パンパネイラ,セ,3,14,38.7, ,102,8,57,,,吉田豊,(美),高橋文雅,ドレフォン,ダイワメジャー,,ロイヤルチャージャー系,5,9,2東5,7,未勝利,ダ,1600,良,,吉田,57.0,,8,55.2,9,2.1,5,,,3,4,37.26,38.5,12,アンシュウマト
4,B,8,アオイミズホ,牡,3,1,4.2, ,120,1,57,,,戸崎圭太,(美),古賀慎明,ビーチパトロール,ダイワメジャー,,ロイヤルチャージャー系,5,16,2東7,4,未勝利,ダ,1600,良,B,戸崎,57.0,,2,3.2,2,0.3,1,,,1,1,37.44,37.3,7,ターフクリスタル
5,,9,ドゥーニ,牡,3,12,22.8, ,105,7,57,,,津村明秀,(美),矢嶋大樹,マテラスカイ,ネオユニヴァース,,ロイヤルチャージャー系,5,16,2東7,9,未勝利,ダ,1600,良,,津村,57.0,,7,19.1,5,0.7,9,,,10,10,37.98,36.8,4,ターフクリスタル
5,B,10,ノリキング,牡,3,4,9.3, ,101,9,57,,,北村宏司,(美),伊藤大士,モーニン,ダイワメジャー,,ロイヤルチャージャー系,5,24,2東A,2,未勝利,ダ,1600,稍,B,北村,57.0,,12,119.8,4,1.0,8,,,1,1,35.88,39.1,10,コパノエイダン
6,,11,ラッキースウィッチ,牡,3,2,4.4, ,112,2,57,,*,ルメール,(美),蛯名正義,"Lucky Vega",Galileo,,ニアークティック系,3,22,2中8,2,未勝利,ダ,1800,良,,荻野,57.0,,3,7.9,4,1.1,2,3,2,4,4,38.00,40.5,3,イーグルロック
6,B,12,モウレツ,牡,3,15,75.6, , 82,15,57,,,原田和真,(美),蛯名利弘,モーニン,ローエングリン,,ニアークティック系,1,24,1中8,2,未勝利,ダ,1800,良,,原田,57.0,,15,836.9,15,6.7,14,13,13,13,15,38.85,44.4,15,テイクオンミー
7,,13,テンオンスゴールド,牡,3,6,14.2, ,106,6,57,,,江田照男,(美),田中剛,オルフェーヴル,ダノンシャンティ,,ロイヤルチャージャー系,11,15,3福3,13,未勝利*,ダ,1700,良,,江田,56.0,,8,25.3,4,1.1,12,2,2,2,2,37.85,38.5,8,ロミオ
7,B,14,ウインファイネスト,牡,3,9,17.7, , 88,13,57,,*,ゴンサル,(美),鹿戸雄一,ゴールドシップ,ブラックホーク,,ニアークティック系,5,16,1新5,8,未勝利,芝,1800,良,,長浜,56.0,☆,15,127.7,13,1.8,11,,,6,7,37.35,35.2,13,アナザーフェイス
8,B,15,タマモブレイキン,牡,3,10,21.4, , 98,10,57,,,菊沢一樹,(美),伊藤圭三,ブリックスアンドモルタル,ハーツクライ,,ロイヤルチャージャー系,5,16,1新5,2,未勝利,ダ,1800,良,B,菊沢,57.0,,8,66.7,6,1.5,7,10,10,6,6,38.50,39.1,6,ボールドタワー
8,,16,タニセンローマ,牡,3,13,27.0, , 90,12,57,,*,斎藤新,(美),斎藤誠,シャンハイボビー,シンボリクリスエス,,ロイヤルチャージャー系,5,2,2東3,5,未勝利,ダ,2100,重,,岩田,57.0,,7,33.9,8,1.8,7,6,6,7,7,38.52,38.3,7,リオンサーガ
レースID(新),日付S,曜日,場所,開催,R,レース名,クラス名,芝・ダート,距離,コース区分,コーナー回数,馬場状態(暫定),天候(暫定),フルゲート頭数,発走時刻,性別限定,重量種別,年齢限定
2026060605030107,2026.6.6,土,東京,3東1,7,,未勝利,芝,2000,C,3,良(暫定),曇(暫定),16,13:30,,馬齢,３歳
枠番,B,番,馬名S,性別,年齢,人気, 単勝,ZI印,ZI,ZI順,斤量,減M,替,騎手,所属,調教師,父,母父,父タイプ,母父タイプ,月,日,開催,前走間隔,ﾚｰｽ名･1走前,芝・ダ,距離,馬場状態,B,騎手,斤量,減,人気,単勝オッズ,着順,着差,マイニング順位,通過順1,2,3,4,Ave-3F,上り3F,上3F順位,1(2)着馬
1,,1,ブライスフェアリー,牝,3,14,52.7, ,105,7,55,,,松岡正海,(美),堀内岳志,ウインブライト,ナリタトップロード,,その他のエクリプス系,5,24,2東A,3,未勝利,芝,1800,良,,松岡,55.0,,7,27.5,5,1.2,5,,3,3,2,36.90,35.2,11,ルーリングクラス
1,,2,アールグレイ,牝,3,4,8.4, ,114,5,55,,,原優介,(美),蛯名正義,スワーヴリチャード,"Giant's Causeway",,ニアークティック系,5,16,2東7,3,未勝利・牝,芝,2000,良,,原優,55.0,,5,17.2,4,0.1,11,,1,1,1,36.94,34.2,10,カンティーナ
2,,3,シアワセチョウサン,牝,3,16,67.7, , 81,15,53,△,*,舟山瑠泉,(美),小島茂之,ホークビル,ファルブラヴ,,ニアークティック系,3,28,3中1,初,未勝利,ダ,1800,重,,杉原,55.0,,15,163.0,15,10.0,15,11,11,14,15,38.90,45.8,15,グランドスウェル
2,,4,マイネルシュラハト,牡,3,12,48.5, ,104,8,57,,*,柴田大知,(美),畠山吉宏,ベンバトル,ディープインパクト,,ロイヤルチャージャー系,2,28,2中1,4,未勝利,芝,2000,良,,石神,54.0,▲,8,24.3,12,0.6,6,3,3,3,3,36.90,36.2,17,セットエトワール
3,,5,プリヴィマーク,牡,3,11,45.5, , 89,11,57,,*,武藤雅,(美),池上昌和,バゴ,ディープインパクト,ナスルーラ系,ロイヤルチャージャー系,1,31,1東1,初,新馬,芝,1800,良,,ハマ,57.0,,12,79.3,15,1.6,3,,6,8,8,37.60,34.6,15,リッツパーティー
3,,6,ショウナンマルチ,牡,3,1,3.2, ,117,3,57,,,ルメール,(美),大竹正博,グレーターロンドン,ウォーエンブレム,,ネイティヴダンサー系,5,17,2東8,25,未勝利,芝,2400,良,,ルメ,57.0,,1,1.5,3,0.6,3,4,4,2,2,36.53,35.3,6,ウルフマン
4,,7,シークレットシティ,牡,3,10,37.8, ,  0,,57,,,大野拓弥,(美),辻哲英,サングレーザー,フェノーメノ,,,,,,,,,,,,,,,,,,,,,,,,,,,
4,,8,ヤマメホープ,牡,3,5,9.2, ,120,2,57,,*,戸崎圭太,(美),久保田貴,コントレイル,"Hard Spun",,ニアークティック系,5,23,2東9,4,未勝利,芝,2000,良,,田辺,57.0,,6,9.3,2,0.2,4,,10,9,7,37.37,33.6,3,ボニープリンス
5,,9,イニスフェイル,牡,3,2,3.4, ,122,1,57,,,ゴンサル,(美),稲垣幸雄,フィエールマン,ロードカナロア,,,5,17,2東8,11,未勝利,芝,1800,良,,ゴン,57.0,,3,10.7,3,0.1,5,,13,11,11,37.00,33.2,1,クカイリモク
5,,10,アッシズオブローズ,牝,3,3,8.1, ,117,3,55,,*,レーン,(美),尾関知人,アドマイヤマーズ,ルーラーシップ,,ネイティヴダンサー系,4,19,3中8,14,未勝利,芝,2000,良,,岩田,55.0,,5,16.4,2,0.1,4,4,4,4,4,36.60,35.1,4,ウェイクフィールド
6,,11,ナズドゥラヴィ,牝,3,8,32.2, , 86,14,55,,*,丸田恭介,(美),田中勝春,ジャスタウェイ,ディープブリランテ,,ロイヤルチャージャー系,1,10,1中3,初,新馬・牝,ダ,1800,良,,伊藤,55.0,,9,47.2,11,4.8,7,10,11,12,12,41.35,41.2,5,ガーヴィ
6,,12,モンドシュピーゲル,牡,3,7,30.7, ,102,9,57,,*,菊沢一樹,(美),天間昭一,"Palace Pier",Acclamation,,,8,3,3名4,2,未勝利*,芝,2000,良,,国分,55.0,,4,12.5,3,1.2,4,1,1,1,1,38.27,35.2,5,ユヴァスキュラ
7,,13,カワイクテゴメン,牝,3,6,15.0, ,101,10,55,,,丸山元気,(美),田中勝春,Australia,Dundeel,,,5,10,1新4,14,未勝利・牝,芝,1800,良,,丸山,55.0,,11,45.0,4,0.6,15,,,14,14,38.10,33.5,1,ファストフォワード
7,,14,アルバニクス,牝,3,15,58.6, , 89,11,52,▲,*,小林美駒,(美),田村康仁,ダノンバラード,キングカメハメハ,,ネイティヴダンサー系,3,29,3中2,16,未勝利・牝,ダ,1800,稍,,杉原,55.0,,16,587.9,9,2.8,13,15,15,15,11,39.20,39.8,5,クイーンズホリデー
8,,15,ハスカップジャム,牝,3,9,34.4, , 89,11,55,,*,丹内祐次,(美),中舘英二,フィエールマン,"Fusaichi Pegasus",,ネイティヴダンサー系,2,15,1東6,初,新馬,ダ,1600,良,,長浜,53.0,△,15,172.4,6,0.8,14,,,11,11,37.92,37.4,2,タイセイジェイド
8,,16,ブルーリファール,牡,3,13,48.9, ,110,6,57,,,石橋脩,(美),小野次郎,ブラックタイド,カジノドライヴ,ロイヤルチャージャー系,ナスルーラ系,5,23,2東9,3,未勝利,芝,2000,良,,石橋,57.0,,9,72.0,5,0.5,6,,8,6,4,37.24,34.2,8,ボニープリンス
レースID(新),日付S,曜日,場所,開催,R,レース名,クラス名,芝・ダート,距離,コース区分,コーナー回数,馬場状態(暫定),天候(暫定),フルゲート頭数,発走時刻,性別限定,重量種別,年齢限定
2026060605030108,2026.6.6,土,東京,3東1,8,,1勝,ダート,1600,,2,稍(暫定),曇(暫定),16,14:01,牝,定量,３上
枠番,B,番,馬名S,性別,年齢,人気, 単勝,ZI印,ZI,ZI順,斤量,減M,替,騎手,所属,調教師,父,母父,父タイプ,母父タイプ,月,日,開催,前走間隔,ﾚｰｽ名･1走前,芝・ダ,距離,馬場状態,B,騎手,斤量,減,人気,単勝オッズ,着順,着差,マイニング順位,通過順1,2,3,4,Ave-3F,上り3F,上3F順位,1(2)着馬
1,,1,リバースザトレンド,牝,4,11,34.4, ,119,2,56,,*,横山和生,(美),中舘英二,ブリックスアンドモルタル,ディープブリランテ,,ロイヤルチャージャー系,7,27,2新2,15,１勝ｸﾗｽ,ダ,1800,良,,荻野,53.0,,2,4.4,4,0.2,8,12,9,2,2,38.45,37.8,5,アールプロスト
1,,2,サファイアテソーロ,牝,3,13,52.7,>,107,5,53,,,木幡巧也,(美),高木登,シニスターミニスター,クロフネ,ナスルーラ系,ニアークティック系,5,10,2東6,20,未勝利・牝,ダ,1600,良,,木幡,55.0,,3,6.8,1,-0.2,10,,,8,8,37.56,37.3,2,(バーヴァンシー)
2,,3,ヴンダーバール,牝,3,1,1.6, ,127,1,53,,,横山武史,(美),斎藤誠,ナダル,オルフェーヴル,,,5,17,2東8,24,１勝ｸﾗｽ・牝*,ダ,1600,良,,横山,55.0,,2,3.0,2,0.2,4,,,1,1,36.54,36.5,2,ジュワネング
2,,4,ファンシーズ,牝,3,4,20.2, , 95,14,50,▲,*,石田拓郎,(美),尾形和幸,ルヴァンスレーヴ,ルーラーシップ,,ネイティヴダンサー系,5,17,2東8,2,１勝ｸﾗｽ・牝*,ダ,1600,良,,大野,55.0,,7,61.9,4,1.6,5,,,5,5,37.02,37.1,4,ジュワネング
3,B,5,マーキュリーダイム,牝,4,14,57.8, , 99,9,56,,,丹内祐次,(美),室井潔,"Medaglia d'Oro","Creative Cause",ニアークティック系,ニアークティック系,3,28,3中1,11,１勝ｸﾗｽ・牝,ダ,1800,重,,丹内,56.0,,8,28.8,7,3.0,13,7,7,8,8,37.90,40.1,6,タマモカンパネラ
3,,6,エコールナヴァール,牝,3,6,22.9, , 96,13,53,,*,戸崎圭太,(美),森一誠,アドマイヤマーズ,クロフネ,,ニアークティック系,2,28,2中1,6,１勝ｸﾗｽ・牝*,芝,1800,良,,松山,55.0,,8,47.3,7,1.1,3,1,1,1,1,35.80,36.6,7,フロレセール
4,,7,ルージュカルデア,牝,3,10,34.0, , 97,12,53,,*,原優介,(美),加藤征弘,シスキン,ヴィクトワールピサ,,ロイヤルチャージャー系,5,17,2東8,16,１勝ｸﾗｽ・牝*,ダ,1600,良,,ゴン,55.0,,6,16.7,5,1.6,6,,,2,3,36.84,37.4,6,ジュワネング
4,,8,アンディラメナ,牝,3,3,12.6, ,102,8,53,,*,丸山元気,(美),田島俊明,クリソベリル,クロフネ,,ニアークティック系,2,1,2京2,12,１勝ｸﾗｽ・牝*,ダ,1400,良,,団野,55.0,,3,11.0,7,0.8,5,,,9,9,36.38,37.8,5,エブリーポッシブル
5,,9,レイフロレット,牝,5,15,143.8, , 91,15,56,,*,柴田大知,(美),和田雄二,レイデオロ,ハーツクライ,,ロイヤルチャージャー系,4,26,1福6,10,１勝ｸﾗｽ・牝,ダ,1700,良,,鷲頭,54.0,△,11,35.4,9,0.8,13,7,8,7,6,37.31,38.4,9,ユージュアーナ
5,,10,リケアマカロニ,牝,3,9,28.7,>,109,4,53,,*,ゴンサル,(美),小野次郎,ニューイヤーズデイ,"Kitten's Joy",,ニアークティック系,4,25,2東1,4,未勝利・牝,ダ,1600,稍,,横山,55.0,,3,5.3,1,-0.3,3,,,12,11,36.96,37.4,1,(エリカビアリッツ)
6,,11,プルーヴンウィナー,牝,5,5,20.5, ,105,7,56,,,津村明秀,(美),林徹,キズナ,"Pollard's Vision",,ネイティヴダンサー系,5,16,2東7,14,１勝ｸﾗｽ・牝,ダ,1600,良,,津村,56.0,,8,19.8,3,0.7,4,,,9,9,37.14,36.4,3,チギリ
6,B,12,ミライヘノティアラ,牝,3,7,23.8,>,106,6,53,,,北村宏司,(美),伊藤大士,サートゥルナーリア,"Giant's Causeway",,ニアークティック系,5,17,2東8,3,未勝利・牝,ダ,1600,良,B,北村,55.0,,3,6.3,1,-1.1,1,,,1,1,36.30,38.2,4,(ビレッジルイーザ)
7,,13,トキメキジニア,牝,4,16,193.4, , 90,16,56,,*,丸田恭介,(美),佐藤吉勝,コパノリッキー,ダンスインザダーク,,ロイヤルチャージャー系,5,10,2東6,8,１勝ｸﾗｽ,ダ,1300,良,,秋山,56.0,,14,158.7,13,1.6,12,,,6,6,36.86,37.3,15,キミハスコール
7,,14,エアトベーレ,牝,3,12,41.8,>,111,3,53,,,嶋田純次,(美),手塚貴久,レイデオロ,ディープインパクト,,ロイヤルチャージャー系,4,12,1福2,3,未勝利・牝,ダ,1700,良,,嶋田,55.0,,1,2.5,1,-0.2,5,5,6,6,4,37.91,38.2,1,(シンデレラガール)
8,,15,カリヨンアヴォン,牝,3,8,28.6, , 98,11,53,,*,菊沢一樹,(美),勢司和浩,ルヴァンスレーヴ,ロードカナロア,,,3,7,2中3,13,１勝ｸﾗｽ*,ダ,1200,重,,岩田,55.0,,4,6.7,12,2.2,4,,,8,7,33.80,38.8,12,レッドスティンガー
8,,16,エムノビアンカ,牝,3,2,5.4, , 99,9,52,☆,,長浜鴻緒,(美),古賀慎明,マクフィ,ローエングリン,,ニアークティック系,4,5,3中4,6,１勝ｸﾗｽ*,ダ,1800,重,,長浜,53.0,△,12,50.0,6,0.7,14,3,3,2,2,36.85,38.8,7,テンカムテキ
レースID(新),日付S,曜日,場所,開催,R,レース名,クラス名,芝・ダート,距離,コース区分,コーナー回数,馬場状態(暫定),天候(暫定),フルゲート頭数,発走時刻,性別限定,重量種別,年齢限定
2026060605030109,2026.6.6,土,東京,3東1,9,稲城特別,1勝,芝,2400,C,4,良(暫定),曇(暫定),18,14:35,,定量,３上
枠番,B,番,馬名S,性別,年齢,人気, 単勝,ZI印,ZI,ZI順,斤量,減M,替,騎手,所属,調教師,父,母父,父タイプ,母父タイプ,月,日,開催,前走間隔,ﾚｰｽ名･1走前,芝・ダ,距離,馬場状態,B,騎手,斤量,減,人気,単勝オッズ,着順,着差,マイニング順位,通過順1,2,3,4,Ave-3F,上り3F,上3F順位,1(2)着馬
1,,1,トラストボス,牡,5,10,35.6, ,111,6,58,,,三浦皇成,(美),高橋文雅,キズナ,オルフェーヴル,,,3,14,2中5,4,１勝ｸﾗｽ,芝,2500,良,,三浦,58.0,,4,7.8,4,0.3,1,9,9,8,5,37.67,34.8,2,ダノンピクチャー
2,,2,ニシノヒノトリ,牡,3,5,15.4,>,110,7,54,,,津村明秀,(美),手塚貴久,ルーラーシップ,オペラハウス,ネイティヴダンサー系,ニアークティック系,5,9,2東5,6,未勝利,芝,2400,良,,津村,57.0,,1,2.7,1,-0.3,2,4,5,5,2,37.27,34.3,1,(ボンボンベイビー)
3,,3,ヴォートセレスト,牡,3,4,11.5,>, 98,10,54,,*,石川裕紀,(美),奥村武,コントレイル,"American Post",,ネイティヴダンサー系,11,9,5東2,初,新馬,芝,2000,良,,プー,56.0,,3,4.1,1,-0.0,5,,4,4,4,37.46,33.4,1,(アイムイン)
4,,4,リアライズオーラム,セ,4,9,23.5, , 97,11,58,,*,荻野極,(美),上原佑紀,オルフェーヴル,"Majestic Warrior",,ナスルーラ系,3,14,1名1,22,１勝ｸﾗｽ,芝,1600,良,,浜中,58.0,,6,16.1,15,1.3,6,,16,16,16,36.36,34.2,5,スナークピカソ
5,,5,ゲンジ,牡,4,6,17.0, ,116,5,58,,,ゴンサル,(美),尾形和幸,オルフェーヴル,クロフネ,,ニアークティック系,5,10,1新4,2,荒川峡特･1勝,芝,2400,良,,ゴン,58.0,,6,9.3,2,0.6,8,7,6,1,1,37.13,35.7,4,キングズトゥルー
5,,6,リリエンフェルト,牝,5,12,72.5, ,  0,,56,,*,原田和真,(美),上原博之,ルーラーシップ,ダイワメジャー,ネイティヴダンサー系,ロイヤルチャージャー系,3,31,園田,2,Ｃ３一,ダ,1400,稍,,広瀬,55.0,,3,,1,-0.1,,4,4,3,3,,----,,(ウルティマン)
6,,7,ガンバルマン,牡,4,7,18.1, ,118,4,58,,*,菅原明良,(美),萱野浩二,フィエールマン,Kingmambo,,ネイティヴダンサー系,5,24,2東A,2,１勝ｸﾗｽ,芝,2400,良,,原優,58.0,,2,5.4,6,0.4,3,17,17,17,16,36.80,34.2,4,マイネルアウルム
6,,8,エリプティクカーブ,牡,3,2,3.8, ,110,7,54,,*,横山武史,(美),大竹正博,レイデオロ,メジロベイリー,,ロイヤルチャージャー系,5,9,2東5,16,１勝ｸﾗｽ*,芝,1800,良,,ディ,57.0,,2,4.6,4,0.5,3,,10,10,10,36.15,33.6,1,リッツパーティー
7,B,9,サンセットビュー,牝,5,8,20.0, ,120,2,56,,,ディー,(栗),新谷功一,ドゥラメンテ,Tapit,,ナスルーラ系,5,24,2東A,2,１勝ｸﾗｽ,芝,2400,良,B,ディ,56.0,,3,6.9,4,0.2,2,16,16,15,14,36.77,34.1,1,マイネルアウルム
7,,10,ウップヘリーア,牡,3,1,2.7,+,119,3,54,,*,ルメール,(美),黒岩陽一,エピファネイア,キングカメハメハ,,ネイティヴダンサー系,3,28,2阪1,9,毎日杯G3,芝,1800,良,,吉村,57.0,,4,5.1,4,0.6,5,,,6,5,36.05,33.6,3,アルトラムス
8,,11,オリオアルセーリオ,牝,4,11,57.1, ,102,9,56,,*,北村宏司,(美),木村哲也,レイデオロ,ステイゴールド,,ロイヤルチャージャー系,3,14,2中5,11,１勝ｸﾗｽ,芝,2500,良,,杉原,55.0,,5,16.4,6,0.5,4,2,2,2,2,37.48,35.6,6,ダノンピクチャー
8,,12,イブキ,牡,3,3,4.6, ,125,1,54,,*,横山和生,(美),矢野英一,レイデオロ,ゼンノロブロイ,,ロイヤルチャージャー系,5,16,2東7,3,１勝ｸﾗｽ*,芝,2400,良,,原優,57.0,,1,2.7,2,0.0,1,7,7,7,7,37.07,33.9,1,マジョレルブルー
レースID(新),日付S,曜日,場所,開催,R,レース名,クラス名,芝・ダート,距離,コース区分,コーナー回数,馬場状態(暫定),天候(暫定),フルゲート頭数,発走時刻,性別限定,重量種別,年齢限定
2026060605030110,2026.6.6,土,東京,3東1,10,テレビ山梨杯,2勝,芝,1400,C,2,良(暫定),曇(暫定),18,15:10,,ﾊﾝﾃﾞ,３上
枠番,B,番,馬名S,性別,年齢,人気, 単勝,ZI印,ZI,ZI順,斤量,減M,替,騎手,所属,調教師,父,母父,父タイプ,母父タイプ,月,日,開催,前走間隔,ﾚｰｽ名･1走前,芝・ダ,距離,馬場状態,B,騎手,斤量,減,人気,単勝オッズ,着順,着差,マイニング順位,通過順1,2,3,4,Ave-3F,上り3F,上3F順位,1(2)着馬
1,,1,サンタアニタ,牝,4,10,25.4,>,105,10,53,,,斎藤新,(美),斎藤誠,ナダル,アドマイヤムーン,,ネイティヴダンサー系,5,16,1新5,21,１勝ｸﾗｽ,芝,1400,良,,斎藤,56.0,,3,5.0,1,-0.2,8,,,1,1,35.78,34.2,4,(ワンコールアウェイ)
1,B,2,ユキノエミリオ,牡,4,17,86.2, , 88,15,53,,*,木幡初也,(美),竹内正洋,ビッグアーサー,ディープインパクト,,ロイヤルチャージャー系,2,28,1阪3,6,２勝ｸﾗｽ,芝,1400,良,,長岡,58.0,,16,323.9,15,1.0,12,,,17,18,36.15,34.3,7,ブルクトーア
2,,3,クレオズニードル,牝,4,16,80.6, , 97,14,52,,*,吉田豊,(美),和田勇介,ファインニードル,"Seeking the Gold",,ネイティヴダンサー系,12,20,5阪5,4,２勝ｸﾗｽ,芝,1200,良,,和田,55.0,,8,21.8,15,1.5,6,,,1,1,33.30,36.4,15,ブルーアイドガール
2,,4,クレパスキュラー,牡,3,1,2.0,+,132,1,55,,,ルメール,(美),栗田徹,リオンディーズ,ディープインパクト,,ロイヤルチャージャー系,3,15,2中6,12,スプリンG2,芝,1800,良,,ルメ,57.0,,1,2.0,7,0.4,1,10,10,1,1,35.35,35.7,11,アウダーシア
3,,5,ラスティングスノー,牝,3,12,43.3,+,106,8,52,,*,横山琉人,(美),池上昌和,モズアスコット,マンハッタンカフェ,,ロイヤルチャージャー系,3,7,1阪5,12,フィリーG2,芝,1400,良,,松本,55.0,,14,37.8,17,2.0,18,,,2,2,34.35,36.8,17,ギリーズボール
3,,6,ロジケープ,牡,3,4,11.5,>,111,5,54,,,丹内祐次,(美),尾形和幸,ロジユニヴァース,ハーツクライ,,ロイヤルチャージャー系,4,25,1福5,6,雪うさぎ･1勝,芝,1200,良,,丹内,57.0,,1,2.1,1,-0.2,3,,,6,5,33.30,34.5,3,(マナボニート)
4,B,7,タイキエクセロン,牡,7,15,72.8, , 85,17,54,,*,菊沢一樹,(栗),橋田宜長,アメリカンペイトリオット,コマンズ,,ニアークティック系,4,12,2阪6,2,２勝ｸﾗｽ,芝,1600,良,,柴田,56.0,△,10,131.7,11,1.6,10,,,10,11,35.46,34.4,5,ジャサルディア
4,,8,レイユール,牝,4,13,57.1, , 88,15,51,,*,嶋田純次,(美),手塚貴久,キズナ,キングカメハメハ,,ネイティヴダンサー系,4,11,2阪5,3,２勝ｸﾗｽ,ダ,1200,重,,吉村,56.0,,13,129.8,14,1.3,13,,,9,10,35.30,36.7,12,ゼンノツキヨミ
5,,9,ツーネサーン,牡,5,3,10.1, ,119,2,57,,,横山武史,(栗),矢作芳人,Frankel,"Fast Company",ニアークティック系,,5,23,2東9,2,高尾特別･2勝,芝,1400,良,,横山,58.0,,5,8.4,3,0.1,14,,,7,8,36.38,32.9,2,シャイフ
5,B,10,ウインイザナミ,牝,4,5,11.9,>,106,8,53,,*,佐々木大,(美),上原博之,モーリス,ゼンノロブロイ,,ロイヤルチャージャー系,5,10,2東6,4,１勝ｸﾗｽ,芝,1400,良,B,松山,56.0,,4,12.5,1,-0.0,4,,,8,8,35.40,33.5,1,(アセンブリールーム)
6,,11,ファムマルキーズ,牝,3,2,8.4,>,109,7,52,,*,小崎綾也,(栗),大久保龍,キタサンブラック,ワークフォース,,ネイティヴダンサー系,5,2,3京3,5,１勝ｸﾗｽ*,芝,1400,良,,吉村,55.0,,2,3.7,1,-0.1,6,,,2,2,34.88,33.4,3,(スウィッチインラヴ)
6,,12,ゴールドスター,牡,5,11,35.0, ,101,11,56,,,横山和生,(美),奥村武,キズナ,アドマイヤムーン,,ネイティヴダンサー系,5,10,2東6,11,２勝ｸﾗｽ,芝,1400,良,,横山,58.0,,7,13.7,6,0.4,4,,,8,8,35.55,33.6,2,レッドキングリー
7,B,13,ジョヴィアン,牡,6,14,57.2, ,101,11,56,,*,北村宏司,(栗),井上智史,Justify,"Majestic Warrior",,ナスルーラ系,3,1,2中2,4,２勝ｸﾗｽ,ダ,1200,良,B,丸山,58.0,,3,10.4,12,1.8,5,,,14,13,35.80,37.0,8,ラストシャリナ
7,,14,トラスコンガーデン,牝,3,8,23.5,+,100,13,51,,*,江田照男,(美),竹内正洋,ダノンスマッシュ,Bernardini,,ナスルーラ系,5,10,3京6,12,橘Ｓ(L),芝,1400,良,,長岡,55.0,,7,36.5,10,1.6,6,,,7,9,35.25,34.3,10,タガノアラリア
8,,15,スターウェーブ,セ,4,7,15.4, ,110,6,56,,*,三浦皇成,(美),武井亮,Kingman,Dubawi,,ネイティヴダンサー系,4,18,3中7,13,袖ケ浦特･2勝,芝,1200,良,,津村,58.0,,7,14.9,3,0.2,8,,,6,5,33.90,33.4,6,メイショウヨゾラ
8,,16,イゾラフェリーチェ,牝,5,6,14.3, ,115,3,54,,,荻野極,(美),鹿戸雄一,サトノクラウン,ハーツクライ,,ロイヤルチャージャー系,4,12,2阪6,5,２勝ｸﾗｽ,芝,1600,良,,荻野,56.0,,7,40.2,2,0.1,6,,,1,1,34.44,34.6,8,ジャサルディア
8,,17,メイケイバートン,牡,7,9,24.9, ,113,4,56,,*,戸崎圭太,(栗),中竹和也,ミッキーアイル,ジャングルポケット,,ナスルーラ系,5,10,2東6,7,２勝ｸﾗｽ,芝,1400,良,,松山,58.0,,4,10.4,4,0.3,2,,,5,4,35.18,34.0,7,レッドキングリー
レースID(新),日付S,曜日,場所,開催,R,レース名,クラス名,芝・ダート,距離,コース区分,コーナー回数,馬場状態(暫定),天候(暫定),フルゲート頭数,発走時刻,性別限定,重量種別,年齢限定
2026060605030111,2026.6.6,土,東京,3東1,11,麦秋Ｓ,3勝,ダート,1400,,2,稍(暫定),曇(暫定),16,15:45,,ﾊﾝﾃﾞ,３上
枠番,B,番,馬名S,性別,年齢,人気, 単勝,ZI印,ZI,ZI順,斤量,減M,替,騎手,所属,調教師,父,母父,父タイプ,母父タイプ,月,日,開催,前走間隔,ﾚｰｽ名･1走前,芝・ダ,距離,馬場状態,B,騎手,斤量,減,人気,単勝オッズ,着順,着差,マイニング順位,通過順1,2,3,4,Ave-3F,上り3F,上3F順位,1(2)着馬
1,B,1,ドンレパルス,牡,7,6,18.8, ,102,13,57,,*,菅原明良,(美),高木登,ディスクリートキャット,サウスヴィグラス,,ネイティヴダンサー系,3,21,1名3,3,豊明ＳＨ･3勝,ダ,1400,良,B,三浦,58.0,,6,12.3,8,0.8,6,,,9,9,35.70,36.5,4,ドラゴンテイラー
1,,2,オレデイイノカ,牡,8,16,88.8, , 99,15,53,,,松岡正海,(美),古賀慎明,サウスヴィグラス,ダイワメジャー,ネイティヴダンサー系,ロイヤルチャージャー系,4,5,3中4,11,アリエＨ･3勝,ダ,1800,重,,松岡,53.0,,15,121.4,9,1.8,11,4,4,4,4,37.05,39.1,11,メリークリスマス
2,,3,グレイテストソング,牡,4,15,87.4, ,107,7,55,,*,長浜鴻緒,(美),小笠倫弘,モズアスコット,ハーツクライ,,ロイヤルチャージャー系,4,5,3中4,11,アリエＨ･3勝,ダ,1800,重,,国分,55.0,,8,24.8,7,1.4,3,9,9,7,7,37.15,38.5,8,メリークリスマス
2,,4,ゴールドハンマー,牝,4,5,13.6, ,104,10,53,,*,横山典弘,(美),村田一誠,ミスターメロディ,スズカコーズウェイ,,ニアークティック系,4,25,1福5,14,福島中央･3勝,ダ,1150,良,,舟山,56.0,,5,7.8,7,0.8,5,,,10,10,34.69,36.6,3,プレゼンティーア
3,B,5,モーニングマジック,牝,4,4,12.1,>,114,2,54,,,三浦皇成,(美),武藤善則,マインドユアビスケッツ,アグネスタキオン,,ロイヤルチャージャー系,5,9,2東5,8,２勝ｸﾗｽ・牝,ダ,1400,良,B,三浦,56.0,,1,2.7,1,-0.2,1,,,2,2,36.45,36.6,11,(フィドルファドル)
3,B,6,セミマル,牡,6,3,8.9, ,117,1,56,,*,ルメール,(栗),西村真幸,アメリカンペイトリオット,マイネルラヴ,,ネイティヴダンサー系,4,5,2阪4,11,天満橋Ｓ･3勝,ダ,1400,重,B,西村,58.0,,5,11.0,5,0.2,4,,,13,10,35.18,35.7,1,ルークススペイ
4,,7,エイプリルインパリ,牝,4,9,29.8,>,108,6,53,,,小崎綾也,(栗),高橋義忠,リオンディーズ,スウェプトオーヴァーボード,,ネイティヴダンサー系,5,3,2東4,7,２勝ｸﾗｽ,ダ,1300,稍,,小崎,56.0,,1,2.7,1,-0.1,8,,,2,1,34.89,36.7,6,(アルジェンタージョ)
4,,8,ピエマンソン,牡,4,7,18.8, ,104,10,56,,*,丹内祐次,(栗),平田修,ジャスタウェイ,エンパイアメーカー,,ネイティヴダンサー系,4,25,3京1,5,観月橋Ｓ･3勝,ダ,1800,稍,,幸英,58.0,,5,12.8,8,0.8,7,1,1,1,1,36.85,37.9,11,マイノワール
5,,9,メリディアンスター,牡,4,2,4.0,>,113,3,56,,,ディー,(美),加藤征弘,モズアスコット,ゴールドアリュール,,ロイヤルチャージャー系,5,16,2東7,29,立川特別･2勝,ダ,1400,良,,ディ,58.0,,1,2.9,1,-0.1,6,,,7,7,36.68,35.0,1,(ベラジオワールド)
5,,10,クインズデネブ,牝,5,12,32.0, ,102,13,54,,*,吉田豊,(美),小島茂之,カレンブラックヒル,ストラヴィンスキー,,ニアークティック系,4,25,2東1,5,鎌倉Ｓ･3勝,ダ,1400,稍,,杉原,56.0,,7,23.7,8,1.2,6,,,13,13,36.98,35.6,4,ペイシャケイプ
6,,11,オペラプラージュ,セ,5,14,60.9, , 95,16,53,,*,荻野極,(美),上原佑紀,ニューイヤーズデイ,キングカメハメハ,,ネイティヴダンサー系,3,21,1名3,15,豊明ＳＨ･3勝,ダ,1400,良,,富田,53.0,,14,145.9,10,1.1,16,,,14,15,36.08,36.3,3,ドラゴンテイラー
6,,12,スナッピードレッサ,牡,4,1,2.5,>,112,4,57,,,レーン,(美),大竹正博,"Union Rags","Smart Strike",,ネイティヴダンサー系,4,26,2東2,9,２勝ｸﾗｽ,ダ,1400,稍,,レー,58.0,,1,1.2,1,-0.3,2,,,3,3,36.15,35.5,2,(レーティッシュ)
7,,13,シャパリュ,セ,5,13,44.4, ,106,8,55,,*,菊沢一樹,(美),菊沢隆徳,スワーヴリチャード,シンボリクリスエス,,ロイヤルチャージャー系,4,25,2東1,21,鎌倉Ｓ･3勝,ダ,1400,稍,,三浦,58.0,,8,23.9,10,1.5,7,,,2,2,36.23,36.9,12,ペイシャケイプ
7,,14,ワンダラー,牡,4,11,31.9, ,106,8,57,,*,横山武史,(美),黒岩陽一,マクフィ,ルーラーシップ,,ネイティヴダンサー系,5,24,3京A,4,高瀬川Ｓ･3勝,ダ,1200,良,B,酒井,58.0,,4,9.5,8,0.9,5,,,12,11,35.50,35.9,3,アンズアメ
8,,15,メイショウツヨキ,牡,4,8,23.9, ,103,12,55,,*,横山和生,(栗),飯田祐史,アドマイヤマーズ,シニスターミニスター,,ナスルーラ系,4,5,2阪4,17,心斎橋Ｈ･3勝,芝,1400,良,,武豊,55.0,,6,16.6,18,3.4,4,,,5,6,33.83,38.0,18,ミトノオルフェ
8,,16,シュヴァルボヌール,牝,4,10,30.0, ,112,4,54,,*,ゴンサル,(美),加藤征弘,Ulysses,"Oasis Dream",,ニアークティック系,3,28,3中1,15,ブラッド･3勝,ダ,1200,重,,川田,56.0,,1,2.8,6,0.9,2,,,7,9,35.00,36.5,8,エコロエイト
レースID(新),日付S,曜日,場所,開催,R,レース名,クラス名,芝・ダート,距離,コース区分,コーナー回数,馬場状態(暫定),天候(暫定),フルゲート頭数,発走時刻,性別限定,重量種別,年齢限定
2026060605030112,2026.6.6,土,東京,3東1,12,,1勝,ダート,1600,,2,稍(暫定),曇(暫定),16,16:30,,定量,３上
枠番,B,番,馬名S,性別,年齢,人気, 単勝,ZI印,ZI,ZI順,斤量,減M,替,騎手,所属,調教師,父,母父,父タイプ,母父タイプ,月,日,開催,前走間隔,ﾚｰｽ名･1走前,芝・ダ,距離,馬場状態,B,騎手,斤量,減,人気,単勝オッズ,着順,着差,マイニング順位,通過順1,2,3,4,Ave-3F,上り3F,上3F順位,1(2)着馬
1,,1,ユーウェイン,セ,4,14,111.5, , 90,12,58,,*,小林脩斗,(美),本間忍,マインドユアビスケッツ,ディープインパクト,,ロイヤルチャージャー系,5,17,1新6,3,１勝ｸﾗｽ,ダ,1200,良,,嶋田,58.0,,9,57.1,9,2.1,11,,,7,9,36.40,38.0,9,スーパーバイザー
1,,2,ピースサイン,牡,3,4,26.3, , 93,10,55,,*,ゴンサル,(美),浅利英明,ポエティックフレア,"Le Havre",,ナスルーラ系,4,5,3中4,9,１勝ｸﾗｽ*,ダ,1800,重,,佐々,57.0,,13,52.5,10,1.6,6,4,5,6,6,37.00,39.4,11,テンカムテキ
2,,3,タキノボリ,牡,4,10,45.7, , 96,5,58,,,横山和生,(美),勢司和浩,ルヴァンスレーヴ,アグネスデジタル,,ネイティヴダンサー系,5,16,2東7,3,１勝ｸﾗｽ,ダ,1600,良,,横山,58.0,,9,52.6,12,1.3,9,,,14,14,38.10,35.7,1,ノアヴィヴァーチェ
2,,4,ドルビナ,牡,4,8,38.9, , 93,10,58,,*,野中悠太,(美),杉浦宏昭,ミッキーグローリー,カジノドライヴ,,ナスルーラ系,5,17,2東8,5,１勝ｸﾗｽ,芝,1800,良,,木幡,58.0,,7,23.7,14,1.3,7,,11,11,11,37.50,33.8,13,ディープキング
3,,5,ファンタイムギフト,セ,4,3,19.7, ,106,3,58,,*,丹内祐次,(美),相沢郁,ドレフォン,ダイワメジャー,,ロイヤルチャージャー系,5,16,2東7,21,１勝ｸﾗｽ,ダ,1600,良,,田辺,58.0,,5,13.5,7,0.5,3,,,9,7,36.96,36.8,6,ノアヴィヴァーチェ
3,,6,カルフ,セ,5,2,14.4, ,111,2,58,,,原優介,(美),大和田成,カリフォルニアクローム,スズカマンボ,,ロイヤルチャージャー系,5,16,2東7,2,１勝ｸﾗｽ,ダ,1600,良,,原優,58.0,,8,31.2,4,0.2,5,,,2,2,36.30,37.6,15,ノアヴィヴァーチェ
4,,7,アイファーファイト,牡,7,16,167.9, , 82,16,58,,*,松岡正海,(美),的場均,バトルプラン,ステイゴールド,ネイティヴダンサー系,ロイヤルチャージャー系,5,17,1新6,2,１勝ｸﾗｽ,ダ,1800,良,,長浜,57.0,☆,10,110.0,9,2.9,5,7,7,9,10,38.50,40.3,9,ゴルデールスカー
4,,8,ベンメリア,セ,4,15,133.7, , 95,7,58,,*,嶋田純次,(美),奥平雅士,アメリカンペイトリオット,ケイムホーム,,ネイティヴダンサー系,4,12,1福2,16,１勝ｸﾗｽ,ダ,1700,良,,小林,58.0,,13,103.8,8,1.3,13,7,7,9,10,37.69,38.8,9,レイザリオ
5,,9,タイセイエムロード,牡,3,5,31.1, , 96,5,52,▲,,石田拓郎,(美),新開幸一,ゴールドドリーム,キングカメハメハ,,ネイティヴダンサー系,4,5,3中4,12,１勝ｸﾗｽ*,ダ,1800,重,,石田,54.0,▲,10,44.8,9,1.6,9,12,12,14,11,37.25,38.9,8,テンカムテキ
5,,10,ザーフィル,牡,3,1,1.1, ,128,1,55,,,レーン,(美),林徹,Ghaiyyath,Tamayuz,,ネイティヴダンサー系,4,25,2東1,10,１勝ｸﾗｽ*,ダ,1600,稍,,レー,57.0,,2,2.9,2,0.1,2,,,11,12,36.30,36.4,1,ビービークローサー
6,,11,タイセイエキサイト,牡,3,13,109.7, , 94,9,55,,*,黛弘人,(美),青木孝文,アジアエクスプレス,アイルハヴアナザー,,ネイティヴダンサー系,5,24,2東A,2,１勝ｸﾗｽ*,ダ,1400,稍,,木幡,57.0,,13,414.6,9,1.5,10,,,6,5,36.08,37.9,9,ヘリテージブルーム
6,B,12,パッカパッカブー,セ,5,11,51.2, , 86,15,58,,,杉原誠人,(美),堀内岳志,ハービンジャー,ハーツクライ,ニアークティック系,ロイヤルチャージャー系,2,21,1東7,11,１勝ｸﾗｽ,ダ,1400,良,B,杉原,58.0,,16,401.4,12,2.8,12,,,15,15,37.28,36.6,7,スナッピードレッサ
7,,13,カンレイスキー,牡,4,9,43.7, , 95,7,58,,,江田照男,(美),竹内正洋,デクラレーションオブウォー,ホワイトマズル,,ニアークティック系,5,16,2東7,2,１勝ｸﾗｽ,ダ,1600,良,,江田,58.0,,7,28.8,14,1.6,12,,,10,10,37.26,37.4,14,ノアヴィヴァーチェ
7,B,14,レッドシュトラール,セ,4,6,34.1, , 90,12,56,△,*,舟山瑠泉,(美),宮田敬介,リアルインパクト,ジャングルポケット,,ナスルーラ系,4,11,1福1,17,浄土平特･1勝,芝,1800,良,B,野中,58.0,,13,66.1,11,1.1,13,10,10,10,11,35.85,36.4,10,フォルテフィオーレ
8,,15,オンサイト,牡,4,12,108.7, , 88,14,55,▲,,大久保友,(美),岩戸孝樹,アドミラブル,キングズベスト,,ネイティヴダンサー系,5,24,1新8,12,１勝ｸﾗｽ・若,ダ,1200,稍,,大久,55.0,▲,13,83.5,15,2.0,14,,,9,9,35.20,38.2,15,リッキースタイル
8,,16,ザローズハーツ,牝,4,7,36.2, ,106,3,56,,*,佐々木大,(美),大竹正博,ミスターメロディ,キングカメハメハ,,ネイティヴダンサー系,5,16,2東7,3,１勝ｸﾗｽ・牝,ダ,1600,良,,菅原,56.0,,4,7.1,6,1.6,3,,,12,12,37.50,36.7,4,チギリ
レースID(新),日付S,曜日,場所,開催,R,レース名,クラス名,芝・ダート,距離,コース区分,コーナー回数,馬場状態(暫定),天候(暫定),フルゲート頭数,発走時刻,性別限定,重量種別,年齢限定
2026060609030101,2026.6.6,土,阪神,3阪1,1,,未勝利,ダート,1400,,2,良,晴,16,09:50,牝,馬齢,３歳
枠番,B,番,馬名S,性別,年齢,馬体重,増減,馬体重増減,人気, 単勝,ZI印,ZI,ZI順,斤量,減M,替,騎手,所属,調教師,父,母父,父タイプ,母父タイプ,月,日,開催,前走間隔,ﾚｰｽ名･1走前,芝・ダ,距離,馬場状態,B,騎手,斤量,減,人気,単勝オッズ,着順,着差,マイニング順位,通過順1,2,3,4,Ave-3F,上り3F,上3F順位,1(2)着馬
1,,1,コイバナ,牝,3,456,  0,0,5,14.0, ,101,7,53,△,*,田山旺佑,(栗),渡辺薫彦,モズアスコット,ルーラーシップ,,ネイティヴダンサー系,3,22,1名4,2,未勝利・牝,ダ,1800,良,,幸英,55.0,,8,31.8,5,1.3,7,6,6,9,10,38.90,38.5,5,セレーノ
1,,2,キャスケード,牝,3,454,+ 4,+ 4,10,51.7, ,101,7,55,,,長岡禎仁,(栗),高橋亮,ミスターメロディ,ディープインパクト,,ロイヤルチャージャー系,5,24,1新8,3,未勝利・牝,ダ,1200,稍,,長岡,55.0,,9,47.1,5,0.6,6,,,8,8,34.90,38.2,5,アーガイルショア
2,,3,ヴィータリッカ,牝,3,488,,,9,51.0, ,  0,,55,,,亀田温心,(栗),斉藤崇史,モーリス,ハーツクライ,,ロイヤルチャージャー系,,,,,,,,,,,,,,,,,,,,,,,,,
2,,4,アンティスマ,牝,3,494,+14,+14,7,15.3, ,104,5,55,,,太宰啓介,(栗),石橋守,ベンバトル,ハーツクライ,,ロイヤルチャージャー系,2,10,2京4,4,未勝利・牝,ダ,1400,良,,太宰,55.0,,4,5.6,11,1.9,2,,,3,4,36.45,40.3,13,リピ
3,,5,ベストレイク,牝,3,520,- 4,- 4,11,96.2, , 98,9,55,,*,松若風馬,(栗),小崎憲,サートゥルナーリア,フジキセキ,,ロイヤルチャージャー系,2,1,2京2,15,未勝利・牝,ダ,1800,良,,佐々,55.0,,6,21.3,11,3.8,9,1,1,4,5,39.15,41.4,12,グラシアムヘール
3,,6,ダノンベルビュー,牝,3,432,+ 2,+ 2,3,13.2, ,105,4,55,,,川田将雅,(栗),坂口智康,レイデオロ,ディープインパクト,,ロイヤルチャージャー系,4,4,2阪3,3,未勝利,芝,1400,良,,川田,55.0,,4,9.2,9,0.8,3,,,6,6,35.18,35.5,12,マイティキングダム
4,,7,テーオーエリーナ,牝,3,446,+20,+20,14,168.3, , 84,14,55,,*,高杉吏麒,(栗),宮徹,ベストウォーリア,ハービンジャー,,ニアークティック系,10,11,3京3,8,未勝利*,ダ,1200,良,,橋木,52.0,▲,14,159.4,13,2.8,14,,,14,14,36.70,39.0,12,ランスオブキング
4,,8,ルージュエテルナ,牝,3,488,- 2,- 2,4,13.4, ,107,2,55,,*,西塚洸二,(栗),友道康夫,エピファネイア,Tiznow,,マンノウォー系,1,11,1京4,初,新馬・牝,ダ,1800,良,,岩田,55.0,,3,6.6,9,2.0,2,1,1,1,1,37.55,42.1,16,ハッピーラブソング
5,,9,ボンボンブーケ,牝,3,518,-10,-10,16,361.0, , 92,13,51,★,,河原田菜,(栗),渡辺薫彦,イスラボニータ,シンボリクリスエス,,ロイヤルチャージャー系,3,29,1名6,初,未勝利・牝,ダ,1400,良,,河原,51.0,★,12,158.3,16,5.0,13,,,3,6,36.15,41.8,16,ルビドゥソレイユ
5,,10,トリーア,牝,3,442,+ 2,+ 2,6,14.9, , 98,9,55,,,酒井学,(栗),渡辺薫彦,マジェスティックウォリアー,ゴールドアリュール,,ロイヤルチャージャー系,2,28,1阪3,3,未勝利・牝,ダ,1400,良,,酒井,55.0,,11,55.5,6,0.8,7,,,5,3,35.55,39.0,7,ジャンヌドゥレーヴ
6,,11,アクアアイ,牝,3,446,  0,0,1,1.5, ,121,1,55,,,岩田望来,(栗),四位洋文,ドレフォン,キングカメハメハ,,ネイティヴダンサー系,5,16,3京7,6,未勝利,芝,1400,良,,岩田,55.0,,1,2.1,4,0.4,5,,,8,9,35.33,34.2,3,キシャール
6,,12,ジューンマロン,牝,3,440,+ 4,+ 4,8,38.8, ,103,6,55,,*,富田暁,(栗),武英智,ダノンキングリー,Firebreak,,,8,2,3名3,8,未勝利*,芝,1400,良,,バデ,55.0,,2,5.8,4,1.2,4,,,3,3,36.83,34.4,5,タマモイカロス
7,,13,ヴェルメロディ,牝,3,458,+16,+16,13,119.3, , 98,9,55,,,吉村誠之,(栗),福永祐一,モーリス,ディープインパクト,,ロイヤルチャージャー系,4,4,2阪3,11,未勝利,芝,1400,良,,吉村,55.0,,8,26.4,14,1.4,10,,,9,10,35.48,35.7,14,マイティキングダム
7,B,14,ルージュシャラポワ,牝,3,440,-12,-12,12,99.3, , 96,12,55,,*,鮫島克駿,(栗),小林真也,ナダル,ステイゴールド,,ロイヤルチャージャー系,3,14,1阪7,5,未勝利・牝,ダ,1800,良,,角田,55.0,,6,22.8,10,2.8,4,10,9,7,7,39.00,41.1,9,シャンデヴィーニュ
8,B,15,マルベック,牝,3,494,+16,+16,2,6.9, ,106,3,55,,*,国分優作,(栗),坂口智康,ホッコータルマエ,ブライアンズタイム,,ロイヤルチャージャー系,3,29,2阪2,2,未勝利・牝,ダ,1800,良,,吉村,55.0,,1,3.0,9,1.2,1,8,7,8,9,38.80,39.3,8,ロイスター
8,,16,ナイトシンフォニー,牝,3,464,,,15,191.3, ,  0,,52,▲,,和田陽希,(栗),今野貞一,サトノアラジン,ルーラーシップ,,ネイティヴダンサー系,,,,,,,,,,,,,,,,,,,,,,,,,
レースID(新),日付S,曜日,場所,開催,R,レース名,クラス名,芝・ダート,距離,コース区分,コーナー回数,馬場状態(暫定),天候(暫定),フルゲート頭数,発走時刻,性別限定,重量種別,年齢限定
2026060609030102,2026.6.6,土,阪神,3阪1,2,,未勝利,ダート,1200,,2,良,晴,16,10:25,,馬齢,３歳
枠番,B,番,馬名S,性別,年齢,馬体重,増減,馬体重増減,人気, 単勝,ZI印,ZI,ZI順,斤量,減M,替,騎手,所属,調教師,父,母父,父タイプ,母父タイプ,月,日,開催,前走間隔,ﾚｰｽ名･1走前,芝・ダ,距離,馬場状態,B,騎手,斤量,減,人気,単勝オッズ,着順,着差,マイニング順位,通過順1,2,3,4,Ave-3F,上り3F,上3F順位,1(2)着馬
1,,1,デルニエジョイ,牡,3,468,- 2,- 2,7,19.7, ,104,7,57,,,田口貫太,(栗),鈴木孝志,シスキン,ダンスインザダーク,,ロイヤルチャージャー系,5,23,3京9,9,未勝利,ダ,1200,稍,,田口,57.0,,6,10.5,5,0.8,6,,,5,5,35.70,36.9,9,メリフルアス
1,,2,ナムラステラ,牝,3,466,+ 4,+ 4,11,117.3, ,102,8,55,,*,団野大成,(栗),荒川義之,ダノンプレミアム,ダイワメジャー,,ロイヤルチャージャー系,5,3,1新2,2,未勝利,ダ,1200,稍,,丹内,55.0,,6,20.1,9,1.7,5,,,8,8,35.70,38.6,9,エコロボルト
2,,3,シュネードリーム,牝,3,446,+ 6,+ 6,12,121.9, , 98,11,53,◇,*,今村聖奈,(栗),緒方努,ゴールドドリーム,ワイルドラッシュ,,ニアークティック系,3,21,1阪9,3,未勝利,ダ,1200,稍,,藤懸,55.0,,8,112.3,6,1.6,6,,,10,11,37.70,37.2,4,ラヴネヴァーダイズ
2,,4,クレバーキュート,牡,3,464,+ 6,+ 6,14,273.2, , 96,12,57,,*,古川吉洋,(栗),秋山真一,ルーラーシップ,ディープインパクト,ネイティヴダンサー系,ロイヤルチャージャー系,4,18,3中7,3,未勝利,ダ,1200,良,,津村,57.0,,10,128.3,8,1.4,8,,,8,8,36.00,37.7,9,ベアゴーフォー
3,,5,ビスケットアソート,牡,3,470,  0,0,3,5.6, ,119,2,57,,,富田暁,(栗),武英智,マインドユアビスケッツ,エイシンフラッシュ,,,5,3,1新2,11,未勝利,ダ,1200,稍,,富田,57.0,,1,2.5,7,1.6,2,,,2,2,35.00,39.2,11,エコロボルト
3,,6,ジャスパーブレイズ,牡,3,498,- 6,- 6,5,11.9, ,100,10,57,,*,松本大輝,(栗),森秀行,"Beau Liam","Scat Daddy",,ニアークティック系,3,4,川崎,4,マーチ,ダ,1500,不,,笹川,56.0,,3,,3,0.6,,1,1,1,1,,----,,ワンモメンタム
4,,7,グラマラス,牝,3,470,+ 2,+ 2,8,49.1, ,110,4,55,,*,鮫島克駿,(栗),安田翔伍,ニューイヤーズデイ,"Mr. Greeley",,ネイティヴダンサー系,5,9,1新3,2,未勝利・牝,ダ,1200,稍,,斎藤,55.0,,4,7.3,4,1.3,3,,,7,7,35.00,39.2,5,フレンズプラス
4,,8,レーヌペスカ,牝,3,414,- 4,- 4,15,300.7, , 91,15,55,,*,吉田隼人,(栗),角田晃一,クリソベリル,チーフベアハート,,ニアークティック系,4,12,2阪6,初,未勝利・牝,ダ,1400,稍,,高杉,55.0,,12,107.9,10,1.8,15,,,12,12,36.83,37.9,7,ステライヴ
5,,9,インディクイーン,牝,3,472,+ 4,+ 4,16,347.0, , 92,14,52,▲,*,川端海翼,(栗),中村直也,インディチャンプ,Teofilo,,ニアークティック系,5,10,3京6,6,未勝利,ダ,1200,良,,渡辺,55.0,,11,83.2,11,1.4,10,,,12,13,36.20,37.5,7,ビサーロ
5,B,10,ナムラロダン,牡,3,476,+ 4,+ 4,2,3.1, ,123,1,57,,,西村淳也,(栗),長谷川浩,ミッキーアイル,"Storm Cat",,ニアークティック系,5,16,1新5,3,未勝利,ダ,1200,良,B,西村,57.0,,2,3.0,2,0.2,2,,,1,1,34.60,38.6,6,シュヴァルツシルト
6,,11,ヤングジャガー,牡,3,450,  0,0,10,88.2, , 93,13,55,△,*,田山旺佑,(栗),羽月友彦,フォーウィールドライブ,ドゥラメンテ,,,5,2,1新1,28,未勝利,芝,1400,稍,,和田,54.0,▲,9,43.3,11,1.0,16,,,1,1,34.58,38.5,15,アイアムアヒーロー
6,,12,シャインゴーツ,牡,3,452,  0,0,4,11.5, ,109,5,57,,,酒井学,(栗),北出成人,アルアイン,ワイルドラッシュ,,ニアークティック系,5,23,3京9,12,未勝利,ダ,1200,稍,,酒井,57.0,,7,11.6,3,0.5,10,,,3,3,35.50,36.8,6,メリフルアス
7,,13,マカホウ,牡,3,492,+12,+12,9,74.6, ,101,9,57,,*,角田大和,(栗),田中克典,Kingman,Footstepsinthesand,,ニアークティック系,4,25,2東1,3,未勝利,ダ,1400,稍,,矢野,57.0,,9,47.1,9,1.4,7,,,3,3,36.60,38.2,12,カフェシューター
7,B,14,ミルトメテオ,牡,3,498,+ 2,+ 2,6,14.8, ,107,6,55,△,*,柴田裕一,(栗),中竹和也,タワーオブロンドン,ディープインパクト,,ロイヤルチャージャー系,4,26,3京2,8,未勝利,芝,1200,良,B,角田,57.0,,9,36.5,7,0.6,1,,,3,3,33.70,34.4,11,タナスーペルノーバ
8,,15,アルムアポジェ,牝,3,478,+ 2,+ 2,1,2.5, ,119,2,55,,,秋山稔樹,(栗),北出成人,アメリカンペイトリオット,キングカメハメハ,,ネイティヴダンサー系,4,26,3京2,3,未勝利・牝,ダ,1200,良,,秋山,55.0,,3,4.9,2,0.1,4,,,2,2,35.10,36.9,4,ツァレヴナ
8,,16,モズナツノジン,牡,3,494,,,13,142.5, ,  0,,54,▲,,和田陽希,(栗),畑端省吾,モズアスコット,"California Chrome",,,,,,,,,,,,,,,,,,,,,,,,,,,
レースID(新),日付S,曜日,場所,開催,R,レース名,クラス名,芝・ダート,距離,コース区分,コーナー回数,馬場状態(暫定),天候(暫定),フルゲート頭数,発走時刻,性別限定,重量種別,年齢限定
2026060609030103,2026.6.6,土,阪神,3阪1,3,,未勝利,ダート,1800,,4,良(暫定),晴(暫定),16,10:55,牝,馬齢,３歳
枠番,B,番,馬名S,性別,年齢,馬体重,増減,馬体重増減,人気, 単勝,ZI印,ZI,ZI順,斤量,減M,替,騎手,所属,調教師,父,母父,父タイプ,母父タイプ,月,日,開催,前走間隔,ﾚｰｽ名･1走前,芝・ダ,距離,馬場状態,B,騎手,斤量,減,人気,単勝オッズ,着順,着差,マイニング順位,通過順1,2,3,4,Ave-3F,上り3F,上3F順位,1(2)着馬
1,,1,ワイドシャッフエン,牝,3,448,+ 4,+ 4,13,60.6, , 92,12,55,,*,菱田裕二,(栗),秋山真一,アポロケンタッキー,キングカメハメハ,,ネイティヴダンサー系,5,9,3京5,9,未勝利,ダ,1400,良,,幸英,55.0,,11,186.0,11,1.2,6,,,9,10,36.00,37.9,9,オウケンブラッド
1,,2,マクノス,牝,3,422,+ 2,+ 2,1,3.8, ,112,1,55,,,田口貫太,(栗),鈴木孝志,マクフィ,ゴールドアリュール,,ロイヤルチャージャー系,5,24,3京A,6,未勝利・牝,ダ,1800,良,,田口,55.0,,4,13.5,2,0.5,4,3,3,3,2,37.70,39.5,4,オヤツノジカン
2,,3,ワンダージェム,牝,3,478,+16,+16,9,27.6, , 97,10,55,,*,西村淳也,(栗),石坂公一,ワールドエース,エンパイアメーカー,,ネイティヴダンサー系,3,14,1阪7,初,未勝利・牝,ダ,1800,良,,吉村,55.0,,11,67.0,6,1.6,9,10,11,9,7,39.20,39.5,5,シャンデヴィーニュ
2,,4,タントレーベル,牝,3,464,  0,0,7,20.0, ,101,7,55,,,鮫島克駿,(栗),吉村圭司,ミスチヴィアスアレックス,スパイキュール,,ロイヤルチャージャー系,4,11,2阪5,2,未勝利・牝,ダ,1800,重,,鮫島,55.0,,7,39.6,10,2.0,5,4,4,4,5,37.25,40.8,15,イルカンダ
3,,5,リリークリスタル,牝,3,462,-10,-10,16,179.7, ,101,7,52,▲,,川端海翼,(栗),緒方努,クリソベリル,ウォーエンブレム,,ネイティヴダンサー系,3,25,園田,10,諭鶴羽,ダ,1870,重,,川端,52.0,▲,7,,6,2.8,,8,8,7,9,,----,,ランブリングマン
3,,6,アマノガワギンガ,牝,3,460,- 8,- 8,14,72.3, , 83,15,52,▲,*,和田陽希,(栗),畑端省吾,スマートファルコン,ネオユニヴァース,ロイヤルチャージャー系,ロイヤルチャージャー系,5,3,3京4,初,未勝利・牝,ダ,1400,稍,,国分,55.0,,14,216.2,14,2.7,14,,,15,15,37.58,36.6,2,ピカラ
4,,7,ウインロズパレード,牝,3,458,+12,+12,11,49.8, , 90,13,55,,*,国分恭介,(栗),吉田直弘,ニューイヤーズデイ,ホワイトマズル,,ニアークティック系,8,24,2札2,5,未勝利*,芝,1500,良,,ウィ,55.0,,--,,消,----,,,,,,,----,,レッドスティンガー
4,,8,レウコテア,牝,3,470,  0,0,6,19.3, ,100,9,55,,*,幸英明,(栗),西園翔太,ゴールドシップ,ゴールドアリュール,,ロイヤルチャージャー系,5,12,川崎,8,エメラ,ダ,1500,良,,笹川,54.0,,1,,5,0.8,,1,2,2,3,,----,,ルペイドゥロール
5,,9,ヤマニンコルザ,牝,3,440,- 4,- 4,3,5.0, ,102,5,55,,,松若風馬,(栗),長谷川浩,リオンディーズ,ヤマニンセラフィム,,ロイヤルチャージャー系,5,3,3京4,初,未勝利・牝,ダ,1400,稍,,松若,55.0,,8,54.2,6,1.3,11,,,11,10,36.30,36.9,4,ピカラ
5,,10,ドリームキャリー,牝,3,450,  0,0,4,6.2, ,110,2,53,△,,田山旺佑,(栗),新谷功一,シニスターミニスター,ジャングルポケット,ナスルーラ系,ナスルーラ系,3,14,1名1,4,未勝利・牝,ダ,1800,良,,田山,52.0,▲,2,4.1,4,1.2,4,7,7,6,6,38.45,39.3,3,ヴェールミューズ
6,,11,タマモアマルフィ,牝,3,478,+ 4,+ 4,15,118.2, ,102,5,55,,,長岡禎仁,(栗),高橋亮,カリフォルニアクローム,ワイルドラッシュ,,ニアークティック系,3,28,1名5,9,未勝利・牝,ダ,1800,稍,,長岡,55.0,,8,17.9,8,1.7,9,2,2,2,2,38.20,40.5,9,キタノサリスカ
6,,12,ハッピーバンク,牝,3,490,+24,+24,2,4.0, ,108,3,55,,*,吉村誠之,(栗),茶木太樹,アジアエクスプレス,ディープインパクト,,ロイヤルチャージャー系,2,10,2京4,8,未勝利・牝,ダ,1400,良,,西村,55.0,,5,14.8,5,0.4,5,,,13,13,37.58,37.3,1,リピ
7,,13,エイル,牝,3,454,,,10,28.4, ,  0,,55,,,小沢大仁,(栗),高野友和,キタサンブラック,Siyouni,,ニアークティック系,,,,,,,,,,,,,,,,,,,,,,,,,
7,,14,ファントムグレース,牝,3,476,- 6,- 6,12,59.6, , 96,11,53,◇,*,永島まな,(栗),本田優,サトノダイヤモンド,"Empire Maker",,ネイティヴダンサー系,5,17,3京8,3,未勝利・牝,ダ,1800,良,,太宰,55.0,,10,125.8,8,1.1,14,11,11,11,12,38.65,38.8,5,シエーナカラー
8,,15,ダノンロワール,牝,3,470,+10,+10,8,20.2, , 89,14,55,,*,団野大成,(栗),池添学,ダノンプレミアム,ジャスタウェイ,,,4,5,2阪4,初,未勝利・牝,ダ,1400,重,,吉村,55.0,,12,100.5,10,1.0,12,,,6,7,35.63,37.6,10,ジーティーアリア
8,,16,ソルアモール,牝,3,460,- 4,- 4,5,12.4, ,104,4,55,,,荻野琢真,(栗),宮本博,ドレフォン,スペシャルウィーク,,ロイヤルチャージャー系,5,24,3京A,14,未勝利・牝,ダ,1800,良,,荻野,55.0,,11,86.4,3,0.6,10,6,6,5,4,37.90,39.2,3,オヤツノジカン
レースID(新),日付S,曜日,場所,開催,R,レース名,クラス名,芝・ダート,距離,コース区分,コーナー回数,馬場状態(暫定),天候(暫定),フルゲート頭数,発走時刻,性別限定,重量種別,年齢限定
2026060609030104,2026.6.6,土,阪神,3阪1,4,,未勝利,芝,1200,B,2,良(暫定),晴(暫定),16,11:25,,馬齢,３歳
枠番,B,番,馬名S,性別,年齢,馬体重,増減,馬体重増減,人気, 単勝,ZI印,ZI,ZI順,斤量,減M,替,騎手,所属,調教師,父,母父,父タイプ,母父タイプ,月,日,開催,前走間隔,ﾚｰｽ名･1走前,芝・ダ,距離,馬場状態,B,騎手,斤量,減,人気,単勝オッズ,着順,着差,マイニング順位,通過順1,2,3,4,Ave-3F,上り3F,上3F順位,1(2)着馬
1,,1,チョウギャル,牝,3,436,+ 4,+ 4,15,161.5, , 96,10,55,,,加藤祥太,(栗),羽月友彦,トーセンラー,ワイルドラッシュ,,ニアークティック系,3,29,1名6,9,未勝利,芝,1200,良,,加藤,55.0,,15,268.0,12,1.6,14,,,9,7,34.90,35.5,16,メローネ
1,,2,ドゥボヌール,牝,3,404,- 2,- 2,9,41.7, ,104,8,55,,*,吉村誠之,(栗),奥村豊,モーリス,ヴィクトワールピサ,,ロイヤルチャージャー系,5,24,1新8,17,未勝利,芝,1200,稍,,和田,52.0,▲,9,39.1,4,0.5,5,,,2,2,34.80,36.3,10,マイネルユーゲント
2,,3,タナブイハチターボ,牡,3,500,- 4,- 4,3,4.0, ,128,1,57,,,幸英明,(栗),大根田裕,イスラボニータ,ソングオブウインド,,ネイティヴダンサー系,5,16,3京7,2,未勝利,芝,1400,良,,幸英,57.0,,2,3.2,2,0.1,1,,,3,2,35.10,34.2,3,キシャール
2,,4,スイートポメロ,牝,3,388,- 2,- 2,7,27.0, ,105,7,52,▲,,和田陽希,(栗),森田直行,ダノンプレミアム,ショウナンカンプ,,ナスルーラ系,5,9,1新3,3,未勝利・若,芝,1200,良,,和田,52.0,▲,8,16.9,4,0.5,13,,,3,3,33.90,36.8,11,ソードスレイプニル
3,,5,ハクサンテドリガワ,牝,3,440,+ 8,+ 8,6,24.0, ,107,5,55,,,団野大成,(栗),小崎憲,ハクサンムーン,デュランダル,,ロイヤルチャージャー系,3,28,2阪1,3,未勝利,ダ,1200,稍,,団野,55.0,,4,9.6,7,1.2,9,,,4,4,35.10,38.6,12,レッドレベンディス
3,,6,プリュスエクラ,牝,3,444,+ 2,+ 2,5,19.7, ,111,4,55,,,鮫島克駿,(栗),小林真也,エイシンフラッシュ,ヴィクトワールピサ,,ロイヤルチャージャー系,5,9,3京5,8,未勝利,芝,1400,良,,鮫島,55.0,,8,39.4,4,0.4,6,,,1,1,34.73,34.4,11,キングケープ
4,,7,タマモパルファン,牝,3,468,,,13,119.9, ,  0,,55,,,角田大和,(栗),角田晃一,サンダースノー,ブラックタイド,,ロイヤルチャージャー系,,,,,,,,,,,,,,,,,,,,,,,,,
4,B,8,ハギノデュア,牝,3,428,  0,0,12,118.6, , 85,12,55,,*,藤懸貴志,(栗),高野友和,ブリックスアンドモルタル,シンボリクリスエス,,ロイヤルチャージャー系,4,4,2阪3,初,未勝利・牝,ダ,1800,稍,,鮫島,55.0,,13,265.6,14,4.4,11,13,13,13,13,39.20,40.2,14,ペトリコール
5,,9,リアララ,牝,3,492,,,2,3.4, ,  0,,53,,,川田将雅,(栗),中内田充,"Home Affairs",Zoustar,,,,,,,,,,,,,,,,,,,,,,,,,,,
5,,10,ルビーブロンド,牝,3,444,- 2,- 2,10,95.5, , 98,9,55,,,国分恭介,(栗),笹田和秀,モズアスコット,サウスヴィグラス,,ネイティヴダンサー系,4,26,1福6,9,未勝利,芝,1200,良,,国分,55.0,,8,37.2,9,0.7,5,,,6,5,35.10,35.0,10,ララアルカー
6,,11,リアンマカ,牡,3,440,+ 1,+ 1,11,113.6, , 84,13,57,,*,松若風馬,(栗),高橋一哉,マインドユアビスケッツ,"Le Havre",,ナスルーラ系,4,7,川崎,15,エイプ,ダ,1500,重,,和田,53.0,▲,8,,5,1.8,,6,7,7,6,,----,,サヨノマックスラブ
6,,12,アンガーザガール,牝,3,460,+ 8,+ 8,4,6.6, ,114,3,55,,,西村淳也,(栗),東田明士,リオンディーズ,サクラバクシンオー,,ナスルーラ系,2,15,2京6,3,未勝利,芝,1600,良,,西村,55.0,,3,7.1,3,0.7,5,,,2,2,35.76,35.2,6,アヴィオン
7,,13,オラロア,牡,3,528,+10,+10,8,30.5, ,106,6,55,△,*,田山旺佑,(栗),西園翔太,マインドユアビスケッツ,ブラックタイド,,ロイヤルチャージャー系,3,28,1名5,10,未勝利,ダ,1400,稍,,斎藤,57.0,,2,10.4,13,2.6,7,,,1,1,35.18,40.6,16,リサシテーション
7,,14,タマモマリアージュ,牝,3,438,+15,+15,14,133.9, , 87,11,53,△,,鷲頭虎太,(栗),井上智史,デクラレーションオブウォー,ハーツクライ,,ロイヤルチャージャー系,3,11,名古,11,名古屋,ダ,1500,良,,鷲頭,53.0,△,3,,6,1.9,,7,7,6,7,,----,,イルダメリーノ
8,B,15,カルロット,牡,3,504,- 8,- 8,1,3.1, ,120,2,57,,,武豊,(栗),武幸四郎,リオンディーズ,ファルブラヴ,,ニアークティック系,5,23,3京9,12,未勝利,芝,1200,良,B,武豊,57.0,,4,6.4,2,0.1,6,,,13,13,35.00,33.5,1,ヤマニンフェイエル
8,,16,フェイトブレイカー,セ,3,464,,,16,174.5, ,  0,,57,,,国分優作,(栗),坂口智康,マジェスティックウォリアー,アドマイヤオーラ,,ロイヤルチャージャー系,,,,,,,,,,,,,,,,,,,,,,,,,
レースID(新),日付S,曜日,場所,開催,R,レース名,クラス名,芝・ダート,距離,コース区分,コーナー回数,馬場状態(暫定),天候(暫定),フルゲート頭数,発走時刻,性別限定,重量種別,年齢限定
2026060609030105,2026.6.6,土,阪神,3阪1,5,,新馬,芝,1600,B,2,良(暫定),晴(暫定),18,12:15,,馬齢,２歳
枠番,B,番,馬名S,性別,年齢,人気, 単勝,ZI印,ZI,ZI順,斤量,減M,替,騎手,所属,調教師,父,母父,父タイプ,母父タイプ,月,日,開催,前走間隔,ﾚｰｽ名･1走前,芝・ダ,距離,馬場状態,B,騎手,斤量,減,人気,単勝オッズ,着順,着差,マイニング順位,通過順1,2,3,4,Ave-3F,上り3F,上3F順位,1(2)着馬
1,,1,タイドビート,牡,2,3,5.0, ,  0,,55,,,松山弘平,(栗),藤野健太,イスラボニータ,"Lope de Vega",,,,,,,,,,,,,,,,,,,,,,,,,,,
2,,2,シャプシュ,牝,2,5,13.2, ,  0,,53,△,,田山旺佑,(栗),新谷功一,コントレイル,ロードカナロア,,,,,,,,,,,,,,,,,,,,,,,,,,,
3,,3,ロジクラウン,牡,2,1,2.4, ,  0,,55,,,川田将雅,(栗),須貝尚介,サトノクラウン,アグネスタキオン,,ロイヤルチャージャー系,,,,,,,,,,,,,,,,,,,,,,,,,
4,,4,シャインラブ,牝,2,4,10.6, ,  0,,55,,,西村淳也,(栗),井上智史,オルフェーヴル,"El Corredor",,ネイティヴダンサー系,,,,,,,,,,,,,,,,,,,,,,,,,
5,,5,ジーティーサクラ,牝,2,2,2.4, ,  0,,55,,,北村友一,(栗),吉岡辰弥,キタサンブラック,"Mizzen Mast",,ナスルーラ系,,,,,,,,,,,,,,,,,,,,,,,,,
6,,6,エコロラーダ,牡,2,6,15.2, ,  0,,55,,,坂井瑠星,(栗),大久保龍,レイデオロ,"Fastnet Rock",,その他のエクリプス系,,,,,,,,,,,,,,,,,,,,,,,,,
レースID(新),日付S,曜日,場所,開催,R,レース名,クラス名,芝・ダート,距離,コース区分,コーナー回数,馬場状態(暫定),天候(暫定),フルゲート頭数,発走時刻,性別限定,重量種別,年齢限定
2026060609030106,2026.6.6,土,阪神,3阪1,6,,未勝利,ダート,1800,,4,良(暫定),晴(暫定),16,12:45,,馬齢,３歳
枠番,B,番,馬名S,性別,年齢,人気, 単勝,ZI印,ZI,ZI順,斤量,減M,替,騎手,所属,調教師,父,母父,父タイプ,母父タイプ,月,日,開催,前走間隔,ﾚｰｽ名･1走前,芝・ダ,距離,馬場状態,B,騎手,斤量,減,人気,単勝オッズ,着順,着差,マイニング順位,通過順1,2,3,4,Ave-3F,上り3F,上3F順位,1(2)着馬
1,,1,ロードファイター,牡,3,8,22.3, ,107,4,57,,,団野大成,(栗),東田明士,ホッコータルマエ,ネオユニヴァース,,ロイヤルチャージャー系,5,23,3京9,3,未勝利,ダ,1800,稍,,団野,57.0,,7,28.8,4,1.1,3,5,4,5,7,37.95,39.4,4,フォーオール
1,,2,クールブレーブ,牝,3,15,151.1, , 85,16,55,,,国分優作,(栗),松下武士,キンシャサノキセキ,"Invincible Spirit",ロイヤルチャージャー系,ニアークティック系,5,16,3京7,初,未勝利・牝,ダ,1400,良,,国分,55.0,,15,338.8,13,3.1,11,,,15,15,37.58,38.0,10,ルージュバロン
2,B,3,ジーティーピカソ,牡,3,3,5.2, ,109,3,57,,*,西村淳也,(栗),宮地貴稔,ヴァンゴッホ,Zensational,,ネイティヴダンサー系,3,22,1名4,3,未勝利,ダ,1800,良,B,吉村,57.0,,2,4.5,8,1.1,12,9,10,11,11,38.70,38.4,7,ルーナディサングエ
2,,4,アライブテーラー,牝,3,14,96.1, , 86,15,52,▲,,川端海翼,(栗),緒方努,シニスターミニスター,"Dylan Thomas",ナスルーラ系,ニアークティック系,5,17,3京8,19,未勝利,ダ,1400,良,,川端,52.0,▲,14,226.7,13,2.5,15,,,10,11,36.30,39.0,14,ジャカルタバオ
3,,5,スパルタンエックス,牡,3,7,21.7, ,102,7,55,△,*,田山旺佑,(栗),東田明士,ダノンプレミアム,ゼンノロブロイ,,ロイヤルチャージャー系,5,16,3京7,11,未勝利,芝,1800,良,,松若,57.0,,6,23.3,10,1.1,11,,,3,3,35.50,35.3,12,ロサルゴサ
3,,6,ゴールデンドラゴン,牡,3,6,18.1, , 96,12,57,,,松若風馬,(栗),宮本博,フィエールマン,タートルボウル,,ニアークティック系,2,15,1小8,3,未勝利,ダ,1700,稍,,松若,57.0,,8,34.7,8,0.9,6,8,8,8,8,37.80,38.2,4,サムシングニュー
4,,7,リリーサンダー,牡,3,5,16.7, ,107,4,57,,,松山弘平,(栗),緒方努,ミスチヴィアスアレックス,ディープインパクト,,ロイヤルチャージャー系,5,16,3京7,7,未勝利,ダ,1800,良,,松山,57.0,,3,7.1,4,0.9,4,1,1,1,2,38.10,38.1,7,ゴールドコット
4,,8,カラバッシュ,牡,3,4,14.4, , 92,13,57,,,北村友一,(栗),寺島良,サートゥルナーリア,"Not For Sale",,ナスルーラ系,5,16,3京7,初,未勝利,芝,2400,良,,北村,57.0,,7,26.1,8,1.2,8,8,8,10,10,37.27,35.1,6,サトノビダーヤ
5,,9,レッドフロイデ,牡,3,1,2.7, ,123,1,57,,,高杉吏麒,(栗),大久保龍,モーリス,Tapit,,ナスルーラ系,5,16,3京7,3,未勝利,ダ,1800,良,B,高杉,57.0,,1,1.6,2,0.1,1,2,2,2,1,38.15,37.2,2,ゴールドコット
5,,10,ブラストオフ,牡,3,11,28.8, ,100,8,57,,*,長岡禎仁,(栗),石橋守,パイロ,ディープスカイ,ナスルーラ系,ロイヤルチャージャー系,4,11,2阪5,初,未勝利,ダ,1800,重,,高杉,57.0,,3,16.8,11,4.7,6,13,13,11,12,37.55,41.4,10,ジュンドラドラ
6,,11,ティアーズクィーン,牝,3,13,71.6, , 98,10,55,,,田口貫太,(栗),平田修,リアルスティール,ヴィクトワールピサ,,ロイヤルチャージャー系,5,17,3京8,34,未勝利・牝,ダ,1800,良,,田口,55.0,,7,24.1,11,1.2,6,11,12,6,7,38.45,39.3,9,シエーナカラー
6,,12,ニシノエビガタメ,牡,3,10,24.5, ,106,6,57,,,幸英明,(栗),吉村圭司,シルバーステート,Heliostatic,,,5,10,3京6,6,未勝利,ダ,1900,良,,幸英,57.0,,5,19.6,4,0.4,5,10,10,10,10,38.68,37.7,1,カイラーサ
7,,13,マイトグラッド,牡,3,16,220.7, , 90,14,57,,,城戸義政,(栗),荒川義之,サトノアラジン,フレンチデピュティ,,ニアークティック系,5,26,金沢,23,加賀医,ダ,1500,良,,城戸,57.0,,5,,4,1.4,,5,5,5,5,,----,,グリュイエール
7,,14,メイショウコシュウ,牡,3,2,3.9, ,115,2,57,,,武豊,(栗),松永幹夫,ナダル,スズカマンボ,,ロイヤルチャージャー系,5,23,3京9,33,未勝利,ダ,1800,稍,,武豊,57.0,,1,2.3,3,0.8,1,5,4,5,4,37.95,39.1,3,フォーオール
8,,15,ベルアズーロ,牡,3,12,47.9, , 99,9,57,,,吉村誠之,(栗),西村真幸,フィレンツェファイア,"Medaglia d'Oro",,ニアークティック系,5,10,3京6,4,未勝利,芝,2000,良,,吉村,57.0,,6,18.2,12,2.6,5,5,5,6,4,36.09,37.6,12,アトレッタ
8,,16,イニシオ,牡,3,9,24.2, , 98,10,55,◇,*,永島まな,(栗),福永祐一,キタサンブラック,ステイゴールド,,ロイヤルチャージャー系,5,24,2東A,17,未勝利,ダ,1600,稍,,松山,57.0,,7,20.3,14,3.9,15,,,2,2,36.12,41.6,15,コパノエイダン
レースID(新),日付S,曜日,場所,開催,R,レース名,クラス名,芝・ダート,距離,コース区分,コーナー回数,馬場状態(暫定),天候(暫定),フルゲート頭数,発走時刻,性別限定,重量種別,年齢限定
2026060609030107,2026.6.6,土,阪神,3阪1,7,,未勝利,芝,1600,B,2,良(暫定),晴(暫定),18,13:15,,馬齢,３歳
枠番,B,番,馬名S,性別,年齢,人気, 単勝,ZI印,ZI,ZI順,斤量,減M,替,騎手,所属,調教師,父,母父,父タイプ,母父タイプ,月,日,開催,前走間隔,ﾚｰｽ名･1走前,芝・ダ,距離,馬場状態,B,騎手,斤量,減,人気,単勝オッズ,着順,着差,マイニング順位,通過順1,2,3,4,Ave-3F,上り3F,上3F順位,1(2)着馬
1,,1,グッデイ,牝,3,8,29.5, ,106,3,55,,,秋山稔樹,(栗),河嶋宏樹,フィエールマン,ロードカナロア,,,5,17,3京8,2,未勝利・牝,芝,1600,良,,秋山,55.0,,12,68.8,5,0.3,11,,,2,2,35.10,35.2,10,ペプチドブッドレア
1,,2,モンシーク,牡,3,1,1.8, ,120,1,57,,,松山弘平,(栗),橋口慎介,スクリーンヒーロー,ディープインパクト,ロイヤルチャージャー系,ロイヤルチャージャー系,5,9,3京5,12,未勝利,芝,1400,良,,松山,57.0,,1,2.3,3,0.2,1,,,4,4,35.18,33.6,1,キングケープ
2,B,3,オメガヒストリー,牡,3,11,35.4, , 93,11,57,,*,岡田祥嗣,(栗),安田翔伍,イスラボニータ,"Bahamian Bounty",,,3,21,1阪9,3,未勝利,ダ,1400,稍,B,横山,57.0,,10,92.2,12,2.6,8,,,13,14,37.13,37.9,6,ポッドリプル
2,,4,シャロン,牝,3,18,133.7, , 88,15,55,,*,鮫島克駿,(栗),杉山晴紀,コントレイル,"American Pharoah",,,3,21,1名3,2,未勝利,芝,2000,良,,団野,55.0,,15,202.4,17,3.4,15,5,6,4,7,37.63,37.0,18,エイシンウィスパー
3,,5,ビーチェマーレ,牡,3,5,14.0, ,106,3,57,,*,西塚洸二,(栗),友道康夫,ロードカナロア,Siyouni,,ニアークティック系,12,14,5阪4,3,未勝利*,ダ,1400,稍,,武豊,56.0,,5,12.0,6,1.4,14,,,7,5,35.70,38.5,6,カナタコナタ
3,B,6,テンタイムトップ,牝,3,13,65.3, , 96,10,55,,,亀田温心,(栗),高柳大輔,ナダル,デュランダル,,ロイヤルチャージャー系,5,17,1新6,22,未勝利・牝,ダ,1800,良,,亀田,55.0,,10,36.0,9,2.2,12,3,3,3,4,38.00,41.8,11,オーケーリアン
4,,7,ロールスワン,牡,3,3,8.3, ,  0,,57,,,西村淳也,(栗),中内田充,ダノンプレミアム,Australia,,,,,,,,,,,,,,,,,,,,,,,,,,,
4,B,8,ダイメイプリンス,牡,3,16,123.8, , 91,13,54,▲,*,森田誠也,(栗),森田直行,シルバーステート,キングヘイロー,,ニアークティック系,3,22,1阪A,7,未勝利,ダ,1200,良,,田口,57.0,,6,29.5,12,2.9,7,,,12,13,37.60,38.2,11,ヴォンドゥ
5,,9,ネッカーズルム,牡,3,6,15.7, ,104,6,57,,*,高杉吏麒,(栗),藤野健太,フォーウィールドライブ,"Royal Applause",,ニアークティック系,5,16,1新5,12,未勝利,芝,1600,良,,丹内,57.0,,10,49.8,6,0.3,5,,,5,5,36.30,34.6,5,ミラキュラスアース
5,,10,フェブリノ,牝,3,15,95.8, ,100,7,55,,*,国分恭介,(栗),加藤公太,マクフィ,ヨハネスブルグ,,ニアークティック系,5,26,浦和,4,ツイン,ダ,1400,稍,,和田,54.0,,3,,4,1.0,,6,4,4,3,,----,,ホールドミーワンス
6,,11,レインボーステート,牡,3,2,7.1, ,119,2,57,,,国分優作,(栗),茶木太樹,シルバーステート,キンシャサノキセキ,,ロイヤルチャージャー系,5,31,3京C,4,未勝利,芝,1600,良,,国分,57.0,,7,16.6,2,0.1,6,,,9,9,35.58,34.3,4,エイシンビーコン
6,B,12,テリオスヒナ,牝,3,17,126.7, , 91,13,52,▲,*,和田陽希,(栗),小椋研介,ヴァンセンヌ,サクラプレジデント,,ロイヤルチャージャー系,5,23,1新7,12,未勝利,芝,1400,稍,,川須,55.0,,13,100.1,13,1.2,16,,,3,3,35.85,36.7,14,ミスターマーボー
7,,13,マヤノイマジン,牝,3,12,47.1, ,  0,,53,◇,,古川奈穂,(栗),矢作芳人,コントレイル,Frankel,,ニアークティック系,,,,,,,,,,,,,,,,,,,,,,,,,
7,,14,レッドパラジウム,牡,3,4,13.9, ,105,5,57,,,吉村誠之,(栗),清水久詞,キタサンブラック,ロードカナロア,,,5,16,3京7,3,未勝利,芝,1800,良,,吉村,57.0,,4,17.9,9,1.1,10,,,3,3,35.60,35.1,10,ロサルゴサ
7,,15,ケンブリッジグレイ,牝,3,10,34.2, ,100,7,53,△,*,田山旺佑,(栗),渡辺薫彦,マインドユアビスケッツ,チチカステナンゴ,,ナスルーラ系,3,21,1名3,2,未勝利,芝,1400,良,B,河原,51.0,★,9,30.4,8,0.8,8,,,1,1,34.28,36.2,16,ペアレンツギフト
8,,16,ディアーモルタル,牝,3,14,80.2, , 88,15,55,,,団野大成,(栗),宮本博,ブリックスアンドモルタル,フジキセキ,,ロイヤルチャージャー系,4,26,3京2,11,未勝利,芝,1200,良,,団野,55.0,,15,151.4,10,0.8,14,,,11,10,34.50,33.8,3,タナスーペルノーバ
8,,17,ラジャブルック,牡,3,9,31.7, ,100,7,57,,*,北村友一,(栗),高野友和,ナダル,ディープインパクト,,ロイヤルチャージャー系,4,11,2阪5,7,未勝利,ダ,1400,重,,鮫島,57.0,,7,22.8,9,2.2,7,,,11,10,35.33,38.3,8,ゼロヴィジビリティ
8,B,18,エリカアズーラ,牝,3,7,28.1, , 92,12,55,,*,岩田望来,(栗),友道康夫,ロードカナロア,Siyouni,,ニアークティック系,5,16,3京7,3,未勝利,芝,1800,良,,北村,55.0,,8,75.9,12,2.3,5,,,5,8,35.70,36.1,14,ロサルゴサ
レースID(新),日付S,曜日,場所,開催,R,レース名,クラス名,芝・ダート,距離,コース区分,コーナー回数,馬場状態(暫定),天候(暫定),フルゲート頭数,発走時刻,性別限定,重量種別,年齢限定
2026060609030108,2026.6.6,土,阪神,3阪1,8,,1勝,芝,2200,B,4,良(暫定),晴(暫定),18,13:45,,定量,３上
枠番,B,番,馬名S,性別,年齢,人気, 単勝,ZI印,ZI,ZI順,斤量,減M,替,騎手,所属,調教師,父,母父,父タイプ,母父タイプ,月,日,開催,前走間隔,ﾚｰｽ名･1走前,芝・ダ,距離,馬場状態,B,騎手,斤量,減,人気,単勝オッズ,着順,着差,マイニング順位,通過順1,2,3,4,Ave-3F,上り3F,上3F順位,1(2)着馬
1,,1,ミッドタウンナイト,牝,4,9,69.9, ,104,9,56,,*,秋山稔樹,(栗),河嶋宏樹,ブラックタイド,"Anabaa Blue",ロイヤルチャージャー系,ニアークティック系,5,16,1新5,13,石打特別･1勝,芝,1800,良,B,ゴン,56.0,,6,19.6,11,1.2,4,,,3,4,36.25,35.6,13,ルールーリマ
2,,2,ゴールドアクセス,牡,3,6,8.7,>,108,6,54,,,武豊,(栗),寺島良,ゴールドアクター,キングヘイロー,,ニアークティック系,3,22,1阪A,7,未勝利,芝,2400,良,,武豊,57.0,,1,2.7,1,-0.0,4,7,5,5,4,37.90,34.4,3,(ミエノクラウン)
3,,3,ワンダフルデイズ,牡,3,4,5.2, ,113,3,54,,,Ｍ．デム,(栗),高橋義忠,ルーラーシップ,ディープインパクト,ネイティヴダンサー系,ロイヤルチャージャー系,5,16,3京7,5,あずさ賞･1勝,芝,2000,良,,Ｍ．,57.0,,7,19.5,3,0.1,5,10,10,10,8,36.04,33.9,1,レッドラージャ
4,,4,サンライズグラシア,牡,4,8,24.0, ,115,1,58,,*,坂井瑠星,(栗),矢作芳人,サートゥルナーリア,"Danehill Dancer",,ニアークティック系,10,18,3京6,15,１勝ｸﾗｽ,芝,2000,良,,西村,56.0,,3,4.0,2,0.2,3,4,4,2,2,36.30,35.8,3,バガン
5,,5,マイバレンタイン,牡,3,3,5.1,>,105,8,54,,,田口貫太,(栗),池江泰寿,キズナ,"Kitten's Joy",,ニアークティック系,3,28,1名5,2,未勝利,芝,2200,良,,田口,57.0,,4,10.7,1,-0.0,3,4,3,4,3,36.53,35.8,7,(マジョレルブルー)
6,,6,ヨカオウ,牡,3,2,5.1, ,107,7,52,△,,田山旺佑,(栗),谷潔,キズナ,スクワートルスクワート,,ネイティヴダンサー系,5,16,3京7,3,あずさ賞･1勝,芝,2000,良,,田山,57.0,,8,22.9,4,0.1,7,6,6,7,5,35.83,34.4,3,レッドラージャ
7,,7,ガウディ,牡,3,1,3.2,+,111,4,54,,,松山弘平,(栗),上村洋行,レイデオロ,ハービンジャー,,ニアークティック系,2,21,1阪1,6,すみれＳ(L),芝,2200,良,,松山,57.0,,7,19.2,4,0.5,2,6,6,5,3,36.64,35.2,3,ラージアンサンブル
8,,8,フウセン,牡,3,5,6.6,>,109,5,54,,,鮫島克駿,(栗),杉山晴紀,コントレイル,"Afleet Alex",,ネイティヴダンサー系,4,25,3京1,8,未勝利,芝,2200,良,,鮫島,57.0,,1,2.9,1,-0.2,4,5,5,3,3,36.68,34.7,1,(コスモフィレンツェ)
8,,9,オーシンエス,牡,4,7,22.3, ,115,1,58,,,高杉吏麒,(栗),宮徹,デクラレーションオブウォー,ディープインパクト,,ロイヤルチャージャー系,5,17,3京8,7,１勝ｸﾗｽ,芝,2000,良,,高杉,58.0,,3,5.9,3,0.5,1,7,7,7,7,36.21,34.9,7,サミダレナイツ
レースID(新),日付S,曜日,場所,開催,R,レース名,クラス名,芝・ダート,距離,コース区分,コーナー回数,馬場状態(暫定),天候(暫定),フルゲート頭数,発走時刻,性別限定,重量種別,年齢限定
2026060609030109,2026.6.6,土,阪神,3阪1,9,城崎特別,1勝,芝,1800,B,2,良(暫定),晴(暫定),18,14:20,,定量,３上
枠番,B,番,馬名S,性別,年齢,人気, 単勝,ZI印,ZI,ZI順,斤量,減M,替,騎手,所属,調教師,父,母父,父タイプ,母父タイプ,月,日,開催,前走間隔,ﾚｰｽ名･1走前,芝・ダ,距離,馬場状態,B,騎手,斤量,減,人気,単勝オッズ,着順,着差,マイニング順位,通過順1,2,3,4,Ave-3F,上り3F,上3F順位,1(2)着馬
1,,1,ジェゼロ,牡,4,6,14.1, ,110,4,58,,*,団野大成,(栗),須貝尚介,サートゥルナーリア,ファルブラヴ,,ニアークティック系,5,23,3京9,3,１勝ｸﾗｽ,芝,1800,良,,戸崎,58.0,,4,9.0,9,0.7,3,,,3,2,36.80,34.3,13,マディソンガール
2,B,2,フレイムスター,牡,3,5,12.6, ,113,3,55,,*,吉村誠之,(栗),清水久詞,ドレフォン,ディープインパクト,,ロイヤルチャージャー系,5,23,2東9,8,１勝ｸﾗｽ*,ダ,1600,重,B,北村,57.0,,4,11.0,5,1.1,5,,,1,1,36.66,36.4,7,ファイアマン
3,,3,カフジエメンタール,牡,3,1,1.9,+,108,5,55,,*,坂井瑠星,(栗),矢作芳人,ポエティックフレア,キングカメハメハ,,ネイティヴダンサー系,5,9,3京5,6,京都新聞G2,芝,2200,良,,吉村,57.0,,11,36.3,9,0.9,15,11,10,10,11,35.59,35.9,9,コンジェスタス
4,,4,ブラックシャリマー,牡,3,2,3.8, ,123,1,55,,*,西村淳也,(栗),杉山晴紀,キタサンブラック,Tapizar,,ナスルーラ系,4,25,3京1,10,あやめ賞･1勝,芝,1800,良,,吉村,57.0,,2,3.7,2,0.0,4,,,3,2,35.40,34.3,4,ブレットパス
5,,5,エイシンティザー,牡,3,3,7.6, ,123,1,55,,,武豊,(栗),吉村圭司,モズアスコット,Tapit,,ナスルーラ系,5,23,3京9,7,メルボル･1勝,芝,1600,良,,武豊,57.0,,2,4.3,3,0.1,3,,,4,3,35.28,34.2,3,テイエムアイラン
6,,6,ナムラブーニン,牡,5,7,15.8, ,105,6,58,,*,高杉吏麒,(栗),高橋一哉,グレーターロンドン,キングカメハメハ,,ネイティヴダンサー系,5,24,1新8,3,二王子特･1勝,芝,1800,稍,,舟山,58.0,,7,13.5,7,1.1,2,,,8,9,37.20,34.5,5,マイネルアレス
7,B,7,メイショウヒュウガ,牡,6,8,54.5, , 93,8,58,,*,国分優作,(栗),安達昭夫,ダンカーク,キングカメハメハ,,ネイティヴダンサー系,5,17,3京8,3,１勝ｸﾗｽ,芝,2000,良,B,吉村,58.0,,11,72.4,10,1.3,2,3,5,5,4,36.04,36.1,11,サミダレナイツ
8,,8,キタノファーンヒル,牝,3,9,90.6, , 86,9,53,,*,和田陽希,(栗),加藤公太,ヴァンゴッホ,ヴィクトワールピサ,,ロイヤルチャージャー系,4,25,3京1,2,１勝ｸﾗｽ*,ダ,1800,稍,,酒井,55.0,,14,269.1,14,3.2,13,6,6,11,11,37.85,39.8,13,ケンタッキーホーム
8,,9,エンジェルボイス,牡,3,4,9.3,>,103,7,55,,*,岩田望来,(栗),吉村圭司,キズナ,Galileo,,ニアークティック系,5,17,3京8,8,未勝利,芝,2000,良,,佐々,57.0,,5,6.8,1,-0.1,5,10,10,10,9,37.24,33.7,1,(ショウナンアワード)
レースID(新),日付S,曜日,場所,開催,R,レース名,クラス名,芝・ダート,距離,コース区分,コーナー回数,馬場状態(暫定),天候(暫定),フルゲート頭数,発走時刻,性別限定,重量種別,年齢限定
2026060609030110,2026.6.6,土,阪神,3阪1,10,加古川特別,2勝,ダート,1800,,4,良(暫定),晴(暫定),16,14:55,,定量,３上
枠番,B,番,馬名S,性別,年齢,人気, 単勝,ZI印,ZI,ZI順,斤量,減M,替,騎手,所属,調教師,父,母父,父タイプ,母父タイプ,月,日,開催,前走間隔,ﾚｰｽ名･1走前,芝・ダ,距離,馬場状態,B,騎手,斤量,減,人気,単勝オッズ,着順,着差,マイニング順位,通過順1,2,3,4,Ave-3F,上り3F,上3F順位,1(2)着馬
1,,1,クリノフィガロ,牡,5,4,14.0, ,116,2,58,,*,団野大成,(栗),荒川義之,ゴールドシップ,スペシャルウィーク,,ロイヤルチャージャー系,5,24,3京A,2,２勝ｸﾗｽ,ダ,1800,良,,幸英,58.0,,7,28.3,2,0.1,4,3,3,3,2,37.95,37.1,3,サイモンシュバリエ
2,,2,タカサンフェイス,牡,6,5,19.7, ,106,6,58,,*,松山弘平,(栗),森田直行,ゴールドシップ,クロフネ,,ニアークティック系,5,10,1新4,21,五泉特Ｈ･2勝,ダ,1800,良,,丸山,55.0,,11,33.6,5,0.5,9,2,2,2,2,36.90,38.8,9,マンオブザマッチ
3,,3,サパテアール,セ,7,11,74.5, , 94,8,58,,,国分優作,(美),畠山吉宏,プリサイスエンド,ダンスインザダーク,ネイティヴダンサー系,ロイヤルチャージャー系,5,24,3京A,3,２勝ｸﾗｽ,ダ,1800,良,B,国分,58.0,,8,67.7,12,1.7,9,7,4,4,7,38.05,38.5,12,サイモンシュバリエ
4,B,4,バトンインディ,牡,5,3,9.1, ,109,5,58,,,幸英明,(栗),安達昭夫,パイロ,キングカメハメハ,ナスルーラ系,ネイティヴダンサー系,5,3,3京4,4,六波羅特･2勝,ダ,1800,稍,B,幸英,58.0,,4,11.8,4,0.5,4,2,3,2,2,36.90,37.5,4,レヴァンテシチー
5,,5,ドゥラエテルノ,牡,4,2,5.5, ,113,3,58,,*,武豊,(栗),武幸四郎,ドゥラメンテ,ハービンジャー,,ニアークティック系,5,10,2東6,3,日吉特別･2勝,ダ,2100,良,,浜中,58.0,,4,6.0,3,0.2,3,5,5,4,4,37.96,36.8,4,ロードブレイズ
5,,6,ボクマダネムイヨ,牡,3,1,1.5,>,118,1,55,,,川田将雅,(栗),東田明士,クリソベリル,エンパイアメーカー,,ネイティヴダンサー系,5,24,3京A,13,１勝ｸﾗｽ*,ダ,1900,良,,川田,57.0,,1,2.0,1,-0.8,2,11,11,9,8,37.43,37.7,1,(ホールオブミラーズ)
6,,7,タイガースパーク,牡,6,7,23.2, ,110,4,58,,,田口貫太,(栗),大橋勇樹,リオンディーズ,ストリートセンス,,ネイティヴダンサー系,5,24,3京A,11,２勝ｸﾗｽ,ダ,1800,良,,田口,58.0,,4,11.1,3,0.7,7,9,9,10,10,38.30,37.0,2,サイモンシュバリエ
6,,8,ゴルデールスカー,牡,6,8,25.8,>,105,7,58,,*,坂井瑠星,(栗),加藤公太,モーリス,フレンチデピュティ,,ニアークティック系,5,17,1新6,6,１勝ｸﾗｽ,ダ,1800,良,,舟山,56.0,△,2,3.5,1,-0.3,6,2,2,2,2,37.85,38.7,3,(アバレリュウ)
7,B,9,プライベートアイズ,牡,4,6,20.7, , 94,8,58,,*,鮫島克駿,(栗),小栗実,マジェスティックウォリアー,ネオユニヴァース,,ロイヤルチャージャー系,5,16,2東7,3,立川特別･2勝,ダ,1400,良,B,丸田,58.0,,7,21.8,11,2.3,9,,,8,8,36.75,37.2,10,メリディアンスター
7,,10,ヒデノレインボー,牡,7,10,48.5, , 83,12,58,,,吉村誠之,(栗),梅田智之,シニスターミニスター,ゴールドアリュール,ナスルーラ系,ロイヤルチャージャー系,5,17,3京8,2,２勝ｸﾗｽ,ダ,1900,良,,吉村,58.0,,8,83.9,7,1.0,6,6,6,7,6,37.57,37.5,7,ブルーワール
8,,11,フクキタテーラー,牝,4,9,34.3, , 86,11,56,,,菱田裕二,(栗),緒方努,ルヴァンスレーヴ,アイルハヴアナザー,,ネイティヴダンサー系,5,17,3京8,4,２勝ｸﾗｽ,ダ,1900,良,,菱田,56.0,,7,37.7,6,0.8,5,8,8,8,8,37.66,37.1,4,ブルーワール
8,,12,エクストラノート,セ,9,12,80.1, , 94,8,58,,*,藤懸貴志,(美),加藤和宏,アイルハヴアナザー,ゴールドアリュール,ネイティヴダンサー系,ロイヤルチャージャー系,5,10,1新4,4,五泉特Ｈ･2勝,ダ,1800,良,,菊沢,53.0,,12,71.4,9,1.3,13,11,10,10,10,37.40,38.6,6,マンオブザマッチ
レースID(新),日付S,曜日,場所,開催,R,レース名,クラス名,芝・ダート,距離,コース区分,コーナー回数,馬場状態(暫定),天候(暫定),フルゲート頭数,発走時刻,性別限定,重量種別,年齢限定
2026060609030111,2026.6.6,土,阪神,3阪1,11,垂水Ｓ,3勝,芝,2000,B,4,良(暫定),晴(暫定),16,15:30,,定量,３上
枠番,B,番,馬名S,性別,年齢,人気, 単勝,ZI印,ZI,ZI順,斤量,減M,替,騎手,所属,調教師,父,母父,父タイプ,母父タイプ,月,日,開催,前走間隔,ﾚｰｽ名･1走前,芝・ダ,距離,馬場状態,B,騎手,斤量,減,人気,単勝オッズ,着順,着差,マイニング順位,通過順1,2,3,4,Ave-3F,上り3F,上3F順位,1(2)着馬
1,,1,ミュージシャン,牡,4,1,3.1, ,129,1,58,,,坂井瑠星,(栗),杉山晴紀,ブリックスアンドモルタル,ディープインパクト,,ロイヤルチャージャー系,4,12,2阪6,8,京橋ＳＨ･3勝,芝,2000,良,,坂井,55.0,,2,4.8,2,0.0,5,2,2,2,2,36.51,34.4,9,マイネルエニグマ
2,,2,ジーティーダーリン,牡,4,5,8.3, ,109,5,58,,*,松本大輝,(栗),田中克典,サートゥルナーリア,ハーツクライ,,ロイヤルチャージャー系,2,21,1東7,3,金蹄Ｓ･3勝,ダ,2100,良,,ルメ,57.0,,1,1.9,14,3.7,4,6,6,6,6,37.40,40.9,14,レッドプロフェシー
3,,3,キャントウェイト,牡,5,4,6.8, ,112,3,58,,*,団野大成,(美),萱野浩二,ゴールドシップ,アグネスデジタル,,ネイティヴダンサー系,5,3,2東4,27,府中Ｓ･3勝,芝,2000,良,,石橋,58.0,,14,50.6,3,0.4,18,,8,7,8,35.70,34.2,5,アスクセクシーモア
4,,4,クルミナーレ,牡,5,2,5.5, ,117,2,58,,*,松山弘平,(栗),池江泰寿,ブラックタイド,フレンチデピュティ,ロイヤルチャージャー系,ニアークティック系,4,5,3中4,4,美浦Ｓ･3勝,芝,2000,稍,,荻野,58.0,,3,6.0,8,0.4,5,7,7,7,7,37.24,35.0,8,ジュタ
5,,5,ミカッテヨンデイイ,牝,6,8,24.2, , 84,11,56,,*,今村聖奈,(美),室井潔,イスラボニータ,ステイゴールド,,ロイヤルチャージャー系,5,9,2東5,8,分倍河原･3勝,芝,1600,良,,小林,56.0,,10,109.6,10,1.0,8,,,9,9,35.82,33.5,6,アンパドゥ
6,,6,バッデレイト,牡,5,3,5.6, ,110,4,58,,*,岩田望来,(栗),上村洋行,サトノダイヤモンド,スピニングワールド,,ニアークティック系,5,17,1新6,5,弥彦Ｓ･3勝,芝,1800,良,,富田,58.0,,6,12.7,7,0.4,7,,,9,9,38.25,33.0,5,エストゥペンダ
6,,7,エラン,牡,5,7,11.9, ,104,6,58,,*,西村淳也,(美),蛯名正義,ラブリーデイ,ディープインパクト,,ロイヤルチャージャー系,4,19,3中8,4,サンシＨ･3勝,芝,2200,良,,荻野,57.0,,9,15.2,10,0.5,5,11,11,13,12,36.45,34.0,7,パンジャ
7,,8,ミッキーツインクル,牝,6,6,10.7, ,102,7,56,,,中井裕二,(栗),中内田充,ドゥラメンテ,"Astronomer Royal",,,4,26,3京2,4,センテＨ･3勝,芝,1800,良,,中井,55.0,,13,52.1,10,0.6,13,,,9,8,35.00,34.3,10,イガッチ
7,,9,モズマーヴェリック,牡,5,11,53.2, , 96,9,58,,*,Ｍ．デム,(栗),牧浦充徳,リアルスティール,キングカメハメハ,,ネイティヴダンサー系,5,31,2東C,6,ＡＲＦ杯･3勝,ダ,1600,良,,舟山,58.0,,13,177.0,11,2.7,5,,,9,7,35.70,38.5,10,メイショウハチロー
8,,10,ハギノアルデバラン,牡,6,9,26.5, , 99,8,58,,*,高杉吏麒,(栗),佐藤悠太,ジャスタウェイ,アドマイヤムーン,,ネイティヴダンサー系,5,16,2東7,3,六社Ｓ･3勝,芝,2400,良,,原優,58.0,,7,28.6,13,1.6,4,12,13,13,11,36.70,34.6,10,キングスコール
8,,11,イケイケドンドン,牡,6,10,30.6, , 93,10,58,,*,小沢大仁,(美),松山将樹,ワールドエース,ブライアンズタイム,,ロイヤルチャージャー系,5,3,2東4,3,府中Ｓ･3勝,芝,2000,良,,木幡,58.0,,17,131.2,13,1.2,16,,17,17,16,36.00,34.3,6,アスクセクシーモア
レースID(新),日付S,曜日,場所,開催,R,レース名,クラス名,芝・ダート,距離,コース区分,コーナー回数,馬場状態(暫定),天候(暫定),フルゲート頭数,発走時刻,性別限定,重量種別,年齢限定
2026060609030112,2026.6.6,土,阪神,3阪1,12,,1勝,ダート,1400,,2,良(暫定),晴(暫定),16,16:15,,定量,３上
枠番,B,番,馬名S,性別,年齢,人気, 単勝,ZI印,ZI,ZI順,斤量,減M,替,騎手,所属,調教師,父,母父,父タイプ,母父タイプ,月,日,開催,前走間隔,ﾚｰｽ名･1走前,芝・ダ,距離,馬場状態,B,騎手,斤量,減,人気,単勝オッズ,着順,着差,マイニング順位,通過順1,2,3,4,Ave-3F,上り3F,上3F順位,1(2)着馬
1,,1,フェスティヴドレス,牝,3,4,7.2, ,114,2,53,,,岩田望来,(栗),岡田稲男,パイロ,コマンズ,ナスルーラ系,ニアークティック系,5,23,3京9,4,１勝ｸﾗｽ*,ダ,1400,稍,,岩田,55.0,,3,5.8,5,0.4,3,,,6,4,35.03,37.7,7,ソウルオンファイア
1,,2,シュテルンビルト,牡,4,5,11.8, ,113,4,58,,*,松山弘平,(栗),森田直行,レインボーライン,ゴールドアリュール,,ロイヤルチャージャー系,3,14,1阪7,4,１勝ｸﾗｽ,ダ,1400,良,,幸英,58.0,,4,8.2,6,1.2,2,,,6,4,36.08,37.0,10,コーラルクラウン
2,,3,ジューンアゲイン,牡,3,9,20.0,>,111,5,55,,,吉村誠之,(栗),長谷川浩,リオンディーズ,マンハッタンカフェ,,ロイヤルチャージャー系,3,14,1阪7,6,未勝利,ダ,1400,良,,吉村,57.0,,2,3.4,1,-0.0,4,,,5,4,35.93,37.6,3,(タガノプディング)
2,,4,ユーヴェリア,牝,5,15,55.6, , 84,15,54,△,,柴田裕一,(栗),笹田和秀,オルフェーヴル,ファルブラヴ,,ニアークティック系,1,4,1京1,2,１勝ｸﾗｽ,ダ,1200,良,,柴田,54.0,△,13,82.9,15,1.3,13,,,13,13,37.70,36.2,8,イマージョン
3,,5,ルージュバロン,牝,3,1,4.5,>,103,13,53,,,坂井瑠星,(栗),福永祐一,コントレイル,"Union Rags",,,5,16,3京7,8,未勝利・牝,ダ,1400,良,,坂井,55.0,,2,4.6,1,-0.1,2,,,3,2,36.00,37.0,2,(プリンセスアツコ)
3,,6,メイプルギャング,牡,5,13,51.6, ,104,11,54,★,*,河原田菜,(栗),中竹和也,"War Front",Rahy,ニアークティック系,ナスルーラ系,5,23,1新7,9,１勝ｸﾗｽ,ダ,1200,稍,,柴田,56.0,△,9,18.7,5,0.5,6,,,6,5,34.90,37.6,6,ヴェントインコーダ
4,,7,セルズパワー,牡,4,12,38.5, ,109,8,58,,*,幸英明,(栗),牧田和弥,サトノアラジン,ジャングルポケット,,ナスルーラ系,5,24,3京A,3,１勝ｸﾗｽ,ダ,1400,良,,鮫島,58.0,,6,19.1,5,0.6,3,,,11,12,35.78,37.3,2,ジュルナール
4,,8,サマーナイト,牡,4,7,16.7, ,108,9,58,,*,高杉吏麒,(栗),寺島良,ルーラーシップ,アグネスタキオン,ネイティヴダンサー系,ロイヤルチャージャー系,5,23,3京9,4,１勝ｸﾗｽ,ダ,1800,稍,,小崎,58.0,,7,18.9,4,1.1,2,6,7,5,5,38.10,37.6,8,ビルンバウム
5,,9,コマチチャン,牝,3,6,12.1,>,111,5,53,,,松若風馬,(栗),小椋研介,キズナ,スウェプトオーヴァーボード,,ネイティヴダンサー系,2,21,1阪1,8,未勝利・牝,ダ,1200,良,,松若,55.0,,2,5.3,1,-0.1,2,,,15,12,37.40,36.8,1,(アルサック)
5,,10,スレッドザニードル,牡,4,16,71.8, , 97,14,58,,*,国分恭介,(栗),安達昭夫,ファインニードル,フジキセキ,,ロイヤルチャージャー系,11,16,4京4,9,１勝ｸﾗｽ,ダ,1200,良,,古川,57.0,,10,99.6,5,0.9,7,,,10,10,36.30,36.0,3,バッハアルプゼー
6,,11,マダムイグレイン,牝,4,8,17.4, ,111,5,54,◇,,今村聖奈,(栗),飯田祐史,ビッグアーサー,コマンズ,,ニアークティック系,5,16,1新5,7,１勝ｸﾗｽ・牝,ダ,1200,良,,今村,54.0,◇,2,4.5,4,0.9,9,,,4,4,35.10,37.8,3,シャンハイナイト
6,,12,ゴメンネジロー,牡,4,3,5.5, ,118,1,58,,*,武豊,(栗),谷潔,タワーオブロンドン,"Redoute's Choice",,ニアークティック系,5,10,1新4,36,１勝ｸﾗｽ・若,ダ,1200,良,,永島,56.0,◇,1,3.4,3,0.5,5,,,7,7,34.90,37.2,4,フォンメイリー
7,,13,ゼンカイナダル,牡,3,2,4.7,+,114,2,55,,*,西村淳也,(栗),庄野靖志,ナダル,アフリート,,ネイティヴダンサー系,3,15,1名2,3,昇竜Ｓ,ダ,1400,良,,三浦,57.0,,3,6.3,8,1.3,8,,,12,12,36.68,36.4,4,スマートジュリアス
7,,14,アンピュルシオン,牝,4,14,55.2,>, 79,16,56,,*,長岡禎仁,(栗),今野貞一,サトノダイヤモンド,ボストンハーバー,,ナスルーラ系,10,10,笠松,2,Ｃ８組,ダ,1400,良,,渡辺,55.0,,1,,1,-1.4,,1,1,1,1,,----,,(コーシューパンジャ)
8,B,15,メイショウサトノヒ,牡,4,10,24.9, ,105,10,58,,*,角田大和,(栗),長谷川浩,ニューイヤーズデイ,スズカマンボ,,ロイヤルチャージャー系,5,24,1新8,9,１勝ｸﾗｽ・若,ダ,1200,稍,B,河原,54.0,★,8,18.7,5,0.4,4,,,7,6,35.00,36.8,6,リッキースタイル
8,,16,ニシノジェダイ,牡,4,11,29.6, ,104,11,58,,,池添謙一,(栗),宮本博,ゴールドドリーム,バトルライン,,その他のエクリプス系,2,21,1阪1,3,１勝ｸﾗｽ,ダ,1400,良,,池添,58.0,,3,6.7,12,2.0,3,,,6,5,36.45,38.5,13,ザックザク
